frame,adaptive_phase,adaptive_state,adaptive_time_left,fixed_phase,fixed_state,fixed_time_left
46,1,GREEN,15.0,1,GREEN,30.0
47,1,GREEN,14.9,1,GREEN,29.9
48,1,GREEN,14.9,1,GREEN,29.9
49,1,GREEN,14.9,1,GREEN,29.9
50,1,GREEN,14.8,1,GREEN,29.8
51,1,GREEN,14.8,1,GREEN,29.8
52,1,GREEN,14.8,1,GREEN,29.8
53,1,GREEN,14.7,1,GREEN,29.7
54,1,GREEN,14.7,1,GREEN,29.7
55,1,GREEN,14.7,1,GREEN,29.7
56,1,GREEN,14.6,1,GREEN,29.6
57,1,GREEN,14.6,1,GREEN,29.6
58,1,GREEN,14.6,1,GREEN,29.6
59,1,GREEN,14.5,1,GREEN,29.5
60,1,GREEN,14.5,1,GREEN,29.5
61,1,GREEN,14.5,1,GREEN,29.5
62,1,GREEN,14.4,1,GREEN,29.4
63,1,GREEN,14.4,1,GREEN,29.4
64,1,GREEN,14.4,1,GREEN,29.4
65,1,GREEN,14.3,1,GREEN,29.3
66,1,GREEN,14.3,1,GREEN,29.3
67,1,GREEN,14.3,1,GREEN,29.3
68,1,GREEN,14.2,1,GREEN,29.2
69,1,GREEN,14.2,1,GREEN,29.2
70,1,GREEN,14.2,1,GREEN,29.2
71,1,GREEN,14.1,1,GREEN,29.1
72,1,GREEN,14.1,1,GREEN,29.1
73,1,GREEN,14.1,1,GREEN,29.1
74,1,GREEN,14.0,1,GREEN,29.0
75,1,GREEN,14.0,1,GREEN,29.0
76,1,GREEN,14.0,1,GREEN,29.0
77,1,GREEN,13.9,1,GREEN,28.9
78,1,GREEN,13.9,1,GREEN,28.9
79,1,GREEN,13.9,1,GREEN,28.9
80,1,GREEN,13.8,1,GREEN,28.8
81,1,GREEN,13.8,1,GREEN,28.8
82,1,GREEN,13.8,1,GREEN,28.8
83,1,GREEN,13.7,1,GREEN,28.7
84,1,GREEN,13.7,1,GREEN,28.7
85,1,GREEN,13.7,1,GREEN,28.7
86,1,GREEN,13.6,1,GREEN,28.6
87,1,GREEN,13.6,1,GREEN,28.6
88,1,GREEN,13.6,1,GREEN,28.6
89,1,GREEN,13.5,1,GREEN,28.5
90,1,GREEN,13.5,1,GREEN,28.5
91,1,GREEN,13.5,1,GREEN,28.5
92,1,GREEN,13.4,1,GREEN,28.4
93,1,GREEN,13.4,1,GREEN,28.4
94,1,GREEN,13.4,1,GREEN,28.4
95,1,GREEN,13.3,1,GREEN,28.3
96,1,GREEN,13.3,1,GREEN,28.3
97,1,GREEN,13.3,1,GREEN,28.3
98,1,GREEN,13.2,1,GREEN,28.2
99,1,GREEN,13.2,1,GREEN,28.2
100,1,GREEN,13.2,1,GREEN,28.2
101,1,GREEN,13.1,1,GREEN,28.1
102,1,GREEN,13.1,1,GREEN,28.1
103,1,GREEN,13.1,1,GREEN,28.1
104,1,GREEN,13.0,1,GREEN,28.0
105,1,GREEN,13.0,1,GREEN,28.0
106,1,GREEN,13.0,1,GREEN,28.0
107,1,GREEN,12.9,1,GREEN,27.9
108,1,GREEN,12.9,1,GREEN,27.9
109,1,GREEN,12.9,1,GREEN,27.9
110,1,GREEN,12.8,1,GREEN,27.8
111,1,GREEN,12.8,1,GREEN,27.8
112,1,GREEN,12.8,1,GREEN,27.8
113,1,GREEN,12.7,1,GREEN,27.7
114,1,GREEN,12.7,1,GREEN,27.7
115,1,GREEN,12.7,1,GREEN,27.7
116,1,GREEN,12.6,1,GREEN,27.6
117,1,GREEN,12.6,1,GREEN,27.6
118,1,GREEN,12.6,1,GREEN,27.6
119,1,GREEN,12.5,1,GREEN,27.5
120,1,GREEN,12.5,1,GREEN,27.5
121,1,GREEN,12.5,1,GREEN,27.5
122,1,GREEN,12.4,1,GREEN,27.4
123,1,GREEN,12.4,1,GREEN,27.4
124,1,GREEN,12.4,1,GREEN,27.4
125,1,GREEN,12.3,1,GREEN,27.3
126,1,GREEN,12.3,1,GREEN,27.3
127,1,GREEN,12.3,1,GREEN,27.3
128,1,GREEN,12.2,1,GREEN,27.2
129,1,GREEN,12.2,1,GREEN,27.2
130,1,GREEN,12.2,1,GREEN,27.2
131,1,GREEN,12.1,1,GREEN,27.1
132,1,GREEN,12.1,1,GREEN,27.1
133,1,GREEN,12.1,1,GREEN,27.1
134,1,GREEN,12.0,1,GREEN,27.0
135,1,GREEN,12.0,1,GREEN,27.0
136,1,GREEN,12.0,1,GREEN,27.0
137,1,GREEN,11.9,1,GREEN,26.9
138,1,GREEN,11.9,1,GREEN,26.9
139,1,GREEN,11.9,1,GREEN,26.9
140,1,GREEN,11.8,1,GREEN,26.8
141,1,GREEN,11.8,1,GREEN,26.8
142,1,GREEN,11.8,1,GREEN,26.8
143,1,GREEN,11.7,1,GREEN,26.7
144,1,GREEN,11.7,1,GREEN,26.7
145,1,GREEN,11.7,1,GREEN,26.7
146,1,GREEN,11.6,1,GREEN,26.6
147,1,GREEN,11.6,1,GREEN,26.6
148,1,GREEN,11.6,1,GREEN,26.6
149,1,GREEN,11.5,1,GREEN,26.5
150,1,GREEN,11.5,1,GREEN,26.5
151,1,GREEN,11.5,1,GREEN,26.5
152,1,GREEN,11.4,1,GREEN,26.4
153,1,GREEN,11.4,1,GREEN,26.4
154,1,GREEN,11.4,1,GREEN,26.4
155,1,GREEN,11.3,1,GREEN,26.3
156,1,GREEN,11.3,1,GREEN,26.3
157,1,GREEN,11.3,1,GREEN,26.3
158,1,GREEN,11.2,1,GREEN,26.2
159,1,GREEN,11.2,1,GREEN,26.2
160,1,GREEN,11.2,1,GREEN,26.2
161,1,GREEN,11.1,1,GREEN,26.1
162,1,GREEN,11.1,1,GREEN,26.1
163,1,GREEN,11.1,1,GREEN,26.1
164,1,GREEN,11.0,1,GREEN,26.0
165,1,GREEN,11.0,1,GREEN,26.0
166,1,GREEN,11.0,1,GREEN,26.0
167,1,GREEN,10.9,1,GREEN,25.9
168,1,GREEN,10.9,1,GREEN,25.9
169,1,GREEN,10.9,1,GREEN,25.9
170,1,GREEN,10.8,1,GREEN,25.8
171,1,GREEN,10.8,1,GREEN,25.8
172,1,GREEN,10.8,1,GREEN,25.8
173,1,GREEN,10.7,1,GREEN,25.7
174,1,GREEN,10.7,1,GREEN,25.7
175,1,GREEN,10.7,1,GREEN,25.7
176,1,GREEN,10.6,1,GREEN,25.6
177,1,GREEN,10.6,1,GREEN,25.6
178,1,GREEN,10.6,1,GREEN,25.6
179,1,GREEN,10.5,1,GREEN,25.5
180,1,GREEN,10.5,1,GREEN,25.5
181,1,GREEN,10.5,1,GREEN,25.5
182,1,GREEN,10.4,1,GREEN,25.4
183,1,GREEN,10.4,1,GREEN,25.4
184,1,GREEN,10.4,1,GREEN,25.4
185,1,GREEN,10.3,1,GREEN,25.3
186,1,GREEN,10.3,1,GREEN,25.3
187,1,GREEN,10.3,1,GREEN,25.3
188,1,GREEN,10.2,1,GREEN,25.2
189,1,GREEN,10.2,1,GREEN,25.2
190,1,GREEN,10.2,1,GREEN,25.2
191,1,GREEN,10.1,1,GREEN,25.1
192,1,GREEN,10.1,1,GREEN,25.1
193,1,GREEN,10.1,1,GREEN,25.1
194,1,GREEN,10.0,1,GREEN,25.0
195,1,GREEN,10.0,1,GREEN,25.0
196,1,GREEN,10.0,1,GREEN,25.0
197,1,GREEN,9.9,1,GREEN,24.9
198,1,GREEN,9.9,1,GREEN,24.9
199,1,GREEN,9.9,1,GREEN,24.9
200,1,GREEN,9.8,1,GREEN,24.8
201,1,GREEN,9.8,1,GREEN,24.8
202,1,GREEN,9.8,1,GREEN,24.8
203,1,GREEN,9.7,1,GREEN,24.7
204,1,GREEN,9.7,1,GREEN,24.7
205,1,GREEN,9.7,1,GREEN,24.7
206,1,GREEN,9.6,1,GREEN,24.6
207,1,GREEN,9.6,1,GREEN,24.6
208,1,GREEN,9.6,1,GREEN,24.6
209,1,GREEN,9.5,1,GREEN,24.5
210,1,GREEN,9.5,1,GREEN,24.5
211,1,GREEN,9.5,1,GREEN,24.5
212,1,GREEN,9.4,1,GREEN,24.4
213,1,GREEN,9.4,1,GREEN,24.4
214,1,GREEN,9.4,1,GREEN,24.4
215,1,GREEN,9.3,1,GREEN,24.3
216,1,GREEN,9.3,1,GREEN,24.3
217,1,GREEN,9.3,1,GREEN,24.3
218,1,GREEN,9.2,1,GREEN,24.2
219,1,GREEN,9.2,1,GREEN,24.2
220,1,GREEN,9.2,1,GREEN,24.2
221,1,GREEN,9.1,1,GREEN,24.1
222,1,GREEN,9.1,1,GREEN,24.1
223,1,GREEN,9.1,1,GREEN,24.1
224,1,GREEN,9.0,1,GREEN,24.0
225,1,GREEN,9.0,1,GREEN,24.0
226,1,GREEN,9.0,1,GREEN,24.0
227,1,GREEN,8.9,1,GREEN,23.9
228,1,GREEN,8.9,1,GREEN,23.9
229,1,GREEN,8.9,1,GREEN,23.9
230,1,GREEN,8.8,1,GREEN,23.8
231,1,GREEN,8.8,1,GREEN,23.8
232,1,GREEN,8.8,1,GREEN,23.8
233,1,GREEN,8.7,1,GREEN,23.7
234,1,GREEN,8.7,1,GREEN,23.7
235,1,GREEN,8.7,1,GREEN,23.7
236,1,GREEN,8.6,1,GREEN,23.6
237,1,GREEN,8.6,1,GREEN,23.6
238,1,GREEN,8.6,1,GREEN,23.6
239,1,GREEN,8.5,1,GREEN,23.5
240,1,GREEN,8.5,1,GREEN,23.5
241,1,GREEN,8.5,1,GREEN,23.5
242,1,GREEN,8.4,1,GREEN,23.4
243,1,GREEN,8.4,1,GREEN,23.4
244,1,GREEN,8.4,1,GREEN,23.4
245,1,GREEN,8.3,1,GREEN,23.3
246,1,GREEN,8.3,1,GREEN,23.3
247,1,GREEN,8.3,1,GREEN,23.3
248,1,GREEN,8.2,1,GREEN,23.2
249,1,GREEN,8.2,1,GREEN,23.2
250,1,GREEN,8.2,1,GREEN,23.2
251,1,GREEN,8.1,1,GREEN,23.1
252,1,GREEN,8.1,1,GREEN,23.1
253,1,GREEN,8.1,1,GREEN,23.1
254,1,GREEN,8.0,1,GREEN,23.0
255,1,GREEN,8.0,1,GREEN,23.0
256,1,GREEN,8.0,1,GREEN,23.0
257,1,GREEN,7.9,1,GREEN,22.9
258,1,GREEN,7.9,1,GREEN,22.9
259,1,GREEN,7.9,1,GREEN,22.9
260,1,GREEN,7.8,1,GREEN,22.8
261,1,GREEN,7.8,1,GREEN,22.8
262,1,GREEN,7.8,1,GREEN,22.8
263,1,GREEN,7.7,1,GREEN,22.7
264,1,GREEN,7.7,1,GREEN,22.7
265,1,GREEN,7.7,1,GREEN,22.7
266,1,GREEN,7.6,1,GREEN,22.6
267,1,GREEN,7.6,1,GREEN,22.6
268,1,GREEN,7.6,1,GREEN,22.6
269,1,GREEN,7.5,1,GREEN,22.5
270,1,GREEN,7.5,1,GREEN,22.5
271,1,GREEN,7.5,1,GREEN,22.5
272,1,GREEN,7.4,1,GREEN,22.4
273,1,GREEN,7.4,1,GREEN,22.4
274,1,GREEN,7.4,1,GREEN,22.4
275,1,GREEN,7.3,1,GREEN,22.3
276,1,GREEN,7.3,1,GREEN,22.3
277,1,GREEN,7.3,1,GREEN,22.3
278,1,GREEN,7.2,1,GREEN,22.2
279,1,GREEN,7.2,1,GREEN,22.2
280,1,GREEN,7.2,1,GREEN,22.2
281,1,GREEN,7.1,1,GREEN,22.1
282,1,GREEN,7.1,1,GREEN,22.1
283,1,GREEN,7.1,1,GREEN,22.1
284,1,GREEN,7.0,1,GREEN,22.0
285,1,GREEN,7.0,1,GREEN,22.0
286,1,GREEN,7.0,1,GREEN,22.0
287,1,GREEN,6.9,1,GREEN,21.9
288,1,GREEN,6.9,1,GREEN,21.9
289,1,GREEN,6.9,1,GREEN,21.9
290,1,GREEN,6.8,1,GREEN,21.8
291,1,GREEN,6.8,1,GREEN,21.8
292,1,GREEN,6.8,1,GREEN,21.8
293,1,GREEN,6.7,1,GREEN,21.7
294,1,GREEN,6.7,1,GREEN,21.7
295,1,GREEN,6.7,1,GREEN,21.7
296,1,GREEN,6.6,1,GREEN,21.6
297,1,GREEN,6.6,1,GREEN,21.6
298,1,GREEN,6.6,1,GREEN,21.6
299,1,GREEN,6.5,1,GREEN,21.5
300,1,GREEN,6.5,1,GREEN,21.5
301,1,GREEN,6.5,1,GREEN,21.5
302,1,GREEN,6.4,1,GREEN,21.4
303,1,GREEN,6.4,1,GREEN,21.4
304,1,GREEN,6.4,1,GREEN,21.4
305,1,GREEN,6.3,1,GREEN,21.3
306,1,GREEN,6.3,1,GREEN,21.3
307,1,GREEN,6.3,1,GREEN,21.3
308,1,GREEN,6.2,1,GREEN,21.2
309,1,GREEN,6.2,1,GREEN,21.2
310,1,GREEN,6.2,1,GREEN,21.2
311,1,GREEN,6.1,1,GREEN,21.1
312,1,GREEN,6.1,1,GREEN,21.1
313,1,GREEN,6.1,1,GREEN,21.1
314,1,GREEN,6.0,1,GREEN,21.0
315,1,GREEN,6.0,1,GREEN,21.0
316,1,GREEN,6.0,1,GREEN,21.0
317,1,GREEN,5.9,1,GREEN,20.9
318,1,GREEN,5.9,1,GREEN,20.9
319,1,GREEN,5.9,1,GREEN,20.9
320,1,GREEN,5.8,1,GREEN,20.8
321,1,GREEN,5.8,1,GREEN,20.8
322,1,GREEN,5.8,1,GREEN,20.8
323,1,GREEN,5.7,1,GREEN,20.7
324,1,GREEN,5.7,1,GREEN,20.7
325,1,GREEN,5.7,1,GREEN,20.7
326,1,GREEN,5.6,1,GREEN,20.6
327,1,GREEN,5.6,1,GREEN,20.6
328,1,GREEN,5.6,1,GREEN,20.6
329,1,GREEN,5.5,1,GREEN,20.5
330,1,GREEN,5.5,1,GREEN,20.5
331,1,GREEN,5.5,1,GREEN,20.5
332,1,GREEN,5.4,1,GREEN,20.4
333,1,GREEN,5.4,1,GREEN,20.4
334,1,GREEN,5.4,1,GREEN,20.4
335,1,GREEN,5.3,1,GREEN,20.3
336,1,GREEN,5.3,1,GREEN,20.3
337,1,GREEN,5.3,1,GREEN,20.3
338,1,GREEN,5.2,1,GREEN,20.2
339,1,GREEN,5.2,1,GREEN,20.2
340,1,GREEN,5.2,1,GREEN,20.2
341,1,GREEN,5.1,1,GREEN,20.1
342,1,GREEN,5.1,1,GREEN,20.1
343,1,GREEN,5.1,1,GREEN,20.1
344,1,GREEN,5.0,1,GREEN,20.0
345,1,GREEN,5.0,1,GREEN,20.0
346,1,GREEN,5.0,1,GREEN,20.0
347,1,GREEN,4.9,1,GREEN,19.9
348,1,GREEN,4.9,1,GREEN,19.9
349,1,GREEN,4.9,1,GREEN,19.9
350,1,GREEN,4.8,1,GREEN,19.8
351,1,GREEN,4.8,1,GREEN,19.8
352,1,GREEN,4.8,1,GREEN,19.8
353,1,GREEN,4.7,1,GREEN,19.7
354,1,GREEN,4.7,1,GREEN,19.7
355,1,GREEN,4.7,1,GREEN,19.7
356,1,GREEN,4.6,1,GREEN,19.6
357,1,GREEN,4.6,1,GREEN,19.6
358,1,GREEN,4.6,1,GREEN,19.6
359,1,GREEN,4.5,1,GREEN,19.5
360,1,GREEN,4.5,1,GREEN,19.5
361,1,GREEN,4.5,1,GREEN,19.5
362,1,GREEN,4.4,1,GREEN,19.4
363,1,GREEN,4.4,1,GREEN,19.4
364,1,GREEN,4.4,1,GREEN,19.4
365,1,GREEN,4.3,1,GREEN,19.3
366,1,GREEN,4.3,1,GREEN,19.3
367,1,GREEN,4.3,1,GREEN,19.3
368,1,GREEN,4.2,1,GREEN,19.2
369,1,GREEN,4.2,1,GREEN,19.2
370,1,GREEN,4.2,1,GREEN,19.2
371,1,GREEN,4.1,1,GREEN,19.1
372,1,GREEN,4.1,1,GREEN,19.1
373,1,GREEN,4.1,1,GREEN,19.1
374,1,GREEN,4.0,1,GREEN,19.0
375,1,GREEN,4.0,1,GREEN,19.0
376,1,GREEN,4.0,1,GREEN,19.0
377,1,GREEN,3.9,1,GREEN,18.9
378,1,GREEN,3.9,1,GREEN,18.9
379,1,GREEN,3.9,1,GREEN,18.9
380,1,GREEN,3.8,1,GREEN,18.8
381,1,GREEN,3.8,1,GREEN,18.8
382,1,GREEN,3.8,1,GREEN,18.8
383,1,GREEN,3.7,1,GREEN,18.7
384,1,GREEN,3.7,1,GREEN,18.7
385,1,GREEN,3.7,1,GREEN,18.7
386,1,GREEN,3.6,1,GREEN,18.6
387,1,GREEN,3.6,1,GREEN,18.6
388,1,GREEN,3.6,1,GREEN,18.6
389,1,GREEN,3.5,1,GREEN,18.5
390,1,GREEN,3.5,1,GREEN,18.5
391,1,GREEN,3.5,1,GREEN,18.5
392,1,GREEN,3.4,1,GREEN,18.4
393,1,GREEN,3.4,1,GREEN,18.4
394,1,GREEN,3.4,1,GREEN,18.4
395,1,GREEN,3.3,1,GREEN,18.3
396,1,GREEN,3.3,1,GREEN,18.3
397,1,GREEN,3.3,1,GREEN,18.3
398,1,GREEN,3.2,1,GREEN,18.2
399,1,GREEN,3.2,1,GREEN,18.2
400,1,GREEN,3.2,1,GREEN,18.2
401,1,GREEN,3.1,1,GREEN,18.1
402,1,GREEN,3.1,1,GREEN,18.1
403,1,GREEN,3.1,1,GREEN,18.1
404,1,GREEN,3.0,1,GREEN,18.0
405,1,GREEN,3.0,1,GREEN,18.0
406,1,GREEN,3.0,1,GREEN,18.0
407,1,GREEN,2.9,1,GREEN,17.9
408,1,GREEN,2.9,1,GREEN,17.9
409,1,GREEN,2.9,1,GREEN,17.9
410,1,GREEN,2.8,1,GREEN,17.8
411,1,GREEN,2.8,1,GREEN,17.8
412,1,GREEN,2.8,1,GREEN,17.8
413,1,GREEN,2.7,1,GREEN,17.7
414,1,GREEN,2.7,1,GREEN,17.7
415,1,GREEN,2.7,1,GREEN,17.7
416,1,GREEN,2.6,1,GREEN,17.6
417,1,GREEN,2.6,1,GREEN,17.6
418,1,GREEN,2.6,1,GREEN,17.6
419,1,GREEN,2.5,1,GREEN,17.5
420,1,GREEN,2.5,1,GREEN,17.5
421,1,GREEN,2.5,1,GREEN,17.5
422,1,GREEN,2.4,1,GREEN,17.4
423,1,GREEN,2.4,1,GREEN,17.4
424,1,GREEN,2.4,1,GREEN,17.4
425,1,GREEN,2.3,1,GREEN,17.3
426,1,GREEN,2.3,1,GREEN,17.3
427,1,GREEN,2.3,1,GREEN,17.3
428,1,GREEN,2.2,1,GREEN,17.2
429,1,GREEN,2.2,1,GREEN,17.2
430,1,GREEN,2.2,1,GREEN,17.2
431,1,GREEN,2.1,1,GREEN,17.1
432,1,GREEN,2.1,1,GREEN,17.1
433,1,GREEN,2.1,1,GREEN,17.1
434,1,GREEN,2.0,1,GREEN,17.0
435,1,GREEN,2.0,1,GREEN,17.0
436,1,GREEN,2.0,1,GREEN,17.0
437,1,GREEN,1.9,1,GREEN,16.9
438,1,GREEN,1.9,1,GREEN,16.9
439,1,GREEN,1.9,1,GREEN,16.9
440,1,GREEN,1.8,1,GREEN,16.8
441,1,GREEN,1.8,1,GREEN,16.8
442,1,GREEN,1.8,1,GREEN,16.8
443,1,GREEN,1.7,1,GREEN,16.7
444,1,GREEN,1.7,1,GREEN,16.7
445,1,GREEN,1.7,1,GREEN,16.7
446,1,GREEN,1.6,1,GREEN,16.6
447,1,GREEN,1.6,1,GREEN,16.6
448,1,GREEN,1.6,1,GREEN,16.6
449,1,GREEN,1.5,1,GREEN,16.5
450,1,GREEN,1.5,1,GREEN,16.5
451,1,GREEN,1.5,1,GREEN,16.5
452,1,GREEN,1.4,1,GREEN,16.4
453,1,GREEN,1.4,1,GREEN,16.4
454,1,GREEN,1.4,1,GREEN,16.4
455,1,GREEN,1.3,1,GREEN,16.3
456,1,GREEN,1.3,1,GREEN,16.3
457,1,GREEN,1.3,1,GREEN,16.3
458,1,GREEN,1.2,1,GREEN,16.2
459,1,GREEN,1.2,1,GREEN,16.2
460,1,GREEN,1.2,1,GREEN,16.2
461,1,GREEN,1.1,1,GREEN,16.1
462,1,GREEN,1.1,1,GREEN,16.1
463,1,GREEN,1.1,1,GREEN,16.1
464,1,GREEN,1.0,1,GREEN,16.0
465,1,GREEN,1.0,1,GREEN,16.0
466,1,GREEN,1.0,1,GREEN,16.0
467,1,GREEN,0.9,1,GREEN,15.9
468,1,GREEN,0.9,1,GREEN,15.9
469,1,GREEN,0.9,1,GREEN,15.9
470,1,GREEN,0.8,1,GREEN,15.8
471,1,GREEN,0.8,1,GREEN,15.8
472,1,GREEN,0.8,1,GREEN,15.8
473,1,GREEN,0.7,1,GREEN,15.7
474,1,GREEN,0.7,1,GREEN,15.7
475,1,GREEN,0.7,1,GREEN,15.7
476,1,GREEN,0.6,1,GREEN,15.6
477,1,GREEN,0.6,1,GREEN,15.6
478,1,GREEN,0.6,1,GREEN,15.6
479,1,GREEN,0.5,1,GREEN,15.5
480,1,GREEN,0.5,1,GREEN,15.5
481,1,GREEN,0.5,1,GREEN,15.5
482,1,GREEN,0.4,1,GREEN,15.4
483,1,GREEN,0.4,1,GREEN,15.4
484,1,GREEN,0.4,1,GREEN,15.4
485,1,GREEN,0.3,1,GREEN,15.3
486,1,GREEN,0.3,1,GREEN,15.3
487,1,GREEN,0.3,1,GREEN,15.3
488,1,GREEN,0.2,1,GREEN,15.2
489,1,GREEN,0.2,1,GREEN,15.2
490,1,GREEN,0.2,1,GREEN,15.2
491,1,GREEN,0.1,1,GREEN,15.1
492,1,GREEN,0.1,1,GREEN,15.1
493,1,GREEN,0.1,1,GREEN,15.1
494,1,GREEN,0.0,1,GREEN,15.0
495,1,YELLOW,0.0,1,GREEN,15.0
496,1,YELLOW,3.0,1,GREEN,15.0
497,1,YELLOW,2.9,1,GREEN,14.9
498,1,YELLOW,2.9,1,GREEN,14.9
499,1,YELLOW,2.9,1,GREEN,14.9
500,1,YELLOW,2.8,1,GREEN,14.8
501,1,YELLOW,2.8,1,GREEN,14.8
502,1,YELLOW,2.8,1,GREEN,14.8
503,1,YELLOW,2.7,1,GREEN,14.7
504,1,YELLOW,2.7,1,GREEN,14.7
505,1,YELLOW,2.7,1,GREEN,14.7
506,1,YELLOW,2.6,1,GREEN,14.6
507,1,YELLOW,2.6,1,GREEN,14.6
508,1,YELLOW,2.6,1,GREEN,14.6
509,1,YELLOW,2.5,1,GREEN,14.5
510,1,YELLOW,2.5,1,GREEN,14.5
511,1,YELLOW,2.5,1,GREEN,14.5
512,1,YELLOW,2.4,1,GREEN,14.4
513,1,YELLOW,2.4,1,GREEN,14.4
514,1,YELLOW,2.4,1,GREEN,14.4
515,1,YELLOW,2.3,1,GREEN,14.3
516,1,YELLOW,2.3,1,GREEN,14.3
517,1,YELLOW,2.3,1,GREEN,14.3
518,1,YELLOW,2.2,1,GREEN,14.2
519,1,YELLOW,2.2,1,GREEN,14.2
520,1,YELLOW,2.2,1,GREEN,14.2
521,1,YELLOW,2.1,1,GREEN,14.1
522,1,YELLOW,2.1,1,GREEN,14.1
523,1,YELLOW,2.1,1,GREEN,14.1
524,1,YELLOW,2.0,1,GREEN,14.0
525,1,YELLOW,2.0,1,GREEN,14.0
526,1,YELLOW,2.0,1,GREEN,14.0
527,1,YELLOW,1.9,1,GREEN,13.9
528,1,YELLOW,1.9,1,GREEN,13.9
529,1,YELLOW,1.9,1,GREEN,13.9
530,1,YELLOW,1.8,1,GREEN,13.8
531,1,YELLOW,1.8,1,GREEN,13.8
532,1,YELLOW,1.8,1,GREEN,13.8
533,1,YELLOW,1.7,1,GREEN,13.7
534,1,YELLOW,1.7,1,GREEN,13.7
535,1,YELLOW,1.7,1,GREEN,13.7
536,1,YELLOW,1.6,1,GREEN,13.6
537,1,YELLOW,1.6,1,GREEN,13.6
538,1,YELLOW,1.6,1,GREEN,13.6
539,1,YELLOW,1.5,1,GREEN,13.5
540,1,YELLOW,1.5,1,GREEN,13.5
541,1,YELLOW,1.5,1,GREEN,13.5
542,1,YELLOW,1.4,1,GREEN,13.4
543,1,YELLOW,1.4,1,GREEN,13.4
544,1,YELLOW,1.4,1,GREEN,13.4
545,1,YELLOW,1.3,1,GREEN,13.3
546,1,YELLOW,1.3,1,GREEN,13.3
547,1,YELLOW,1.3,1,GREEN,13.3
548,1,YELLOW,1.2,1,GREEN,13.2
549,1,YELLOW,1.2,1,GREEN,13.2
550,1,YELLOW,1.2,1,GREEN,13.2
551,1,YELLOW,1.1,1,GREEN,13.1
552,1,YELLOW,1.1,1,GREEN,13.1
553,1,YELLOW,1.1,1,GREEN,13.1
554,1,YELLOW,1.0,1,GREEN,13.0
555,1,YELLOW,1.0,1,GREEN,13.0
556,1,YELLOW,1.0,1,GREEN,13.0
557,1,YELLOW,0.9,1,GREEN,12.9
558,1,YELLOW,0.9,1,GREEN,12.9
559,1,YELLOW,0.9,1,GREEN,12.9
560,1,YELLOW,0.8,1,GREEN,12.8
561,1,YELLOW,0.8,1,GREEN,12.8
562,1,YELLOW,0.8,1,GREEN,12.8
563,1,YELLOW,0.7,1,GREEN,12.7
564,1,YELLOW,0.7,1,GREEN,12.7
565,1,YELLOW,0.7,1,GREEN,12.7
566,1,YELLOW,0.6,1,GREEN,12.6
567,1,YELLOW,0.6,1,GREEN,12.6
568,1,YELLOW,0.6,1,GREEN,12.6
569,1,YELLOW,0.5,1,GREEN,12.5
570,1,YELLOW,0.5,1,GREEN,12.5
571,1,YELLOW,0.5,1,GREEN,12.5
572,1,YELLOW,0.4,1,GREEN,12.4
573,1,YELLOW,0.4,1,GREEN,12.4
574,1,YELLOW,0.4,1,GREEN,12.4
575,1,YELLOW,0.3,1,GREEN,12.3
576,1,YELLOW,0.3,1,GREEN,12.3
577,1,YELLOW,0.3,1,GREEN,12.3
578,1,YELLOW,0.2,1,GREEN,12.2
579,1,YELLOW,0.2,1,GREEN,12.2
580,1,YELLOW,0.2,1,GREEN,12.2
581,1,YELLOW,0.1,1,GREEN,12.1
582,1,YELLOW,0.1,1,GREEN,12.1
583,1,YELLOW,0.1,1,GREEN,12.1
584,1,YELLOW,0.0,1,GREEN,12.0
585,3,GREEN,17.0,1,GREEN,12.0
586,3,GREEN,20.0,1,GREEN,12.0
587,3,GREEN,19.9,1,GREEN,11.9
588,3,GREEN,19.9,1,GREEN,11.9
589,3,GREEN,19.9,1,GREEN,11.9
590,3,GREEN,19.8,1,GREEN,11.8
591,3,GREEN,19.8,1,GREEN,11.8
592,3,GREEN,19.8,1,GREEN,11.8
593,3,GREEN,19.7,1,GREEN,11.7
594,3,GREEN,19.7,1,GREEN,11.7
595,3,GREEN,19.7,1,GREEN,11.7
596,3,GREEN,19.6,1,GREEN,11.6
597,3,GREEN,19.6,1,GREEN,11.6
598,3,GREEN,19.6,1,GREEN,11.6
599,3,GREEN,19.5,1,GREEN,11.5
600,3,GREEN,19.5,1,GREEN,11.5
601,3,GREEN,19.5,1,GREEN,11.5
602,3,GREEN,19.4,1,GREEN,11.4
603,3,GREEN,19.4,1,GREEN,11.4
604,3,GREEN,19.4,1,GREEN,11.4
605,3,GREEN,19.3,1,GREEN,11.3
606,3,GREEN,19.3,1,GREEN,11.3
607,3,GREEN,19.3,1,GREEN,11.3
608,3,GREEN,19.2,1,GREEN,11.2
609,3,GREEN,19.2,1,GREEN,11.2
610,3,GREEN,19.2,1,GREEN,11.2
611,3,GREEN,19.1,1,GREEN,11.1
612,3,GREEN,19.1,1,GREEN,11.1
613,3,GREEN,19.1,1,GREEN,11.1
614,3,GREEN,19.0,1,GREEN,11.0
615,3,GREEN,19.0,1,GREEN,11.0
616,3,GREEN,19.0,1,GREEN,11.0
617,3,GREEN,18.9,1,GREEN,10.9
618,3,GREEN,18.9,1,GREEN,10.9
619,3,GREEN,18.9,1,GREEN,10.9
620,3,GREEN,18.8,1,GREEN,10.8
621,3,GREEN,18.8,1,GREEN,10.8
622,3,GREEN,18.8,1,GREEN,10.8
623,3,GREEN,18.7,1,GREEN,10.7
624,3,GREEN,18.7,1,GREEN,10.7
625,3,GREEN,18.7,1,GREEN,10.7
626,3,GREEN,18.6,1,GREEN,10.6
627,3,GREEN,18.6,1,GREEN,10.6
628,3,GREEN,18.6,1,GREEN,10.6
629,3,GREEN,18.5,1,GREEN,10.5
630,3,GREEN,18.5,1,GREEN,10.5
631,3,GREEN,18.5,1,GREEN,10.5
632,3,GREEN,18.4,1,GREEN,10.4
633,3,GREEN,18.4,1,GREEN,10.4
634,3,GREEN,18.4,1,GREEN,10.4
635,3,GREEN,18.3,1,GREEN,10.3
636,3,GREEN,18.3,1,GREEN,10.3
637,3,GREEN,18.3,1,GREEN,10.3
638,3,GREEN,18.2,1,GREEN,10.2
639,3,GREEN,18.2,1,GREEN,10.2
640,3,GREEN,18.2,1,GREEN,10.2
641,3,GREEN,18.1,1,GREEN,10.1
642,3,GREEN,18.1,1,GREEN,10.1
643,3,GREEN,18.1,1,GREEN,10.1
644,3,GREEN,18.0,1,GREEN,10.0
645,3,GREEN,18.0,1,GREEN,10.0
646,3,GREEN,18.0,1,GREEN,10.0
647,3,GREEN,17.9,1,GREEN,9.9
648,3,GREEN,17.9,1,GREEN,9.9
649,3,GREEN,17.9,1,GREEN,9.9
650,3,GREEN,17.8,1,GREEN,9.8
651,3,GREEN,17.8,1,GREEN,9.8
652,3,GREEN,17.8,1,GREEN,9.8
653,3,GREEN,17.7,1,GREEN,9.7
654,3,GREEN,17.7,1,GREEN,9.7
655,3,GREEN,17.7,1,GREEN,9.7
656,3,GREEN,17.6,1,GREEN,9.6
657,3,GREEN,17.6,1,GREEN,9.6
658,3,GREEN,17.6,1,GREEN,9.6
659,3,GREEN,17.5,1,GREEN,9.5
660,3,GREEN,17.5,1,GREEN,9.5
661,3,GREEN,17.5,1,GREEN,9.5
662,3,GREEN,17.4,1,GREEN,9.4
663,3,GREEN,17.4,1,GREEN,9.4
664,3,GREEN,17.4,1,GREEN,9.4
665,3,GREEN,17.3,1,GREEN,9.3
666,3,GREEN,17.3,1,GREEN,9.3
667,3,GREEN,17.3,1,GREEN,9.3
668,3,GREEN,17.2,1,GREEN,9.2
669,3,GREEN,17.2,1,GREEN,9.2
670,3,GREEN,17.2,1,GREEN,9.2
671,3,GREEN,17.1,1,GREEN,9.1
672,3,GREEN,17.1,1,GREEN,9.1
673,3,GREEN,17.1,1,GREEN,9.1
674,3,GREEN,17.0,1,GREEN,9.0
675,3,GREEN,17.0,1,GREEN,9.0
676,3,GREEN,17.0,1,GREEN,9.0
677,3,GREEN,16.9,1,GREEN,8.9
678,3,GREEN,16.9,1,GREEN,8.9
679,3,GREEN,16.9,1,GREEN,8.9
680,3,GREEN,16.8,1,GREEN,8.8
681,3,GREEN,16.8,1,GREEN,8.8
682,3,GREEN,16.8,1,GREEN,8.8
683,3,GREEN,16.7,1,GREEN,8.7
684,3,GREEN,16.7,1,GREEN,8.7
685,3,GREEN,16.7,1,GREEN,8.7
686,3,GREEN,16.6,1,GREEN,8.6
687,3,GREEN,16.6,1,GREEN,8.6
688,3,GREEN,16.6,1,GREEN,8.6
689,3,GREEN,16.5,1,GREEN,8.5
690,3,GREEN,16.5,1,GREEN,8.5
691,3,GREEN,16.5,1,GREEN,8.5
692,3,GREEN,16.4,1,GREEN,8.4
693,3,GREEN,16.4,1,GREEN,8.4
694,3,GREEN,16.4,1,GREEN,8.4
695,3,GREEN,16.3,1,GREEN,8.3
696,3,GREEN,16.3,1,GREEN,8.3
697,3,GREEN,16.3,1,GREEN,8.3
698,3,GREEN,16.2,1,GREEN,8.2
699,3,GREEN,16.2,1,GREEN,8.2
700,3,GREEN,16.2,1,GREEN,8.2
701,3,GREEN,16.1,1,GREEN,8.1
702,3,GREEN,16.1,1,GREEN,8.1
703,3,GREEN,16.1,1,GREEN,8.1
704,3,GREEN,16.0,1,GREEN,8.0
705,3,GREEN,16.0,1,GREEN,8.0
706,3,GREEN,16.0,1,GREEN,8.0
707,3,GREEN,15.9,1,GREEN,7.9
708,3,GREEN,15.9,1,GREEN,7.9
709,3,GREEN,15.9,1,GREEN,7.9
710,3,GREEN,15.8,1,GREEN,7.8
711,3,GREEN,15.8,1,GREEN,7.8
712,3,GREEN,15.8,1,GREEN,7.8
713,3,GREEN,15.7,1,GREEN,7.7
714,3,GREEN,15.7,1,GREEN,7.7
715,3,GREEN,15.7,1,GREEN,7.7
716,3,GREEN,15.6,1,GREEN,7.6
717,3,GREEN,15.6,1,GREEN,7.6
718,3,GREEN,15.6,1,GREEN,7.6
719,3,GREEN,15.5,1,GREEN,7.5
720,3,GREEN,15.5,1,GREEN,7.5
721,3,GREEN,15.5,1,GREEN,7.5
722,3,GREEN,15.4,1,GREEN,7.4
723,3,GREEN,15.4,1,GREEN,7.4
724,3,GREEN,15.4,1,GREEN,7.4
725,3,GREEN,15.3,1,GREEN,7.3
726,3,GREEN,15.3,1,GREEN,7.3
727,3,GREEN,15.3,1,GREEN,7.3
728,3,GREEN,15.2,1,GREEN,7.2
729,3,GREEN,15.2,1,GREEN,7.2
730,3,GREEN,15.2,1,GREEN,7.2
731,3,GREEN,15.1,1,GREEN,7.1
732,3,GREEN,15.1,1,GREEN,7.1
733,3,GREEN,15.1,1,GREEN,7.1
734,3,GREEN,15.0,1,GREEN,7.0
735,3,GREEN,15.0,1,GREEN,7.0
736,3,GREEN,15.0,1,GREEN,7.0
737,3,GREEN,14.9,1,GREEN,6.9
738,3,GREEN,14.9,1,GREEN,6.9
739,3,GREEN,14.9,1,GREEN,6.9
740,3,GREEN,14.8,1,GREEN,6.8
741,3,GREEN,14.8,1,GREEN,6.8
742,3,GREEN,14.8,1,GREEN,6.8
743,3,GREEN,14.7,1,GREEN,6.7
744,3,GREEN,14.7,1,GREEN,6.7
745,3,GREEN,14.7,1,GREEN,6.7
746,3,GREEN,14.6,1,GREEN,6.6
747,3,GREEN,14.6,1,GREEN,6.6
748,3,GREEN,14.6,1,GREEN,6.6
749,3,GREEN,14.5,1,GREEN,6.5
750,3,GREEN,14.5,1,GREEN,6.5
751,3,GREEN,14.5,1,GREEN,6.5
752,3,GREEN,14.4,1,GREEN,6.4
753,3,GREEN,14.4,1,GREEN,6.4
754,3,GREEN,14.4,1,GREEN,6.4
755,3,GREEN,14.3,1,GREEN,6.3
756,3,GREEN,14.3,1,GREEN,6.3
757,3,GREEN,14.3,1,GREEN,6.3
758,3,GREEN,14.2,1,GREEN,6.2
759,3,GREEN,14.2,1,GREEN,6.2
760,3,GREEN,14.2,1,GREEN,6.2
761,3,GREEN,14.1,1,GREEN,6.1
762,3,GREEN,14.1,1,GREEN,6.1
763,3,GREEN,14.1,1,GREEN,6.1
764,3,GREEN,14.0,1,GREEN,6.0
765,3,GREEN,14.0,1,GREEN,6.0
766,3,GREEN,14.0,1,GREEN,6.0
767,3,GREEN,13.9,1,GREEN,5.9
768,3,GREEN,13.9,1,GREEN,5.9
769,3,GREEN,13.9,1,GREEN,5.9
770,3,GREEN,13.8,1,GREEN,5.8
771,3,GREEN,13.8,1,GREEN,5.8
772,3,GREEN,13.8,1,GREEN,5.8
773,3,GREEN,13.7,1,GREEN,5.7
774,3,GREEN,13.7,1,GREEN,5.7
775,3,GREEN,13.7,1,GREEN,5.7
776,3,GREEN,13.6,1,GREEN,5.6
777,3,GREEN,13.6,1,GREEN,5.6
778,3,GREEN,13.6,1,GREEN,5.6
779,3,GREEN,13.5,1,GREEN,5.5
780,3,GREEN,13.5,1,GREEN,5.5
781,3,GREEN,13.5,1,GREEN,5.5
782,3,GREEN,13.4,1,GREEN,5.4
783,3,GREEN,13.4,1,GREEN,5.4
784,3,GREEN,13.4,1,GREEN,5.4
785,3,GREEN,13.3,1,GREEN,5.3
786,3,GREEN,13.3,1,GREEN,5.3
787,3,GREEN,13.3,1,GREEN,5.3
788,3,GREEN,13.2,1,GREEN,5.2
789,3,GREEN,13.2,1,GREEN,5.2
790,3,GREEN,13.2,1,GREEN,5.2
791,3,GREEN,13.1,1,GREEN,5.1
792,3,GREEN,13.1,1,GREEN,5.1
793,3,GREEN,13.1,1,GREEN,5.1
794,3,GREEN,13.0,1,GREEN,5.0
795,3,GREEN,13.0,1,GREEN,5.0
796,3,GREEN,13.0,1,GREEN,5.0
797,3,GREEN,12.9,1,GREEN,4.9
798,3,GREEN,12.9,1,GREEN,4.9
799,3,GREEN,12.9,1,GREEN,4.9
800,3,GREEN,12.8,1,GREEN,4.8
801,3,GREEN,12.8,1,GREEN,4.8
802,3,GREEN,12.8,1,GREEN,4.8
803,3,GREEN,12.7,1,GREEN,4.7
804,3,GREEN,12.7,1,GREEN,4.7
805,3,GREEN,12.7,1,GREEN,4.7
806,3,GREEN,12.6,1,GREEN,4.6
807,3,GREEN,12.6,1,GREEN,4.6
808,3,GREEN,12.6,1,GREEN,4.6
809,3,GREEN,12.5,1,GREEN,4.5
810,3,GREEN,12.5,1,GREEN,4.5
811,3,GREEN,12.5,1,GREEN,4.5
812,3,GREEN,12.4,1,GREEN,4.4
813,3,GREEN,12.4,1,GREEN,4.4
814,3,GREEN,12.4,1,GREEN,4.4
815,3,GREEN,12.3,1,GREEN,4.3
816,3,GREEN,12.3,1,GREEN,4.3
817,3,GREEN,12.3,1,GREEN,4.3
818,3,GREEN,12.2,1,GREEN,4.2
819,3,GREEN,12.2,1,GREEN,4.2
820,3,GREEN,12.2,1,GREEN,4.2
821,3,GREEN,12.1,1,GREEN,4.1
822,3,GREEN,12.1,1,GREEN,4.1
823,3,GREEN,12.1,1,GREEN,4.1
824,3,GREEN,12.0,1,GREEN,4.0
825,3,GREEN,12.0,1,GREEN,4.0
826,3,GREEN,12.0,1,GREEN,4.0
827,3,GREEN,11.9,1,GREEN,3.9
828,3,GREEN,11.9,1,GREEN,3.9
829,3,GREEN,11.9,1,GREEN,3.9
830,3,GREEN,11.8,1,GREEN,3.8
831,3,GREEN,11.8,1,GREEN,3.8
832,3,GREEN,11.8,1,GREEN,3.8
833,3,GREEN,11.7,1,GREEN,3.7
834,3,GREEN,11.7,1,GREEN,3.7
835,3,GREEN,11.7,1,GREEN,3.7
836,3,GREEN,11.6,1,GREEN,3.6
837,3,GREEN,11.6,1,GREEN,3.6
838,3,GREEN,11.6,1,GREEN,3.6
839,3,GREEN,11.5,1,GREEN,3.5
840,3,GREEN,11.5,1,GREEN,3.5
841,3,GREEN,11.5,1,GREEN,3.5
842,3,GREEN,11.4,1,GREEN,3.4
843,3,GREEN,11.4,1,GREEN,3.4
844,3,GREEN,11.4,1,GREEN,3.4
845,3,GREEN,11.3,1,GREEN,3.3
846,3,GREEN,11.3,1,GREEN,3.3
847,3,GREEN,11.3,1,GREEN,3.3
848,3,GREEN,11.2,1,GREEN,3.2
849,3,GREEN,11.2,1,GREEN,3.2
850,3,GREEN,11.2,1,GREEN,3.2
851,3,GREEN,11.1,1,GREEN,3.1
852,3,GREEN,11.1,1,GREEN,3.1
853,3,GREEN,11.1,1,GREEN,3.1
854,3,GREEN,11.0,1,GREEN,3.0
855,3,GREEN,11.0,1,GREEN,3.0
856,3,GREEN,11.0,1,GREEN,3.0
857,3,GREEN,10.9,1,GREEN,2.9
858,3,GREEN,10.9,1,GREEN,2.9
859,3,GREEN,10.9,1,GREEN,2.9
860,3,GREEN,10.8,1,GREEN,2.8
861,3,GREEN,10.8,1,GREEN,2.8
862,3,GREEN,10.8,1,GREEN,2.8
863,3,GREEN,10.7,1,GREEN,2.7
864,3,GREEN,10.7,1,GREEN,2.7
865,3,GREEN,10.7,1,GREEN,2.7
866,3,GREEN,10.6,1,GREEN,2.6
867,3,GREEN,10.6,1,GREEN,2.6
868,3,GREEN,10.6,1,GREEN,2.6
869,3,GREEN,10.5,1,GREEN,2.5
870,3,GREEN,10.5,1,GREEN,2.5
871,3,GREEN,10.5,1,GREEN,2.5
872,3,GREEN,10.4,1,GREEN,2.4
873,3,GREEN,10.4,1,GREEN,2.4
874,3,GREEN,10.4,1,GREEN,2.4
875,3,GREEN,10.3,1,GREEN,2.3
876,3,GREEN,10.3,1,GREEN,2.3
877,3,GREEN,10.3,1,GREEN,2.3
878,3,GREEN,10.2,1,GREEN,2.2
879,3,GREEN,10.2,1,GREEN,2.2
880,3,GREEN,10.2,1,GREEN,2.2
881,3,GREEN,10.1,1,GREEN,2.1
882,3,GREEN,10.1,1,GREEN,2.1
883,3,GREEN,10.1,1,GREEN,2.1
884,3,GREEN,10.0,1,GREEN,2.0
885,3,GREEN,10.0,1,GREEN,2.0
886,3,GREEN,10.0,1,GREEN,2.0
887,3,GREEN,9.9,1,GREEN,1.9
888,3,GREEN,9.9,1,GREEN,1.9
889,3,GREEN,9.9,1,GREEN,1.9
890,3,GREEN,9.8,1,GREEN,1.8
891,3,GREEN,9.8,1,GREEN,1.8
892,3,GREEN,9.8,1,GREEN,1.8
893,3,GREEN,9.7,1,GREEN,1.7
894,3,GREEN,9.7,1,GREEN,1.7
895,3,GREEN,9.7,1,GREEN,1.7
896,3,GREEN,9.6,1,GREEN,1.6
897,3,GREEN,9.6,1,GREEN,1.6
898,3,GREEN,9.6,1,GREEN,1.6
899,3,GREEN,9.5,1,GREEN,1.5
900,3,GREEN,9.5,1,GREEN,1.5
901,3,GREEN,9.5,1,GREEN,1.5
902,3,GREEN,9.4,1,GREEN,1.4
903,3,GREEN,9.4,1,GREEN,1.4
904,3,GREEN,9.4,1,GREEN,1.4
905,3,GREEN,9.3,1,GREEN,1.3
906,3,GREEN,9.3,1,GREEN,1.3
907,3,GREEN,9.3,1,GREEN,1.3
908,3,GREEN,9.2,1,GREEN,1.2
909,3,GREEN,9.2,1,GREEN,1.2
910,3,GREEN,9.2,1,GREEN,1.2
911,3,GREEN,9.1,1,GREEN,1.1
912,3,GREEN,9.1,1,GREEN,1.1
913,3,GREEN,9.1,1,GREEN,1.1
914,3,GREEN,9.0,1,GREEN,1.0
915,3,GREEN,9.0,1,GREEN,1.0
916,3,GREEN,9.0,1,GREEN,1.0
917,3,GREEN,8.9,1,GREEN,0.9
918,3,GREEN,8.9,1,GREEN,0.9
919,3,GREEN,8.9,1,GREEN,0.9
920,3,GREEN,8.8,1,GREEN,0.8
921,3,GREEN,8.8,1,GREEN,0.8
922,3,GREEN,8.8,1,GREEN,0.8
923,3,GREEN,8.7,1,GREEN,0.7
924,3,GREEN,8.7,1,GREEN,0.7
925,3,GREEN,8.7,1,GREEN,0.7
926,3,GREEN,8.6,1,GREEN,0.6
927,3,GREEN,8.6,1,GREEN,0.6
928,3,GREEN,8.6,1,GREEN,0.6
929,3,GREEN,8.5,1,GREEN,0.5
930,3,GREEN,8.5,1,GREEN,0.5
931,3,GREEN,8.5,1,GREEN,0.5
932,3,GREEN,8.4,1,GREEN,0.4
933,3,GREEN,8.4,1,GREEN,0.4
934,3,GREEN,8.4,1,GREEN,0.4
935,3,GREEN,8.3,1,GREEN,0.3
936,3,GREEN,8.3,1,GREEN,0.3
937,3,GREEN,8.3,1,GREEN,0.3
938,3,GREEN,8.2,1,GREEN,0.2
939,3,GREEN,8.2,1,GREEN,0.2
940,3,GREEN,8.2,1,GREEN,0.2
941,3,GREEN,8.1,1,GREEN,0.1
942,3,GREEN,8.1,1,GREEN,0.1
943,3,GREEN,8.1,1,GREEN,0.1
944,3,GREEN,8.0,1,GREEN,0.0
945,3,GREEN,8.0,1,YELLOW,0.0
946,3,GREEN,8.0,1,YELLOW,3.0
947,3,GREEN,7.9,1,YELLOW,2.9
948,3,GREEN,7.9,1,YELLOW,2.9
949,3,GREEN,7.9,1,YELLOW,2.9
950,3,GREEN,7.8,1,YELLOW,2.8
951,3,GREEN,7.8,1,YELLOW,2.8
952,3,GREEN,7.8,1,YELLOW,2.8
953,3,GREEN,7.7,1,YELLOW,2.7
954,3,GREEN,7.7,1,YELLOW,2.7
955,3,GREEN,7.7,1,YELLOW,2.7
956,3,GREEN,7.6,1,YELLOW,2.6
957,3,GREEN,7.6,1,YELLOW,2.6
958,3,GREEN,7.6,1,YELLOW,2.6
959,3,GREEN,7.5,1,YELLOW,2.5
960,3,GREEN,7.5,1,YELLOW,2.5
961,3,GREEN,7.5,1,YELLOW,2.5
962,3,GREEN,7.4,1,YELLOW,2.4
963,3,GREEN,7.4,1,YELLOW,2.4
964,3,GREEN,7.4,1,YELLOW,2.4
965,3,GREEN,7.3,1,YELLOW,2.3
966,3,GREEN,7.3,1,YELLOW,2.3
967,3,GREEN,7.3,1,YELLOW,2.3
968,3,GREEN,7.2,1,YELLOW,2.2
969,3,GREEN,7.2,1,YELLOW,2.2
970,3,GREEN,7.2,1,YELLOW,2.2
971,3,GREEN,7.1,1,YELLOW,2.1
972,3,GREEN,7.1,1,YELLOW,2.1
973,3,GREEN,7.1,1,YELLOW,2.1
974,3,GREEN,7.0,1,YELLOW,2.0
975,3,GREEN,7.0,1,YELLOW,2.0
976,3,GREEN,7.0,1,YELLOW,2.0
977,3,GREEN,6.9,1,YELLOW,1.9
978,3,GREEN,6.9,1,YELLOW,1.9
979,3,GREEN,6.9,1,YELLOW,1.9
980,3,GREEN,6.8,1,YELLOW,1.8
981,3,GREEN,6.8,1,YELLOW,1.8
982,3,GREEN,6.8,1,YELLOW,1.8
983,3,GREEN,6.7,1,YELLOW,1.7
984,3,GREEN,6.7,1,YELLOW,1.7
985,3,GREEN,6.7,1,YELLOW,1.7
986,3,GREEN,6.6,1,YELLOW,1.6
987,3,GREEN,6.6,1,YELLOW,1.6
988,3,GREEN,6.6,1,YELLOW,1.6
989,3,GREEN,6.5,1,YELLOW,1.5
990,3,GREEN,6.5,1,YELLOW,1.5
991,3,GREEN,6.5,1,YELLOW,1.5
992,3,GREEN,6.4,1,YELLOW,1.4
993,3,GREEN,6.4,1,YELLOW,1.4
994,3,GREEN,6.4,1,YELLOW,1.4
995,3,GREEN,6.3,1,YELLOW,1.3
996,3,GREEN,6.3,1,YELLOW,1.3
997,3,GREEN,6.3,1,YELLOW,1.3
998,3,GREEN,6.2,1,YELLOW,1.2
999,3,GREEN,6.2,1,YELLOW,1.2
1000,3,GREEN,6.2,1,YELLOW,1.2
1001,3,GREEN,6.1,1,YELLOW,1.1
1002,3,GREEN,6.1,1,YELLOW,1.1
1003,3,GREEN,6.1,1,YELLOW,1.1
1004,3,GREEN,6.0,1,YELLOW,1.0
1005,3,GREEN,6.0,1,YELLOW,1.0
1006,3,GREEN,6.0,1,YELLOW,1.0
1007,3,GREEN,5.9,1,YELLOW,0.9
1008,3,GREEN,5.9,1,YELLOW,0.9
1009,3,GREEN,5.9,1,YELLOW,0.9
1010,3,GREEN,5.8,1,YELLOW,0.8
1011,3,GREEN,5.8,1,YELLOW,0.8
1012,3,GREEN,5.8,1,YELLOW,0.8
1013,3,GREEN,5.7,1,YELLOW,0.7
1014,3,GREEN,5.7,1,YELLOW,0.7
1015,3,GREEN,5.7,1,YELLOW,0.7
1016,3,GREEN,5.6,1,YELLOW,0.6
1017,3,GREEN,5.6,1,YELLOW,0.6
1018,3,GREEN,5.6,1,YELLOW,0.6
1019,3,GREEN,5.5,1,YELLOW,0.5
1020,3,GREEN,5.5,1,YELLOW,0.5
1021,3,GREEN,5.5,1,YELLOW,0.5
1022,3,GREEN,5.4,1,YELLOW,0.4
1023,3,GREEN,5.4,1,YELLOW,0.4
1024,3,GREEN,5.4,1,YELLOW,0.4
1025,3,GREEN,5.3,1,YELLOW,0.3
1026,3,GREEN,5.3,1,YELLOW,0.3
1027,3,GREEN,5.3,1,YELLOW,0.3
1028,3,GREEN,5.2,1,YELLOW,0.2
1029,3,GREEN,5.2,1,YELLOW,0.2
1030,3,GREEN,5.2,1,YELLOW,0.2
1031,3,GREEN,5.1,1,YELLOW,0.1
1032,3,GREEN,5.1,1,YELLOW,0.1
1033,3,GREEN,5.1,1,YELLOW,0.1
1034,3,GREEN,5.0,1,YELLOW,0.0
1035,3,GREEN,5.0,2,GREEN,12.0
1036,3,GREEN,5.0,2,GREEN,15.0
1037,3,GREEN,4.9,2,GREEN,14.9
1038,3,GREEN,4.9,2,GREEN,14.9
1039,3,GREEN,4.9,2,GREEN,14.9
1040,3,GREEN,4.8,2,GREEN,14.8
1041,3,GREEN,4.8,2,GREEN,14.8
1042,3,GREEN,4.8,2,GREEN,14.8
1043,3,GREEN,4.7,2,GREEN,14.7
1044,3,GREEN,4.7,2,GREEN,14.7
1045,3,GREEN,4.7,2,GREEN,14.7
1046,3,GREEN,4.6,2,GREEN,14.6
1047,3,GREEN,4.6,2,GREEN,14.6
1048,3,GREEN,4.6,2,GREEN,14.6
1049,3,GREEN,4.5,2,GREEN,14.5
1050,3,GREEN,4.5,2,GREEN,14.5
1051,3,GREEN,4.5,2,GREEN,14.5
1052,3,GREEN,4.4,2,GREEN,14.4
1053,3,GREEN,4.4,2,GREEN,14.4
1054,3,GREEN,4.4,2,GREEN,14.4
1055,3,GREEN,4.3,2,GREEN,14.3
1056,3,GREEN,4.3,2,GREEN,14.3
1057,3,GREEN,4.3,2,GREEN,14.3
1058,3,GREEN,4.2,2,GREEN,14.2
1059,3,GREEN,4.2,2,GREEN,14.2
1060,3,GREEN,4.2,2,GREEN,14.2
1061,3,GREEN,4.1,2,GREEN,14.1
1062,3,GREEN,4.1,2,GREEN,14.1
1063,3,GREEN,4.1,2,GREEN,14.1
1064,3,GREEN,4.0,2,GREEN,14.0
1065,3,GREEN,4.0,2,GREEN,14.0
1066,3,GREEN,4.0,2,GREEN,14.0
1067,3,GREEN,3.9,2,GREEN,13.9
1068,3,GREEN,3.9,2,GREEN,13.9
1069,3,GREEN,3.9,2,GREEN,13.9
1070,3,GREEN,3.8,2,GREEN,13.8
1071,3,GREEN,3.8,2,GREEN,13.8
1072,3,GREEN,3.8,2,GREEN,13.8
1073,3,GREEN,3.7,2,GREEN,13.7
1074,3,GREEN,3.7,2,GREEN,13.7
1075,3,GREEN,3.7,2,GREEN,13.7
1076,3,GREEN,3.6,2,GREEN,13.6
1077,3,GREEN,3.6,2,GREEN,13.6
1078,3,GREEN,3.6,2,GREEN,13.6
1079,3,GREEN,3.5,2,GREEN,13.5
1080,3,GREEN,3.5,2,GREEN,13.5
1081,3,GREEN,3.5,2,GREEN,13.5
1082,3,GREEN,3.4,2,GREEN,13.4
1083,3,GREEN,3.4,2,GREEN,13.4
1084,3,GREEN,3.4,2,GREEN,13.4
1085,3,GREEN,3.3,2,GREEN,13.3
1086,3,GREEN,3.3,2,GREEN,13.3
1087,3,GREEN,3.3,2,GREEN,13.3
1088,3,GREEN,3.2,2,GREEN,13.2
1089,3,GREEN,3.2,2,GREEN,13.2
1090,3,GREEN,3.2,2,GREEN,13.2
1091,3,GREEN,3.1,2,GREEN,13.1
1092,3,GREEN,3.1,2,GREEN,13.1
1093,3,GREEN,3.1,2,GREEN,13.1
1094,3,GREEN,3.0,2,GREEN,13.0
1095,3,GREEN,3.0,2,GREEN,13.0
1096,3,GREEN,3.0,2,GREEN,13.0
1097,3,GREEN,2.9,2,GREEN,12.9
1098,3,GREEN,2.9,2,GREEN,12.9
1099,3,GREEN,2.9,2,GREEN,12.9
1100,3,GREEN,2.8,2,GREEN,12.8
1101,3,GREEN,2.8,2,GREEN,12.8
1102,3,GREEN,2.8,2,GREEN,12.8
1103,3,GREEN,2.7,2,GREEN,12.7
1104,3,GREEN,2.7,2,GREEN,12.7
1105,3,GREEN,2.7,2,GREEN,12.7
1106,3,GREEN,2.6,2,GREEN,12.6
1107,3,GREEN,2.6,2,GREEN,12.6
1108,3,GREEN,2.6,2,GREEN,12.6
1109,3,GREEN,2.5,2,GREEN,12.5
1110,3,GREEN,2.5,2,GREEN,12.5
1111,3,GREEN,2.5,2,GREEN,12.5
1112,3,GREEN,2.4,2,GREEN,12.4
1113,3,GREEN,2.4,2,GREEN,12.4
1114,3,GREEN,2.4,2,GREEN,12.4
1115,3,GREEN,2.3,2,GREEN,12.3
1116,3,GREEN,2.3,2,GREEN,12.3
1117,3,GREEN,2.3,2,GREEN,12.3
1118,3,GREEN,2.2,2,GREEN,12.2
1119,3,GREEN,2.2,2,GREEN,12.2
1120,3,GREEN,2.2,2,GREEN,12.2
1121,3,GREEN,2.1,2,GREEN,12.1
1122,3,GREEN,2.1,2,GREEN,12.1
1123,3,GREEN,2.1,2,GREEN,12.1
1124,3,GREEN,2.0,2,GREEN,12.0
1125,3,GREEN,2.0,2,GREEN,12.0
1126,3,GREEN,2.0,2,GREEN,12.0
1127,3,GREEN,1.9,2,GREEN,11.9
1128,3,GREEN,1.9,2,GREEN,11.9
1129,3,GREEN,1.9,2,GREEN,11.9
1130,3,GREEN,1.8,2,GREEN,11.8
1131,3,GREEN,1.8,2,GREEN,11.8
1132,3,GREEN,1.8,2,GREEN,11.8
1133,3,GREEN,1.7,2,GREEN,11.7
1134,3,GREEN,1.7,2,GREEN,11.7
1135,3,GREEN,1.7,2,GREEN,11.7
1136,3,GREEN,1.6,2,GREEN,11.6
1137,3,GREEN,1.6,2,GREEN,11.6
1138,3,GREEN,1.6,2,GREEN,11.6
1139,3,GREEN,1.5,2,GREEN,11.5
1140,3,GREEN,1.5,2,GREEN,11.5
1141,3,GREEN,1.5,2,GREEN,11.5
1142,3,GREEN,1.4,2,GREEN,11.4
1143,3,GREEN,1.4,2,GREEN,11.4
1144,3,GREEN,1.4,2,GREEN,11.4
1145,3,GREEN,1.3,2,GREEN,11.3
1146,3,GREEN,1.3,2,GREEN,11.3
1147,3,GREEN,1.3,2,GREEN,11.3
1148,3,GREEN,1.2,2,GREEN,11.2
1149,3,GREEN,1.2,2,GREEN,11.2
1150,3,GREEN,1.2,2,GREEN,11.2
1151,3,GREEN,1.1,2,GREEN,11.1
1152,3,GREEN,1.1,2,GREEN,11.1
1153,3,GREEN,1.1,2,GREEN,11.1
1154,3,GREEN,1.0,2,GREEN,11.0
1155,3,GREEN,1.0,2,GREEN,11.0
1156,3,GREEN,1.0,2,GREEN,11.0
1157,3,GREEN,0.9,2,GREEN,10.9
1158,3,GREEN,0.9,2,GREEN,10.9
1159,3,GREEN,0.9,2,GREEN,10.9
1160,3,GREEN,0.8,2,GREEN,10.8
1161,3,GREEN,0.8,2,GREEN,10.8
1162,3,GREEN,0.8,2,GREEN,10.8
1163,3,GREEN,0.7,2,GREEN,10.7
1164,3,GREEN,0.7,2,GREEN,10.7
1165,3,GREEN,0.7,2,GREEN,10.7
1166,3,GREEN,0.6,2,GREEN,10.6
1167,3,GREEN,0.6,2,GREEN,10.6
1168,3,GREEN,0.6,2,GREEN,10.6
1169,3,GREEN,0.5,2,GREEN,10.5
1170,3,GREEN,0.5,2,GREEN,10.5
1171,3,GREEN,0.5,2,GREEN,10.5
1172,3,GREEN,0.4,2,GREEN,10.4
1173,3,GREEN,0.4,2,GREEN,10.4
1174,3,GREEN,0.4,2,GREEN,10.4
1175,3,GREEN,0.3,2,GREEN,10.3
1176,3,GREEN,0.3,2,GREEN,10.3
1177,3,GREEN,0.3,2,GREEN,10.3
1178,3,GREEN,0.2,2,GREEN,10.2
1179,3,GREEN,0.2,2,GREEN,10.2
1180,3,GREEN,0.2,2,GREEN,10.2
1181,3,GREEN,0.1,2,GREEN,10.1
1182,3,GREEN,0.1,2,GREEN,10.1
1183,3,GREEN,0.1,2,GREEN,10.1
1184,3,GREEN,0.0,2,GREEN,10.0
1185,3,YELLOW,0.0,2,GREEN,10.0
1186,3,YELLOW,3.0,2,GREEN,10.0
1187,3,YELLOW,2.9,2,GREEN,9.9
1188,3,YELLOW,2.9,2,GREEN,9.9
1189,3,YELLOW,2.9,2,GREEN,9.9
1190,3,YELLOW,2.8,2,GREEN,9.8
1191,3,YELLOW,2.8,2,GREEN,9.8
1192,3,YELLOW,2.8,2,GREEN,9.8
1193,3,YELLOW,2.7,2,GREEN,9.7
1194,3,YELLOW,2.7,2,GREEN,9.7
1195,3,YELLOW,2.7,2,GREEN,9.7
1196,3,YELLOW,2.6,2,GREEN,9.6
1197,3,YELLOW,2.6,2,GREEN,9.6
1198,3,YELLOW,2.6,2,GREEN,9.6
1199,3,YELLOW,2.5,2,GREEN,9.5
1200,3,YELLOW,2.5,2,GREEN,9.5
1201,3,YELLOW,2.5,2,GREEN,9.5
1202,3,YELLOW,2.4,2,GREEN,9.4
1203,3,YELLOW,2.4,2,GREEN,9.4
1204,3,YELLOW,2.4,2,GREEN,9.4
1205,3,YELLOW,2.3,2,GREEN,9.3
1206,3,YELLOW,2.3,2,GREEN,9.3
1207,3,YELLOW,2.3,2,GREEN,9.3
1208,3,YELLOW,2.2,2,GREEN,9.2
1209,3,YELLOW,2.2,2,GREEN,9.2
1210,3,YELLOW,2.2,2,GREEN,9.2
1211,3,YELLOW,2.1,2,GREEN,9.1
1212,3,YELLOW,2.1,2,GREEN,9.1
1213,3,YELLOW,2.1,2,GREEN,9.1
1214,3,YELLOW,2.0,2,GREEN,9.0
1215,3,YELLOW,2.0,2,GREEN,9.0
1216,3,YELLOW,2.0,2,GREEN,9.0
1217,3,YELLOW,1.9,2,GREEN,8.9
1218,3,YELLOW,1.9,2,GREEN,8.9
1219,3,YELLOW,1.9,2,GREEN,8.9
1220,3,YELLOW,1.8,2,GREEN,8.8
1221,3,YELLOW,1.8,2,GREEN,8.8
1222,3,YELLOW,1.8,2,GREEN,8.8
1223,3,YELLOW,1.7,2,GREEN,8.7
1224,3,YELLOW,1.7,2,GREEN,8.7
1225,3,YELLOW,1.7,2,GREEN,8.7
1226,3,YELLOW,1.6,2,GREEN,8.6
1227,3,YELLOW,1.6,2,GREEN,8.6
1228,3,YELLOW,1.6,2,GREEN,8.6
1229,3,YELLOW,1.5,2,GREEN,8.5
1230,3,YELLOW,1.5,2,GREEN,8.5
1231,3,YELLOW,1.5,2,GREEN,8.5
1232,3,YELLOW,1.4,2,GREEN,8.4
1233,3,YELLOW,1.4,2,GREEN,8.4
1234,3,YELLOW,1.4,2,GREEN,8.4
1235,3,YELLOW,1.3,2,GREEN,8.3
1236,3,YELLOW,1.3,2,GREEN,8.3
1237,3,YELLOW,1.3,2,GREEN,8.3
1238,3,YELLOW,1.2,2,GREEN,8.2
1239,3,YELLOW,1.2,2,GREEN,8.2
1240,3,YELLOW,1.2,2,GREEN,8.2
1241,3,YELLOW,1.1,2,GREEN,8.1
1242,3,YELLOW,1.1,2,GREEN,8.1
1243,3,YELLOW,1.1,2,GREEN,8.1
1244,3,YELLOW,1.0,2,GREEN,8.0
1245,3,YELLOW,1.0,2,GREEN,8.0
1246,3,YELLOW,1.0,2,GREEN,8.0
1247,3,YELLOW,0.9,2,GREEN,7.9
1248,3,YELLOW,0.9,2,GREEN,7.9
1249,3,YELLOW,0.9,2,GREEN,7.9
1250,3,YELLOW,0.8,2,GREEN,7.8
1251,3,YELLOW,0.8,2,GREEN,7.8
1252,3,YELLOW,0.8,2,GREEN,7.8
1253,3,YELLOW,0.7,2,GREEN,7.7
1254,3,YELLOW,0.7,2,GREEN,7.7
1255,3,YELLOW,0.7,2,GREEN,7.7
1256,3,YELLOW,0.6,2,GREEN,7.6
1257,3,YELLOW,0.6,2,GREEN,7.6
1258,3,YELLOW,0.6,2,GREEN,7.6
1259,3,YELLOW,0.5,2,GREEN,7.5
1260,3,YELLOW,0.5,2,GREEN,7.5
1261,3,YELLOW,0.5,2,GREEN,7.5
1262,3,YELLOW,0.4,2,GREEN,7.4
1263,3,YELLOW,0.4,2,GREEN,7.4
1264,3,YELLOW,0.4,2,GREEN,7.4
1265,3,YELLOW,0.3,2,GREEN,7.3
1266,3,YELLOW,0.3,2,GREEN,7.3
1267,3,YELLOW,0.3,2,GREEN,7.3
1268,3,YELLOW,0.2,2,GREEN,7.2
1269,3,YELLOW,0.2,2,GREEN,7.2
1270,3,YELLOW,0.2,2,GREEN,7.2
1271,3,YELLOW,0.1,2,GREEN,7.1
1272,3,YELLOW,0.1,2,GREEN,7.1
1273,3,YELLOW,0.1,2,GREEN,7.1
1274,3,YELLOW,0.0,2,GREEN,7.0
1275,4,GREEN,27.0,2,GREEN,7.0
1276,4,GREEN,30.0,2,GREEN,7.0
1277,4,GREEN,29.9,2,GREEN,6.9
1278,4,GREEN,29.9,2,GREEN,6.9
1279,4,GREEN,29.9,2,GREEN,6.9
1280,4,GREEN,29.8,2,GREEN,6.8
1281,4,GREEN,29.8,2,GREEN,6.8
1282,4,GREEN,29.8,2,GREEN,6.8
1283,4,GREEN,29.7,2,GREEN,6.7
1284,4,GREEN,29.7,2,GREEN,6.7
1285,4,GREEN,29.7,2,GREEN,6.7
1286,4,GREEN,29.6,2,GREEN,6.6
1287,4,GREEN,29.6,2,GREEN,6.6
1288,4,GREEN,29.6,2,GREEN,6.6
1289,4,GREEN,29.5,2,GREEN,6.5
1290,4,GREEN,29.5,2,GREEN,6.5
1291,4,GREEN,29.5,2,GREEN,6.5
1292,4,GREEN,29.4,2,GREEN,6.4
1293,4,GREEN,29.4,2,GREEN,6.4
1294,4,GREEN,29.4,2,GREEN,6.4
1295,4,GREEN,29.3,2,GREEN,6.3
1296,4,GREEN,29.3,2,GREEN,6.3
1297,4,GREEN,29.3,2,GREEN,6.3
1298,4,GREEN,29.2,2,GREEN,6.2
1299,4,GREEN,29.2,2,GREEN,6.2
1300,4,GREEN,29.2,2,GREEN,6.2
1301,4,GREEN,29.1,2,GREEN,6.1
1302,4,GREEN,29.1,2,GREEN,6.1
1303,4,GREEN,29.1,2,GREEN,6.1
1304,4,GREEN,29.0,2,GREEN,6.0
1305,4,GREEN,29.0,2,GREEN,6.0
1306,4,GREEN,29.0,2,GREEN,6.0
1307,4,GREEN,28.9,2,GREEN,5.9
1308,4,GREEN,28.9,2,GREEN,5.9
1309,4,GREEN,28.9,2,GREEN,5.9
1310,4,GREEN,28.8,2,GREEN,5.8
1311,4,GREEN,28.8,2,GREEN,5.8
1312,4,GREEN,28.8,2,GREEN,5.8
1313,4,GREEN,28.7,2,GREEN,5.7
1314,4,GREEN,28.7,2,GREEN,5.7
1315,4,GREEN,28.7,2,GREEN,5.7
1316,4,GREEN,28.6,2,GREEN,5.6
1317,4,GREEN,28.6,2,GREEN,5.6
1318,4,GREEN,28.6,2,GREEN,5.6
1319,4,GREEN,28.5,2,GREEN,5.5
1320,4,GREEN,28.5,2,GREEN,5.5
1321,4,GREEN,28.5,2,GREEN,5.5
1322,4,GREEN,28.4,2,GREEN,5.4
1323,4,GREEN,28.4,2,GREEN,5.4
1324,4,GREEN,28.4,2,GREEN,5.4
1325,4,GREEN,28.3,2,GREEN,5.3
1326,4,GREEN,28.3,2,GREEN,5.3
1327,4,GREEN,28.3,2,GREEN,5.3
1328,4,GREEN,28.2,2,GREEN,5.2
1329,4,GREEN,28.2,2,GREEN,5.2
1330,4,GREEN,28.2,2,GREEN,5.2
1331,4,GREEN,28.1,2,GREEN,5.1
1332,4,GREEN,28.1,2,GREEN,5.1
1333,4,GREEN,28.1,2,GREEN,5.1
1334,4,GREEN,28.0,2,GREEN,5.0
1335,4,GREEN,28.0,2,GREEN,5.0
1336,4,GREEN,28.0,2,GREEN,5.0
1337,4,GREEN,27.9,2,GREEN,4.9
1338,4,GREEN,27.9,2,GREEN,4.9
1339,4,GREEN,27.9,2,GREEN,4.9
1340,4,GREEN,27.8,2,GREEN,4.8
1341,4,GREEN,27.8,2,GREEN,4.8
1342,4,GREEN,27.8,2,GREEN,4.8
1343,4,GREEN,27.7,2,GREEN,4.7
1344,4,GREEN,27.7,2,GREEN,4.7
1345,4,GREEN,27.7,2,GREEN,4.7
1346,4,GREEN,27.6,2,GREEN,4.6
1347,4,GREEN,27.6,2,GREEN,4.6
1348,4,GREEN,27.6,2,GREEN,4.6
1349,4,GREEN,27.5,2,GREEN,4.5
1350,4,GREEN,27.5,2,GREEN,4.5
1351,4,GREEN,27.5,2,GREEN,4.5
1352,4,GREEN,27.4,2,GREEN,4.4
1353,4,GREEN,27.4,2,GREEN,4.4
1354,4,GREEN,27.4,2,GREEN,4.4
1355,4,GREEN,27.3,2,GREEN,4.3
1356,4,GREEN,27.3,2,GREEN,4.3
1357,4,GREEN,27.3,2,GREEN,4.3
1358,4,GREEN,27.2,2,GREEN,4.2
1359,4,GREEN,27.2,2,GREEN,4.2
1360,4,GREEN,27.2,2,GREEN,4.2
1361,4,GREEN,27.1,2,GREEN,4.1
1362,4,GREEN,27.1,2,GREEN,4.1
1363,4,GREEN,27.1,2,GREEN,4.1
1364,4,GREEN,27.0,2,GREEN,4.0
1365,4,GREEN,27.0,2,GREEN,4.0
1366,4,GREEN,27.0,2,GREEN,4.0
1367,4,GREEN,26.9,2,GREEN,3.9
1368,4,GREEN,26.9,2,GREEN,3.9
1369,4,GREEN,26.9,2,GREEN,3.9
1370,4,GREEN,26.8,2,GREEN,3.8
1371,4,GREEN,26.8,2,GREEN,3.8
1372,4,GREEN,26.8,2,GREEN,3.8
1373,4,GREEN,26.7,2,GREEN,3.7
1374,4,GREEN,26.7,2,GREEN,3.7
1375,4,GREEN,26.7,2,GREEN,3.7
1376,4,GREEN,26.6,2,GREEN,3.6
1377,4,GREEN,26.6,2,GREEN,3.6
1378,4,GREEN,26.6,2,GREEN,3.6
1379,4,GREEN,26.5,2,GREEN,3.5
1380,4,GREEN,26.5,2,GREEN,3.5
1381,4,GREEN,26.5,2,GREEN,3.5
1382,4,GREEN,26.4,2,GREEN,3.4
1383,4,GREEN,26.4,2,GREEN,3.4
1384,4,GREEN,26.4,2,GREEN,3.4
1385,4,GREEN,26.3,2,GREEN,3.3
1386,4,GREEN,26.3,2,GREEN,3.3
1387,4,GREEN,26.3,2,GREEN,3.3
1388,4,GREEN,26.2,2,GREEN,3.2
1389,4,GREEN,26.2,2,GREEN,3.2
1390,4,GREEN,26.2,2,GREEN,3.2
1391,4,GREEN,26.1,2,GREEN,3.1
1392,4,GREEN,26.1,2,GREEN,3.1
1393,4,GREEN,26.1,2,GREEN,3.1
1394,4,GREEN,26.0,2,GREEN,3.0
1395,4,GREEN,26.0,2,GREEN,3.0
1396,4,GREEN,26.0,2,GREEN,3.0
1397,4,GREEN,25.9,2,GREEN,2.9
1398,4,GREEN,25.9,2,GREEN,2.9
1399,4,GREEN,25.9,2,GREEN,2.9
1400,4,GREEN,25.8,2,GREEN,2.8
1401,4,GREEN,25.8,2,GREEN,2.8
1402,4,GREEN,25.8,2,GREEN,2.8
1403,4,GREEN,25.7,2,GREEN,2.7
1404,4,GREEN,25.7,2,GREEN,2.7
1405,4,GREEN,25.7,2,GREEN,2.7
1406,4,GREEN,25.6,2,GREEN,2.6
1407,4,GREEN,25.6,2,GREEN,2.6
1408,4,GREEN,25.6,2,GREEN,2.6
1409,4,GREEN,25.5,2,GREEN,2.5
1410,4,GREEN,25.5,2,GREEN,2.5
1411,4,GREEN,25.5,2,GREEN,2.5
1412,4,GREEN,25.4,2,GREEN,2.4
1413,4,GREEN,25.4,2,GREEN,2.4
1414,4,GREEN,25.4,2,GREEN,2.4
1415,4,GREEN,25.3,2,GREEN,2.3
1416,4,GREEN,25.3,2,GREEN,2.3
1417,4,GREEN,25.3,2,GREEN,2.3
1418,4,GREEN,25.2,2,GREEN,2.2
1419,4,GREEN,25.2,2,GREEN,2.2
1420,4,GREEN,25.2,2,GREEN,2.2
1421,4,GREEN,25.1,2,GREEN,2.1
1422,4,GREEN,25.1,2,GREEN,2.1
1423,4,GREEN,25.1,2,GREEN,2.1
1424,4,GREEN,25.0,2,GREEN,2.0
1425,4,GREEN,25.0,2,GREEN,2.0
1426,4,GREEN,25.0,2,GREEN,2.0
1427,4,GREEN,24.9,2,GREEN,1.9
1428,4,GREEN,24.9,2,GREEN,1.9
1429,4,GREEN,24.9,2,GREEN,1.9
1430,4,GREEN,24.8,2,GREEN,1.8
1431,4,GREEN,24.8,2,GREEN,1.8
1432,4,GREEN,24.8,2,GREEN,1.8
1433,4,GREEN,24.7,2,GREEN,1.7
1434,4,GREEN,24.7,2,GREEN,1.7
1435,4,GREEN,24.7,2,GREEN,1.7
1436,4,GREEN,24.6,2,GREEN,1.6
1437,4,GREEN,24.6,2,GREEN,1.6
1438,4,GREEN,24.6,2,GREEN,1.6
1439,4,GREEN,24.5,2,GREEN,1.5
1440,4,GREEN,24.5,2,GREEN,1.5
1441,4,GREEN,24.5,2,GREEN,1.5
1442,4,GREEN,24.4,2,GREEN,1.4
1443,4,GREEN,24.4,2,GREEN,1.4
1444,4,GREEN,24.4,2,GREEN,1.4
1445,4,GREEN,24.3,2,GREEN,1.3
1446,4,GREEN,24.3,2,GREEN,1.3
1447,4,GREEN,24.3,2,GREEN,1.3
1448,4,GREEN,24.2,2,GREEN,1.2
1449,4,GREEN,24.2,2,GREEN,1.2
1450,4,GREEN,24.2,2,GREEN,1.2
1451,4,GREEN,24.1,2,GREEN,1.1
1452,4,GREEN,24.1,2,GREEN,1.1
1453,4,GREEN,24.1,2,GREEN,1.1
1454,4,GREEN,24.0,2,GREEN,1.0
1455,4,GREEN,24.0,2,GREEN,1.0
1456,4,GREEN,24.0,2,GREEN,1.0
1457,4,GREEN,23.9,2,GREEN,0.9
1458,4,GREEN,23.9,2,GREEN,0.9
1459,4,GREEN,23.9,2,GREEN,0.9
1460,4,GREEN,23.8,2,GREEN,0.8
1461,4,GREEN,23.8,2,GREEN,0.8
1462,4,GREEN,23.8,2,GREEN,0.8
1463,4,GREEN,23.7,2,GREEN,0.7
1464,4,GREEN,23.7,2,GREEN,0.7
1465,4,GREEN,23.7,2,GREEN,0.7
1466,4,GREEN,23.6,2,GREEN,0.6
1467,4,GREEN,23.6,2,GREEN,0.6
1468,4,GREEN,23.6,2,GREEN,0.6
1469,4,GREEN,23.5,2,GREEN,0.5
1470,4,GREEN,23.5,2,GREEN,0.5
1471,4,GREEN,23.5,2,GREEN,0.5
1472,4,GREEN,23.4,2,GREEN,0.4
1473,4,GREEN,23.4,2,GREEN,0.4
1474,4,GREEN,23.4,2,GREEN,0.4
1475,4,GREEN,23.3,2,GREEN,0.3
1476,4,GREEN,23.3,2,GREEN,0.3
1477,4,GREEN,23.3,2,GREEN,0.3
1478,4,GREEN,23.2,2,GREEN,0.2
1479,4,GREEN,23.2,2,GREEN,0.2
1480,4,GREEN,23.2,2,GREEN,0.2
1481,4,GREEN,23.1,2,GREEN,0.1
1482,4,GREEN,23.1,2,GREEN,0.1
1483,4,GREEN,23.1,2,GREEN,0.1
1484,4,GREEN,23.0,2,GREEN,0.0
1485,4,GREEN,23.0,2,YELLOW,0.0
1486,4,GREEN,23.0,2,YELLOW,3.0
1487,4,GREEN,22.9,2,YELLOW,2.9
1488,4,GREEN,22.9,2,YELLOW,2.9
1489,4,GREEN,22.9,2,YELLOW,2.9
1490,4,GREEN,22.8,2,YELLOW,2.8
1491,4,GREEN,22.8,2,YELLOW,2.8
1492,4,GREEN,22.8,2,YELLOW,2.8
1493,4,GREEN,22.7,2,YELLOW,2.7
1494,4,GREEN,22.7,2,YELLOW,2.7
1495,4,GREEN,22.7,2,YELLOW,2.7
1496,4,GREEN,22.6,2,YELLOW,2.6
1497,4,GREEN,22.6,2,YELLOW,2.6
1498,4,GREEN,22.6,2,YELLOW,2.6
1499,4,GREEN,22.5,2,YELLOW,2.5
1500,4,GREEN,22.5,2,YELLOW,2.5
1501,4,GREEN,22.5,2,YELLOW,2.5
1502,4,GREEN,22.4,2,YELLOW,2.4
1503,4,GREEN,22.4,2,YELLOW,2.4
1504,4,GREEN,22.4,2,YELLOW,2.4
1505,4,GREEN,22.3,2,YELLOW,2.3
1506,4,GREEN,22.3,2,YELLOW,2.3
1507,4,GREEN,22.3,2,YELLOW,2.3
1508,4,GREEN,22.2,2,YELLOW,2.2
1509,4,GREEN,22.2,2,YELLOW,2.2
1510,4,GREEN,22.2,2,YELLOW,2.2
1511,4,GREEN,22.1,2,YELLOW,2.1
1512,4,GREEN,22.1,2,YELLOW,2.1
1513,4,GREEN,22.1,2,YELLOW,2.1
1514,4,GREEN,22.0,2,YELLOW,2.0
1515,4,GREEN,22.0,2,YELLOW,2.0
1516,4,GREEN,22.0,2,YELLOW,2.0
1517,4,GREEN,21.9,2,YELLOW,1.9
1518,4,GREEN,21.9,2,YELLOW,1.9
1519,4,GREEN,21.9,2,YELLOW,1.9
1520,4,GREEN,21.8,2,YELLOW,1.8
1521,4,GREEN,21.8,2,YELLOW,1.8
1522,4,GREEN,21.8,2,YELLOW,1.8
1523,4,GREEN,21.7,2,YELLOW,1.7
1524,4,GREEN,21.7,2,YELLOW,1.7
1525,4,GREEN,21.7,2,YELLOW,1.7
1526,4,GREEN,21.6,2,YELLOW,1.6
1527,4,GREEN,21.6,2,YELLOW,1.6
1528,4,GREEN,21.6,2,YELLOW,1.6
1529,4,GREEN,21.5,2,YELLOW,1.5
1530,4,GREEN,21.5,2,YELLOW,1.5
1531,4,GREEN,21.5,2,YELLOW,1.5
1532,4,GREEN,21.4,2,YELLOW,1.4
1533,4,GREEN,21.4,2,YELLOW,1.4
1534,4,GREEN,21.4,2,YELLOW,1.4
1535,4,GREEN,21.3,2,YELLOW,1.3
1536,4,GREEN,21.3,2,YELLOW,1.3
1537,4,GREEN,21.3,2,YELLOW,1.3
1538,4,GREEN,21.2,2,YELLOW,1.2
1539,4,GREEN,21.2,2,YELLOW,1.2
1540,4,GREEN,21.2,2,YELLOW,1.2
1541,4,GREEN,21.1,2,YELLOW,1.1
1542,4,GREEN,21.1,2,YELLOW,1.1
1543,4,GREEN,21.1,2,YELLOW,1.1
1544,4,GREEN,21.0,2,YELLOW,1.0
1545,4,GREEN,21.0,2,YELLOW,1.0
1546,4,GREEN,21.0,2,YELLOW,1.0
1547,4,GREEN,20.9,2,YELLOW,0.9
1548,4,GREEN,20.9,2,YELLOW,0.9
1549,4,GREEN,20.9,2,YELLOW,0.9
1550,4,GREEN,20.8,2,YELLOW,0.8
1551,4,GREEN,20.8,2,YELLOW,0.8
1552,4,GREEN,20.8,2,YELLOW,0.8
1553,4,GREEN,20.7,2,YELLOW,0.7
1554,4,GREEN,20.7,2,YELLOW,0.7
1555,4,GREEN,20.7,2,YELLOW,0.7
1556,4,GREEN,20.6,2,YELLOW,0.6
1557,4,GREEN,20.6,2,YELLOW,0.6
1558,4,GREEN,20.6,2,YELLOW,0.6
1559,4,GREEN,20.5,2,YELLOW,0.5
1560,4,GREEN,20.5,2,YELLOW,0.5
1561,4,GREEN,20.5,2,YELLOW,0.5
1562,4,GREEN,20.4,2,YELLOW,0.4
1563,4,GREEN,20.4,2,YELLOW,0.4
1564,4,GREEN,20.4,2,YELLOW,0.4
1565,4,GREEN,20.3,2,YELLOW,0.3
1566,4,GREEN,20.3,2,YELLOW,0.3
1567,4,GREEN,20.3,2,YELLOW,0.3
1568,4,GREEN,20.2,2,YELLOW,0.2
1569,4,GREEN,20.2,2,YELLOW,0.2
1570,4,GREEN,20.2,2,YELLOW,0.2
1571,4,GREEN,20.1,2,YELLOW,0.1
1572,4,GREEN,20.1,2,YELLOW,0.1
1573,4,GREEN,20.1,2,YELLOW,0.1
1574,4,GREEN,20.0,2,YELLOW,0.0
1575,4,GREEN,20.0,3,GREEN,12.0
1576,4,GREEN,20.0,3,GREEN,15.0
1577,4,GREEN,19.9,3,GREEN,14.9
1578,4,GREEN,19.9,3,GREEN,14.9
1579,4,GREEN,19.9,3,GREEN,14.9
1580,4,GREEN,19.8,3,GREEN,14.8
1581,4,GREEN,19.8,3,GREEN,14.8
1582,4,GREEN,19.8,3,GREEN,14.8
1583,4,GREEN,19.7,3,GREEN,14.7
1584,4,GREEN,19.7,3,GREEN,14.7
1585,4,GREEN,19.7,3,GREEN,14.7
1586,4,GREEN,19.6,3,GREEN,14.6
1587,4,GREEN,19.6,3,GREEN,14.6
1588,4,GREEN,19.6,3,GREEN,14.6
1589,4,GREEN,19.5,3,GREEN,14.5
1590,4,GREEN,19.5,3,GREEN,14.5
1591,4,GREEN,19.5,3,GREEN,14.5
1592,4,GREEN,19.4,3,GREEN,14.4
1593,4,GREEN,19.4,3,GREEN,14.4
1594,4,GREEN,19.4,3,GREEN,14.4
1595,4,GREEN,19.3,3,GREEN,14.3
1596,4,GREEN,19.3,3,GREEN,14.3
1597,4,GREEN,19.3,3,GREEN,14.3
1598,4,GREEN,19.2,3,GREEN,14.2
1599,4,GREEN,19.2,3,GREEN,14.2
1600,4,GREEN,19.2,3,GREEN,14.2
1601,4,GREEN,19.1,3,GREEN,14.1
1602,4,GREEN,19.1,3,GREEN,14.1
1603,4,GREEN,19.1,3,GREEN,14.1
1604,4,GREEN,19.0,3,GREEN,14.0
1605,4,GREEN,19.0,3,GREEN,14.0
1606,4,GREEN,19.0,3,GREEN,14.0
1607,4,GREEN,18.9,3,GREEN,13.9
1608,4,GREEN,18.9,3,GREEN,13.9
1609,4,GREEN,18.9,3,GREEN,13.9
1610,4,GREEN,18.8,3,GREEN,13.8
1611,4,GREEN,18.8,3,GREEN,13.8
1612,4,GREEN,18.8,3,GREEN,13.8
1613,4,GREEN,18.7,3,GREEN,13.7
1614,4,GREEN,18.7,3,GREEN,13.7
1615,4,GREEN,18.7,3,GREEN,13.7
1616,4,GREEN,18.6,3,GREEN,13.6
1617,4,GREEN,18.6,3,GREEN,13.6
1618,4,GREEN,18.6,3,GREEN,13.6
1619,4,GREEN,18.5,3,GREEN,13.5
1620,4,GREEN,18.5,3,GREEN,13.5
1621,4,GREEN,18.5,3,GREEN,13.5
1622,4,GREEN,18.4,3,GREEN,13.4
1623,4,GREEN,18.4,3,GREEN,13.4
1624,4,GREEN,18.4,3,GREEN,13.4
1625,4,GREEN,18.3,3,GREEN,13.3
1626,4,GREEN,18.3,3,GREEN,13.3
1627,4,GREEN,18.3,3,GREEN,13.3
1628,4,GREEN,18.2,3,GREEN,13.2
1629,4,GREEN,18.2,3,GREEN,13.2
1630,4,GREEN,18.2,3,GREEN,13.2
1631,4,GREEN,18.1,3,GREEN,13.1
1632,4,GREEN,18.1,3,GREEN,13.1
1633,4,GREEN,18.1,3,GREEN,13.1
1634,4,GREEN,18.0,3,GREEN,13.0
1635,4,GREEN,18.0,3,GREEN,13.0
1636,4,GREEN,18.0,3,GREEN,13.0
1637,4,GREEN,17.9,3,GREEN,12.9
1638,4,GREEN,17.9,3,GREEN,12.9
1639,4,GREEN,17.9,3,GREEN,12.9
1640,4,GREEN,17.8,3,GREEN,12.8
1641,4,GREEN,17.8,3,GREEN,12.8
1642,4,GREEN,17.8,3,GREEN,12.8
1643,4,GREEN,17.7,3,GREEN,12.7
1644,4,GREEN,17.7,3,GREEN,12.7
1645,4,GREEN,17.7,3,GREEN,12.7
1646,4,GREEN,17.6,3,GREEN,12.6
1647,4,GREEN,17.6,3,GREEN,12.6
1648,4,GREEN,17.6,3,GREEN,12.6
1649,4,GREEN,17.5,3,GREEN,12.5
1650,4,GREEN,17.5,3,GREEN,12.5
1651,4,GREEN,17.5,3,GREEN,12.5
1652,4,GREEN,17.4,3,GREEN,12.4
1653,4,GREEN,17.4,3,GREEN,12.4
1654,4,GREEN,17.4,3,GREEN,12.4
1655,4,GREEN,17.3,3,GREEN,12.3
1656,4,GREEN,17.3,3,GREEN,12.3
1657,4,GREEN,17.3,3,GREEN,12.3
1658,4,GREEN,17.2,3,GREEN,12.2
1659,4,GREEN,17.2,3,GREEN,12.2
1660,4,GREEN,17.2,3,GREEN,12.2
1661,4,GREEN,17.1,3,GREEN,12.1
1662,4,GREEN,17.1,3,GREEN,12.1
1663,4,GREEN,17.1,3,GREEN,12.1
1664,4,GREEN,17.0,3,GREEN,12.0
1665,4,GREEN,17.0,3,GREEN,12.0
1666,4,GREEN,17.0,3,GREEN,12.0
1667,4,GREEN,16.9,3,GREEN,11.9
1668,4,GREEN,16.9,3,GREEN,11.9
1669,4,GREEN,16.9,3,GREEN,11.9
1670,4,GREEN,16.8,3,GREEN,11.8
1671,4,GREEN,16.8,3,GREEN,11.8
1672,4,GREEN,16.8,3,GREEN,11.8
1673,4,GREEN,16.7,3,GREEN,11.7
1674,4,GREEN,16.7,3,GREEN,11.7
1675,4,GREEN,16.7,3,GREEN,11.7
1676,4,GREEN,16.6,3,GREEN,11.6
1677,4,GREEN,16.6,3,GREEN,11.6
1678,4,GREEN,16.6,3,GREEN,11.6
1679,4,GREEN,16.5,3,GREEN,11.5
1680,4,GREEN,16.5,3,GREEN,11.5
1681,4,GREEN,16.5,3,GREEN,11.5
1682,4,GREEN,16.4,3,GREEN,11.4
1683,4,GREEN,16.4,3,GREEN,11.4
1684,4,GREEN,16.4,3,GREEN,11.4
1685,4,GREEN,16.3,3,GREEN,11.3
1686,4,GREEN,16.3,3,GREEN,11.3
1687,4,GREEN,16.3,3,GREEN,11.3
1688,4,GREEN,16.2,3,GREEN,11.2
1689,4,GREEN,16.2,3,GREEN,11.2
1690,4,GREEN,16.2,3,GREEN,11.2
1691,4,GREEN,16.1,3,GREEN,11.1
1692,4,GREEN,16.1,3,GREEN,11.1
1693,4,GREEN,16.1,3,GREEN,11.1
1694,4,GREEN,16.0,3,GREEN,11.0
1695,4,GREEN,16.0,3,GREEN,11.0
1696,4,GREEN,16.0,3,GREEN,11.0
1697,4,GREEN,15.9,3,GREEN,10.9
1698,4,GREEN,15.9,3,GREEN,10.9
1699,4,GREEN,15.9,3,GREEN,10.9
1700,4,GREEN,15.8,3,GREEN,10.8
1701,4,GREEN,15.8,3,GREEN,10.8
1702,4,GREEN,15.8,3,GREEN,10.8
1703,4,GREEN,15.7,3,GREEN,10.7
1704,4,GREEN,15.7,3,GREEN,10.7
1705,4,GREEN,15.7,3,GREEN,10.7
1706,4,GREEN,15.6,3,GREEN,10.6
1707,4,GREEN,15.6,3,GREEN,10.6
1708,4,GREEN,15.6,3,GREEN,10.6
1709,4,GREEN,15.5,3,GREEN,10.5
1710,4,GREEN,15.5,3,GREEN,10.5
1711,4,GREEN,15.5,3,GREEN,10.5
1712,4,GREEN,15.4,3,GREEN,10.4
1713,4,GREEN,15.4,3,GREEN,10.4
1714,4,GREEN,15.4,3,GREEN,10.4
1715,4,GREEN,15.3,3,GREEN,10.3
1716,4,GREEN,15.3,3,GREEN,10.3
1717,4,GREEN,15.3,3,GREEN,10.3
1718,4,GREEN,15.2,3,GREEN,10.2
1719,4,GREEN,15.2,3,GREEN,10.2
1720,4,GREEN,15.2,3,GREEN,10.2
1721,4,GREEN,15.1,3,GREEN,10.1
1722,4,GREEN,15.1,3,GREEN,10.1
1723,4,GREEN,15.1,3,GREEN,10.1
1724,4,GREEN,15.0,3,GREEN,10.0
1725,4,GREEN,15.0,3,GREEN,10.0
1726,4,GREEN,15.0,3,GREEN,10.0
1727,4,GREEN,14.9,3,GREEN,9.9
1728,4,GREEN,14.9,3,GREEN,9.9
1729,4,GREEN,14.9,3,GREEN,9.9
1730,4,GREEN,14.8,3,GREEN,9.8
1731,4,GREEN,14.8,3,GREEN,9.8
1732,4,GREEN,14.8,3,GREEN,9.8
1733,4,GREEN,14.7,3,GREEN,9.7
1734,4,GREEN,14.7,3,GREEN,9.7
1735,4,GREEN,14.7,3,GREEN,9.7
1736,4,GREEN,14.6,3,GREEN,9.6
1737,4,GREEN,14.6,3,GREEN,9.6
1738,4,GREEN,14.6,3,GREEN,9.6
1739,4,GREEN,14.5,3,GREEN,9.5
1740,4,GREEN,14.5,3,GREEN,9.5
1741,4,GREEN,14.5,3,GREEN,9.5
1742,4,GREEN,14.4,3,GREEN,9.4
1743,4,GREEN,14.4,3,GREEN,9.4
1744,4,GREEN,14.4,3,GREEN,9.4
1745,4,GREEN,14.3,3,GREEN,9.3
1746,4,GREEN,14.3,3,GREEN,9.3
1747,4,GREEN,14.3,3,GREEN,9.3
1748,4,GREEN,14.2,3,GREEN,9.2
1749,4,GREEN,14.2,3,GREEN,9.2
1750,4,GREEN,14.2,3,GREEN,9.2
1751,4,GREEN,14.1,3,GREEN,9.1
1752,4,GREEN,14.1,3,GREEN,9.1
1753,4,GREEN,14.1,3,GREEN,9.1
1754,4,GREEN,14.0,3,GREEN,9.0
1755,4,GREEN,14.0,3,GREEN,9.0
1756,4,GREEN,14.0,3,GREEN,9.0
1757,4,GREEN,13.9,3,GREEN,8.9
1758,4,GREEN,13.9,3,GREEN,8.9
1759,4,GREEN,13.9,3,GREEN,8.9
1760,4,GREEN,13.8,3,GREEN,8.8
1761,4,GREEN,13.8,3,GREEN,8.8
1762,4,GREEN,13.8,3,GREEN,8.8
1763,4,GREEN,13.7,3,GREEN,8.7
1764,4,GREEN,13.7,3,GREEN,8.7
1765,4,GREEN,13.7,3,GREEN,8.7
1766,4,GREEN,13.6,3,GREEN,8.6
1767,4,GREEN,13.6,3,GREEN,8.6
1768,4,GREEN,13.6,3,GREEN,8.6
1769,4,GREEN,13.5,3,GREEN,8.5
1770,4,GREEN,13.5,3,GREEN,8.5
1771,4,GREEN,13.5,3,GREEN,8.5
1772,4,GREEN,13.4,3,GREEN,8.4
1773,4,GREEN,13.4,3,GREEN,8.4
1774,4,GREEN,13.4,3,GREEN,8.4
1775,4,GREEN,13.3,3,GREEN,8.3
1776,4,GREEN,13.3,3,GREEN,8.3
1777,4,GREEN,13.3,3,GREEN,8.3
1778,4,GREEN,13.2,3,GREEN,8.2
1779,4,GREEN,13.2,3,GREEN,8.2
1780,4,GREEN,13.2,3,GREEN,8.2
1781,4,GREEN,13.1,3,GREEN,8.1
1782,4,GREEN,13.1,3,GREEN,8.1
1783,4,GREEN,13.1,3,GREEN,8.1
1784,4,GREEN,13.0,3,GREEN,8.0
1785,4,GREEN,13.0,3,GREEN,8.0
1786,4,GREEN,13.0,3,GREEN,8.0
1787,4,GREEN,12.9,3,GREEN,7.9
1788,4,GREEN,12.9,3,GREEN,7.9
1789,4,GREEN,12.9,3,GREEN,7.9
1790,4,GREEN,12.8,3,GREEN,7.8
1791,4,GREEN,12.8,3,GREEN,7.8
1792,4,GREEN,12.8,3,GREEN,7.8
1793,4,GREEN,12.7,3,GREEN,7.7
1794,4,GREEN,12.7,3,GREEN,7.7
1795,4,GREEN,12.7,3,GREEN,7.7
1796,4,GREEN,12.6,3,GREEN,7.6
1797,4,GREEN,12.6,3,GREEN,7.6
1798,4,GREEN,12.6,3,GREEN,7.6
1799,4,GREEN,12.5,3,GREEN,7.5
1800,4,GREEN,12.5,3,GREEN,7.5
1801,4,GREEN,12.5,3,GREEN,7.5
1802,4,GREEN,12.4,3,GREEN,7.4
1803,4,GREEN,12.4,3,GREEN,7.4
1804,4,GREEN,12.4,3,GREEN,7.4
1805,4,GREEN,12.3,3,GREEN,7.3
1806,4,GREEN,12.3,3,GREEN,7.3
1807,4,GREEN,12.3,3,GREEN,7.3
1808,4,GREEN,12.2,3,GREEN,7.2
1809,4,GREEN,12.2,3,GREEN,7.2
1810,4,GREEN,12.2,3,GREEN,7.2
1811,4,GREEN,12.1,3,GREEN,7.1
1812,4,GREEN,12.1,3,GREEN,7.1
1813,4,GREEN,12.1,3,GREEN,7.1
1814,4,GREEN,12.0,3,GREEN,7.0
1815,4,GREEN,12.0,3,GREEN,7.0
1816,4,GREEN,12.0,3,GREEN,7.0
1817,4,GREEN,11.9,3,GREEN,6.9
1818,4,GREEN,11.9,3,GREEN,6.9
1819,4,GREEN,11.9,3,GREEN,6.9
1820,4,GREEN,11.8,3,GREEN,6.8
1821,4,GREEN,11.8,3,GREEN,6.8
1822,4,GREEN,11.8,3,GREEN,6.8
1823,4,GREEN,11.7,3,GREEN,6.7
1824,4,GREEN,11.7,3,GREEN,6.7
1825,4,GREEN,11.7,3,GREEN,6.7
1826,4,GREEN,11.6,3,GREEN,6.6
1827,4,GREEN,11.6,3,GREEN,6.6
1828,4,GREEN,11.6,3,GREEN,6.6
1829,4,GREEN,11.5,3,GREEN,6.5
1830,4,GREEN,11.5,3,GREEN,6.5
1831,4,GREEN,11.5,3,GREEN,6.5
1832,4,GREEN,11.4,3,GREEN,6.4
1833,4,GREEN,11.4,3,GREEN,6.4
1834,4,GREEN,11.4,3,GREEN,6.4
1835,4,GREEN,11.3,3,GREEN,6.3
1836,4,GREEN,11.3,3,GREEN,6.3
1837,4,GREEN,11.3,3,GREEN,6.3
1838,4,GREEN,11.2,3,GREEN,6.2
1839,4,GREEN,11.2,3,GREEN,6.2
1840,4,GREEN,11.2,3,GREEN,6.2
1841,4,GREEN,11.1,3,GREEN,6.1
1842,4,GREEN,11.1,3,GREEN,6.1
1843,4,GREEN,11.1,3,GREEN,6.1
1844,4,GREEN,11.0,3,GREEN,6.0
1845,4,GREEN,11.0,3,GREEN,6.0
1846,4,GREEN,11.0,3,GREEN,6.0
1847,4,GREEN,10.9,3,GREEN,5.9
1848,4,GREEN,10.9,3,GREEN,5.9
1849,4,GREEN,10.9,3,GREEN,5.9
1850,4,GREEN,10.8,3,GREEN,5.8
1851,4,GREEN,10.8,3,GREEN,5.8
1852,4,GREEN,10.8,3,GREEN,5.8
1853,4,GREEN,10.7,3,GREEN,5.7
1854,4,GREEN,10.7,3,GREEN,5.7
1855,4,GREEN,10.7,3,GREEN,5.7
1856,4,GREEN,10.6,3,GREEN,5.6
1857,4,GREEN,10.6,3,GREEN,5.6
1858,4,GREEN,10.6,3,GREEN,5.6
1859,4,GREEN,10.5,3,GREEN,5.5
1860,4,GREEN,10.5,3,GREEN,5.5
1861,4,GREEN,10.5,3,GREEN,5.5
1862,4,GREEN,10.4,3,GREEN,5.4
1863,4,GREEN,10.4,3,GREEN,5.4
1864,4,GREEN,10.4,3,GREEN,5.4
1865,4,GREEN,10.3,3,GREEN,5.3
1866,4,GREEN,10.3,3,GREEN,5.3
1867,4,GREEN,10.3,3,GREEN,5.3
1868,4,GREEN,10.2,3,GREEN,5.2
1869,4,GREEN,10.2,3,GREEN,5.2
1870,4,GREEN,10.2,3,GREEN,5.2
1871,4,GREEN,10.1,3,GREEN,5.1
1872,4,GREEN,10.1,3,GREEN,5.1
1873,4,GREEN,10.1,3,GREEN,5.1
1874,4,GREEN,10.0,3,GREEN,5.0
1875,4,GREEN,10.0,3,GREEN,5.0
1876,4,GREEN,10.0,3,GREEN,5.0
1877,4,GREEN,9.9,3,GREEN,4.9
1878,4,GREEN,9.9,3,GREEN,4.9
1879,4,GREEN,9.9,3,GREEN,4.9
1880,4,GREEN,9.8,3,GREEN,4.8
1881,4,GREEN,9.8,3,GREEN,4.8
1882,4,GREEN,9.8,3,GREEN,4.8
1883,4,GREEN,9.7,3,GREEN,4.7
1884,4,GREEN,9.7,3,GREEN,4.7
1885,4,GREEN,9.7,3,GREEN,4.7
1886,4,GREEN,9.6,3,GREEN,4.6
1887,4,GREEN,9.6,3,GREEN,4.6
1888,4,GREEN,9.6,3,GREEN,4.6
1889,4,GREEN,9.5,3,GREEN,4.5
1890,4,GREEN,9.5,3,GREEN,4.5
1891,4,GREEN,9.5,3,GREEN,4.5
1892,4,GREEN,9.4,3,GREEN,4.4
1893,4,GREEN,9.4,3,GREEN,4.4
1894,4,GREEN,9.4,3,GREEN,4.4
1895,4,GREEN,9.3,3,GREEN,4.3
1896,4,GREEN,9.3,3,GREEN,4.3
1897,4,GREEN,9.3,3,GREEN,4.3
1898,4,GREEN,9.2,3,GREEN,4.2
1899,4,GREEN,9.2,3,GREEN,4.2
1900,4,GREEN,9.2,3,GREEN,4.2
1901,4,GREEN,9.1,3,GREEN,4.1
1902,4,GREEN,9.1,3,GREEN,4.1
1903,4,GREEN,9.1,3,GREEN,4.1
1904,4,GREEN,9.0,3,GREEN,4.0
1905,4,GREEN,9.0,3,GREEN,4.0
1906,4,GREEN,9.0,3,GREEN,4.0
1907,4,GREEN,8.9,3,GREEN,3.9
1908,4,GREEN,8.9,3,GREEN,3.9
1909,4,GREEN,8.9,3,GREEN,3.9
1910,4,GREEN,8.8,3,GREEN,3.8
1911,4,GREEN,8.8,3,GREEN,3.8
1912,4,GREEN,8.8,3,GREEN,3.8
1913,4,GREEN,8.7,3,GREEN,3.7
1914,4,GREEN,8.7,3,GREEN,3.7
1915,4,GREEN,8.7,3,GREEN,3.7
1916,4,GREEN,8.6,3,GREEN,3.6
1917,4,GREEN,8.6,3,GREEN,3.6
1918,4,GREEN,8.6,3,GREEN,3.6
1919,4,GREEN,8.5,3,GREEN,3.5
1920,4,GREEN,8.5,3,GREEN,3.5
1921,4,GREEN,8.5,3,GREEN,3.5
1922,4,GREEN,8.4,3,GREEN,3.4
1923,4,GREEN,8.4,3,GREEN,3.4
1924,4,GREEN,8.4,3,GREEN,3.4
1925,4,GREEN,8.3,3,GREEN,3.3
1926,4,GREEN,8.3,3,GREEN,3.3
1927,4,GREEN,8.3,3,GREEN,3.3
1928,4,GREEN,8.2,3,GREEN,3.2
1929,4,GREEN,8.2,3,GREEN,3.2
1930,4,GREEN,8.2,3,GREEN,3.2
1931,4,GREEN,8.1,3,GREEN,3.1
1932,4,GREEN,8.1,3,GREEN,3.1
1933,4,GREEN,8.1,3,GREEN,3.1
1934,4,GREEN,8.0,3,GREEN,3.0
1935,4,GREEN,8.0,3,GREEN,3.0
1936,4,GREEN,8.0,3,GREEN,3.0
1937,4,GREEN,7.9,3,GREEN,2.9
1938,4,GREEN,7.9,3,GREEN,2.9
1939,4,GREEN,7.9,3,GREEN,2.9
1940,4,GREEN,7.8,3,GREEN,2.8
1941,4,GREEN,7.8,3,GREEN,2.8
1942,4,GREEN,7.8,3,GREEN,2.8
1943,4,GREEN,7.7,3,GREEN,2.7
1944,4,GREEN,7.7,3,GREEN,2.7
1945,4,GREEN,7.7,3,GREEN,2.7
1946,4,GREEN,7.6,3,GREEN,2.6
1947,4,GREEN,7.6,3,GREEN,2.6
1948,4,GREEN,7.6,3,GREEN,2.6
1949,4,GREEN,7.5,3,GREEN,2.5
1950,4,GREEN,7.5,3,GREEN,2.5
1951,4,GREEN,7.5,3,GREEN,2.5
1952,4,GREEN,7.4,3,GREEN,2.4
1953,4,GREEN,7.4,3,GREEN,2.4
1954,4,GREEN,7.4,3,GREEN,2.4
1955,4,GREEN,7.3,3,GREEN,2.3
1956,4,GREEN,7.3,3,GREEN,2.3
1957,4,GREEN,7.3,3,GREEN,2.3
1958,4,GREEN,7.2,3,GREEN,2.2
1959,4,GREEN,7.2,3,GREEN,2.2
1960,4,GREEN,7.2,3,GREEN,2.2
1961,4,GREEN,7.1,3,GREEN,2.1
1962,4,GREEN,7.1,3,GREEN,2.1
1963,4,GREEN,7.1,3,GREEN,2.1
1964,4,GREEN,7.0,3,GREEN,2.0
1965,4,GREEN,7.0,3,GREEN,2.0
1966,4,GREEN,7.0,3,GREEN,2.0
1967,4,GREEN,6.9,3,GREEN,1.9
1968,4,GREEN,6.9,3,GREEN,1.9
1969,4,GREEN,6.9,3,GREEN,1.9
1970,4,GREEN,6.8,3,GREEN,1.8
1971,4,GREEN,6.8,3,GREEN,1.8
1972,4,GREEN,6.8,3,GREEN,1.8
1973,4,GREEN,6.7,3,GREEN,1.7
1974,4,GREEN,6.7,3,GREEN,1.7
1975,4,GREEN,6.7,3,GREEN,1.7
1976,4,GREEN,6.6,3,GREEN,1.6
1977,4,GREEN,6.6,3,GREEN,1.6
1978,4,GREEN,6.6,3,GREEN,1.6
1979,4,GREEN,6.5,3,GREEN,1.5
1980,4,GREEN,6.5,3,GREEN,1.5
1981,4,GREEN,6.5,3,GREEN,1.5
1982,4,GREEN,6.4,3,GREEN,1.4
1983,4,GREEN,6.4,3,GREEN,1.4
1984,4,GREEN,6.4,3,GREEN,1.4
1985,4,GREEN,6.3,3,GREEN,1.3
1986,4,GREEN,6.3,3,GREEN,1.3
1987,4,GREEN,6.3,3,GREEN,1.3
1988,4,GREEN,6.2,3,GREEN,1.2
1989,4,GREEN,6.2,3,GREEN,1.2
1990,4,GREEN,6.2,3,GREEN,1.2
1991,4,GREEN,6.1,3,GREEN,1.1
1992,4,GREEN,6.1,3,GREEN,1.1
1993,4,GREEN,6.1,3,GREEN,1.1
1994,4,GREEN,6.0,3,GREEN,1.0
1995,4,GREEN,6.0,3,GREEN,1.0
1996,4,GREEN,6.0,3,GREEN,1.0
1997,4,GREEN,5.9,3,GREEN,0.9
1998,4,GREEN,5.9,3,GREEN,0.9
1999,4,GREEN,5.9,3,GREEN,0.9
2000,4,GREEN,5.8,3,GREEN,0.8
2001,4,GREEN,5.8,3,GREEN,0.8
2002,4,GREEN,5.8,3,GREEN,0.8
2003,4,GREEN,5.7,3,GREEN,0.7
2004,4,GREEN,5.7,3,GREEN,0.7
2005,4,GREEN,5.7,3,GREEN,0.7
2006,4,GREEN,5.6,3,GREEN,0.6
2007,4,GREEN,5.6,3,GREEN,0.6
2008,4,GREEN,5.6,3,GREEN,0.6
2009,4,GREEN,5.5,3,GREEN,0.5
2010,4,GREEN,5.5,3,GREEN,0.5
2011,4,GREEN,5.5,3,GREEN,0.5
2012,4,GREEN,5.4,3,GREEN,0.4
2013,4,GREEN,5.4,3,GREEN,0.4
2014,4,GREEN,5.4,3,GREEN,0.4
2015,4,GREEN,5.3,3,GREEN,0.3
2016,4,GREEN,5.3,3,GREEN,0.3
2017,4,GREEN,5.3,3,GREEN,0.3
2018,4,GREEN,5.2,3,GREEN,0.2
2019,4,GREEN,5.2,3,GREEN,0.2
2020,4,GREEN,5.2,3,GREEN,0.2
2021,4,GREEN,5.1,3,GREEN,0.1
2022,4,GREEN,5.1,3,GREEN,0.1
2023,4,GREEN,5.1,3,GREEN,0.1
2024,4,GREEN,5.0,3,GREEN,0.0
2025,4,GREEN,5.0,3,YELLOW,0.0
2026,4,GREEN,5.0,3,YELLOW,3.0
2027,4,GREEN,4.9,3,YELLOW,2.9
2028,4,GREEN,4.9,3,YELLOW,2.9
2029,4,GREEN,4.9,3,YELLOW,2.9
2030,4,GREEN,4.8,3,YELLOW,2.8
2031,4,GREEN,4.8,3,YELLOW,2.8
2032,4,GREEN,4.8,3,YELLOW,2.8
2033,4,GREEN,4.7,3,YELLOW,2.7
2034,4,GREEN,4.7,3,YELLOW,2.7
2035,4,GREEN,4.7,3,YELLOW,2.7
2036,4,GREEN,4.6,3,YELLOW,2.6
2037,4,GREEN,4.6,3,YELLOW,2.6
2038,4,GREEN,4.6,3,YELLOW,2.6
2039,4,GREEN,4.5,3,YELLOW,2.5
2040,4,GREEN,4.5,3,YELLOW,2.5
2041,4,GREEN,4.5,3,YELLOW,2.5
2042,4,GREEN,4.4,3,YELLOW,2.4
2043,4,GREEN,4.4,3,YELLOW,2.4
2044,4,GREEN,4.4,3,YELLOW,2.4
2045,4,GREEN,4.3,3,YELLOW,2.3
2046,4,GREEN,4.3,3,YELLOW,2.3
2047,4,GREEN,4.3,3,YELLOW,2.3
2048,4,GREEN,4.2,3,YELLOW,2.2
2049,4,GREEN,4.2,3,YELLOW,2.2
2050,4,GREEN,4.2,3,YELLOW,2.2
2051,4,GREEN,4.1,3,YELLOW,2.1
2052,4,GREEN,4.1,3,YELLOW,2.1
2053,4,GREEN,4.1,3,YELLOW,2.1
2054,4,GREEN,4.0,3,YELLOW,2.0
2055,4,GREEN,4.0,3,YELLOW,2.0
2056,4,GREEN,4.0,3,YELLOW,2.0
2057,4,GREEN,3.9,3,YELLOW,1.9
2058,4,GREEN,3.9,3,YELLOW,1.9
2059,4,GREEN,3.9,3,YELLOW,1.9
2060,4,GREEN,3.8,3,YELLOW,1.8
2061,4,GREEN,3.8,3,YELLOW,1.8
2062,4,GREEN,3.8,3,YELLOW,1.8
2063,4,GREEN,3.7,3,YELLOW,1.7
2064,4,GREEN,3.7,3,YELLOW,1.7
2065,4,GREEN,3.7,3,YELLOW,1.7
2066,4,GREEN,3.6,3,YELLOW,1.6
2067,4,GREEN,3.6,3,YELLOW,1.6
2068,4,GREEN,3.6,3,YELLOW,1.6
2069,4,GREEN,3.5,3,YELLOW,1.5
2070,4,GREEN,3.5,3,YELLOW,1.5
2071,4,GREEN,3.5,3,YELLOW,1.5
2072,4,GREEN,3.4,3,YELLOW,1.4
2073,4,GREEN,3.4,3,YELLOW,1.4
2074,4,GREEN,3.4,3,YELLOW,1.4
2075,4,GREEN,3.3,3,YELLOW,1.3
2076,4,GREEN,3.3,3,YELLOW,1.3
2077,4,GREEN,3.3,3,YELLOW,1.3
2078,4,GREEN,3.2,3,YELLOW,1.2
2079,4,GREEN,3.2,3,YELLOW,1.2
2080,4,GREEN,3.2,3,YELLOW,1.2
2081,4,GREEN,3.1,3,YELLOW,1.1
2082,4,GREEN,3.1,3,YELLOW,1.1
2083,4,GREEN,3.1,3,YELLOW,1.1
2084,4,GREEN,3.0,3,YELLOW,1.0
2085,4,GREEN,3.0,3,YELLOW,1.0
2086,4,GREEN,3.0,3,YELLOW,1.0
2087,4,GREEN,2.9,3,YELLOW,0.9
2088,4,GREEN,2.9,3,YELLOW,0.9
2089,4,GREEN,2.9,3,YELLOW,0.9
2090,4,GREEN,2.8,3,YELLOW,0.8
2091,4,GREEN,2.8,3,YELLOW,0.8
2092,4,GREEN,2.8,3,YELLOW,0.8
2093,4,GREEN,2.7,3,YELLOW,0.7
2094,4,GREEN,2.7,3,YELLOW,0.7
2095,4,GREEN,2.7,3,YELLOW,0.7
2096,4,GREEN,2.6,3,YELLOW,0.6
2097,4,GREEN,2.6,3,YELLOW,0.6
2098,4,GREEN,2.6,3,YELLOW,0.6
2099,4,GREEN,2.5,3,YELLOW,0.5
2100,4,GREEN,2.5,3,YELLOW,0.5
2101,4,GREEN,2.5,3,YELLOW,0.5
2102,4,GREEN,2.4,3,YELLOW,0.4
2103,4,GREEN,2.4,3,YELLOW,0.4
2104,4,GREEN,2.4,3,YELLOW,0.4
2105,4,GREEN,2.3,3,YELLOW,0.3
2106,4,GREEN,2.3,3,YELLOW,0.3
2107,4,GREEN,2.3,3,YELLOW,0.3
2108,4,GREEN,2.2,3,YELLOW,0.2
2109,4,GREEN,2.2,3,YELLOW,0.2
2110,4,GREEN,2.2,3,YELLOW,0.2
2111,4,GREEN,2.1,3,YELLOW,0.1
2112,4,GREEN,2.1,3,YELLOW,0.1
2113,4,GREEN,2.1,3,YELLOW,0.1
2114,4,GREEN,2.0,3,YELLOW,0.0
2115,4,GREEN,2.0,4,GREEN,27.0
2116,4,GREEN,2.0,4,GREEN,30.0
2117,4,GREEN,1.9,4,GREEN,29.9
2118,4,GREEN,1.9,4,GREEN,29.9
2119,4,GREEN,1.9,4,GREEN,29.9
2120,4,GREEN,1.8,4,GREEN,29.8
2121,4,GREEN,1.8,4,GREEN,29.8
2122,4,GREEN,1.8,4,GREEN,29.8
2123,4,GREEN,1.7,4,GREEN,29.7
2124,4,GREEN,1.7,4,GREEN,29.7
2125,4,GREEN,1.7,4,GREEN,29.7
2126,4,GREEN,1.6,4,GREEN,29.6
2127,4,GREEN,1.6,4,GREEN,29.6
2128,4,GREEN,1.6,4,GREEN,29.6
2129,4,GREEN,1.5,4,GREEN,29.5
2130,4,GREEN,1.5,4,GREEN,29.5
2131,4,GREEN,1.5,4,GREEN,29.5
2132,4,GREEN,1.4,4,GREEN,29.4
2133,4,GREEN,1.4,4,GREEN,29.4
2134,4,GREEN,1.4,4,GREEN,29.4
2135,4,GREEN,1.3,4,GREEN,29.3
2136,4,GREEN,1.3,4,GREEN,29.3
2137,4,GREEN,1.3,4,GREEN,29.3
2138,4,GREEN,1.2,4,GREEN,29.2
2139,4,GREEN,1.2,4,GREEN,29.2
2140,4,GREEN,1.2,4,GREEN,29.2
2141,4,GREEN,1.1,4,GREEN,29.1
2142,4,GREEN,1.1,4,GREEN,29.1
2143,4,GREEN,1.1,4,GREEN,29.1
2144,4,GREEN,1.0,4,GREEN,29.0
2145,4,GREEN,1.0,4,GREEN,29.0
2146,4,GREEN,1.0,4,GREEN,29.0
2147,4,GREEN,0.9,4,GREEN,28.9
2148,4,GREEN,0.9,4,GREEN,28.9
2149,4,GREEN,0.9,4,GREEN,28.9
2150,4,GREEN,0.8,4,GREEN,28.8
2151,4,GREEN,0.8,4,GREEN,28.8
2152,4,GREEN,0.8,4,GREEN,28.8
2153,4,GREEN,0.7,4,GREEN,28.7
2154,4,GREEN,0.7,4,GREEN,28.7
2155,4,GREEN,0.7,4,GREEN,28.7
2156,4,GREEN,0.6,4,GREEN,28.6
2157,4,GREEN,0.6,4,GREEN,28.6
2158,4,GREEN,0.6,4,GREEN,28.6
2159,4,GREEN,0.5,4,GREEN,28.5
2160,4,GREEN,0.5,4,GREEN,28.5
2161,4,GREEN,0.5,4,GREEN,28.5
2162,4,GREEN,0.4,4,GREEN,28.4
2163,4,GREEN,0.4,4,GREEN,28.4
2164,4,GREEN,0.4,4,GREEN,28.4
2165,4,GREEN,0.3,4,GREEN,28.3
2166,4,GREEN,0.3,4,GREEN,28.3
2167,4,GREEN,0.3,4,GREEN,28.3
2168,4,GREEN,0.2,4,GREEN,28.2
2169,4,GREEN,0.2,4,GREEN,28.2
2170,4,GREEN,0.2,4,GREEN,28.2
2171,4,GREEN,0.1,4,GREEN,28.1
2172,4,GREEN,0.1,4,GREEN,28.1
2173,4,GREEN,0.1,4,GREEN,28.1
2174,4,GREEN,0.0,4,GREEN,28.0
2175,4,YELLOW,0.0,4,GREEN,28.0
2176,4,YELLOW,3.0,4,GREEN,28.0
2177,4,YELLOW,2.9,4,GREEN,27.9
2178,4,YELLOW,2.9,4,GREEN,27.9
2179,4,YELLOW,2.9,4,GREEN,27.9
2180,4,YELLOW,2.8,4,GREEN,27.8
2181,4,YELLOW,2.8,4,GREEN,27.8
2182,4,YELLOW,2.8,4,GREEN,27.8
2183,4,YELLOW,2.7,4,GREEN,27.7
2184,4,YELLOW,2.7,4,GREEN,27.7
2185,4,YELLOW,2.7,4,GREEN,27.7
2186,4,YELLOW,2.6,4,GREEN,27.6
2187,4,YELLOW,2.6,4,GREEN,27.6
2188,4,YELLOW,2.6,4,GREEN,27.6
2189,4,YELLOW,2.5,4,GREEN,27.5
2190,4,YELLOW,2.5,4,GREEN,27.5
2191,4,YELLOW,2.5,4,GREEN,27.5
2192,4,YELLOW,2.4,4,GREEN,27.4
2193,4,YELLOW,2.4,4,GREEN,27.4
2194,4,YELLOW,2.4,4,GREEN,27.4
2195,4,YELLOW,2.3,4,GREEN,27.3
2196,4,YELLOW,2.3,4,GREEN,27.3
2197,4,YELLOW,2.3,4,GREEN,27.3
2198,4,YELLOW,2.2,4,GREEN,27.2
2199,4,YELLOW,2.2,4,GREEN,27.2
2200,4,YELLOW,2.2,4,GREEN,27.2
2201,4,YELLOW,2.1,4,GREEN,27.1
2202,4,YELLOW,2.1,4,GREEN,27.1
2203,4,YELLOW,2.1,4,GREEN,27.1
2204,4,YELLOW,2.0,4,GREEN,27.0
2205,4,YELLOW,2.0,4,GREEN,27.0
2206,4,YELLOW,2.0,4,GREEN,27.0
2207,4,YELLOW,1.9,4,GREEN,26.9
2208,4,YELLOW,1.9,4,GREEN,26.9
2209,4,YELLOW,1.9,4,GREEN,26.9
2210,4,YELLOW,1.8,4,GREEN,26.8
2211,4,YELLOW,1.8,4,GREEN,26.8
2212,4,YELLOW,1.8,4,GREEN,26.8
2213,4,YELLOW,1.7,4,GREEN,26.7
2214,4,YELLOW,1.7,4,GREEN,26.7
2215,4,YELLOW,1.7,4,GREEN,26.7
2216,4,YELLOW,1.6,4,GREEN,26.6
2217,4,YELLOW,1.6,4,GREEN,26.6
2218,4,YELLOW,1.6,4,GREEN,26.6
2219,4,YELLOW,1.5,4,GREEN,26.5
2220,4,YELLOW,1.5,4,GREEN,26.5
2221,4,YELLOW,1.5,4,GREEN,26.5
2222,4,YELLOW,1.4,4,GREEN,26.4
2223,4,YELLOW,1.4,4,GREEN,26.4
2224,4,YELLOW,1.4,4,GREEN,26.4
2225,4,YELLOW,1.3,4,GREEN,26.3
2226,4,YELLOW,1.3,4,GREEN,26.3
2227,4,YELLOW,1.3,4,GREEN,26.3
2228,4,YELLOW,1.2,4,GREEN,26.2
2229,4,YELLOW,1.2,4,GREEN,26.2
2230,4,YELLOW,1.2,4,GREEN,26.2
2231,4,YELLOW,1.1,4,GREEN,26.1
2232,4,YELLOW,1.1,4,GREEN,26.1
2233,4,YELLOW,1.1,4,GREEN,26.1
2234,4,YELLOW,1.0,4,GREEN,26.0
2235,4,YELLOW,1.0,4,GREEN,26.0
2236,4,YELLOW,1.0,4,GREEN,26.0
2237,4,YELLOW,0.9,4,GREEN,25.9
2238,4,YELLOW,0.9,4,GREEN,25.9
2239,4,YELLOW,0.9,4,GREEN,25.9
2240,4,YELLOW,0.8,4,GREEN,25.8
2241,4,YELLOW,0.8,4,GREEN,25.8
2242,4,YELLOW,0.8,4,GREEN,25.8
2243,4,YELLOW,0.7,4,GREEN,25.7
2244,4,YELLOW,0.7,4,GREEN,25.7
2245,4,YELLOW,0.7,4,GREEN,25.7
2246,4,YELLOW,0.6,4,GREEN,25.6
2247,4,YELLOW,0.6,4,GREEN,25.6
2248,4,YELLOW,0.6,4,GREEN,25.6
2249,4,YELLOW,0.5,4,GREEN,25.5
2250,4,YELLOW,0.5,4,GREEN,25.5
2251,4,YELLOW,0.5,4,GREEN,25.5
2252,4,YELLOW,0.4,4,GREEN,25.4
2253,4,YELLOW,0.4,4,GREEN,25.4
2254,4,YELLOW,0.4,4,GREEN,25.4
2255,4,YELLOW,0.3,4,GREEN,25.3
2256,4,YELLOW,0.3,4,GREEN,25.3
2257,4,YELLOW,0.3,4,GREEN,25.3
2258,4,YELLOW,0.2,4,GREEN,25.2
2259,4,YELLOW,0.2,4,GREEN,25.2
2260,4,YELLOW,0.2,4,GREEN,25.2
2261,4,YELLOW,0.1,4,GREEN,25.1
2262,4,YELLOW,0.1,4,GREEN,25.1
2263,4,YELLOW,0.1,4,GREEN,25.1
2264,4,YELLOW,0.0,4,GREEN,25.0
2265,5,GREEN,2.0,4,GREEN,25.0
2266,5,GREEN,5.0,4,GREEN,25.0
2267,5,GREEN,4.9,4,GREEN,24.9
2268,5,GREEN,4.9,4,GREEN,24.9
2269,5,GREEN,4.9,4,GREEN,24.9
2270,5,GREEN,4.8,4,GREEN,24.8
2271,5,GREEN,4.8,4,GREEN,24.8
2272,5,GREEN,4.8,4,GREEN,24.8
2273,5,GREEN,4.7,4,GREEN,24.7
2274,5,GREEN,4.7,4,GREEN,24.7
2275,5,GREEN,4.7,4,GREEN,24.7
2276,5,GREEN,4.6,4,GREEN,24.6
2277,5,GREEN,4.6,4,GREEN,24.6
2278,5,GREEN,4.6,4,GREEN,24.6
2279,5,GREEN,4.5,4,GREEN,24.5
2280,5,GREEN,4.5,4,GREEN,24.5
2281,5,GREEN,4.5,4,GREEN,24.5
2282,5,GREEN,4.4,4,GREEN,24.4
2283,5,GREEN,4.4,4,GREEN,24.4
2284,5,GREEN,4.4,4,GREEN,24.4
2285,5,GREEN,4.3,4,GREEN,24.3
2286,5,GREEN,4.3,4,GREEN,24.3
2287,5,GREEN,4.3,4,GREEN,24.3
2288,5,GREEN,4.2,4,GREEN,24.2
2289,5,GREEN,4.2,4,GREEN,24.2
2290,5,GREEN,4.2,4,GREEN,24.2
2291,5,GREEN,4.1,4,GREEN,24.1
2292,5,GREEN,4.1,4,GREEN,24.1
2293,5,GREEN,4.1,4,GREEN,24.1
2294,5,GREEN,4.0,4,GREEN,24.0
2295,5,GREEN,4.0,4,GREEN,24.0
2296,5,GREEN,4.0,4,GREEN,24.0
2297,5,GREEN,3.9,4,GREEN,23.9
2298,5,GREEN,3.9,4,GREEN,23.9
2299,5,GREEN,3.9,4,GREEN,23.9
2300,5,GREEN,3.8,4,GREEN,23.8
2301,5,GREEN,3.8,4,GREEN,23.8
2302,5,GREEN,3.8,4,GREEN,23.8
2303,5,GREEN,3.7,4,GREEN,23.7
2304,5,GREEN,3.7,4,GREEN,23.7
2305,5,GREEN,3.7,4,GREEN,23.7
2306,5,GREEN,3.6,4,GREEN,23.6
2307,5,GREEN,3.6,4,GREEN,23.6
2308,5,GREEN,3.6,4,GREEN,23.6
2309,5,GREEN,3.5,4,GREEN,23.5
2310,5,GREEN,3.5,4,GREEN,23.5
2311,5,GREEN,3.5,4,GREEN,23.5
2312,5,GREEN,3.4,4,GREEN,23.4
2313,5,GREEN,3.4,4,GREEN,23.4
2314,5,GREEN,3.4,4,GREEN,23.4
2315,5,GREEN,3.3,4,GREEN,23.3
2316,5,GREEN,3.3,4,GREEN,23.3
2317,5,GREEN,3.3,4,GREEN,23.3
2318,5,GREEN,3.2,4,GREEN,23.2
2319,5,GREEN,3.2,4,GREEN,23.2
2320,5,GREEN,3.2,4,GREEN,23.2
2321,5,GREEN,3.1,4,GREEN,23.1
2322,5,GREEN,3.1,4,GREEN,23.1
2323,5,GREEN,3.1,4,GREEN,23.1
2324,5,GREEN,3.0,4,GREEN,23.0
2325,5,GREEN,3.0,4,GREEN,23.0
2326,5,GREEN,3.0,4,GREEN,23.0
2327,5,GREEN,2.9,4,GREEN,22.9
2328,5,GREEN,2.9,4,GREEN,22.9
2329,5,GREEN,2.9,4,GREEN,22.9
2330,5,GREEN,2.8,4,GREEN,22.8
2331,5,GREEN,2.8,4,GREEN,22.8
2332,5,GREEN,2.8,4,GREEN,22.8
2333,5,GREEN,2.7,4,GREEN,22.7
2334,5,GREEN,2.7,4,GREEN,22.7
2335,5,GREEN,2.7,4,GREEN,22.7
2336,5,GREEN,2.6,4,GREEN,22.6
2337,5,GREEN,2.6,4,GREEN,22.6
2338,5,GREEN,2.6,4,GREEN,22.6
2339,5,GREEN,2.5,4,GREEN,22.5
2340,5,GREEN,2.5,4,GREEN,22.5
2341,5,GREEN,2.5,4,GREEN,22.5
2342,5,GREEN,2.4,4,GREEN,22.4
2343,5,GREEN,2.4,4,GREEN,22.4
2344,5,GREEN,2.4,4,GREEN,22.4
2345,5,GREEN,2.3,4,GREEN,22.3
2346,5,GREEN,2.3,4,GREEN,22.3
2347,5,GREEN,2.3,4,GREEN,22.3
2348,5,GREEN,2.2,4,GREEN,22.2
2349,5,GREEN,2.2,4,GREEN,22.2
2350,5,GREEN,2.2,4,GREEN,22.2
2351,5,GREEN,2.1,4,GREEN,22.1
2352,5,GREEN,2.1,4,GREEN,22.1
2353,5,GREEN,2.1,4,GREEN,22.1
2354,5,GREEN,2.0,4,GREEN,22.0
2355,5,GREEN,2.0,4,GREEN,22.0
2356,5,GREEN,2.0,4,GREEN,22.0
2357,5,GREEN,1.9,4,GREEN,21.9
2358,5,GREEN,1.9,4,GREEN,21.9
2359,5,GREEN,1.9,4,GREEN,21.9
2360,5,GREEN,1.8,4,GREEN,21.8
2361,5,GREEN,1.8,4,GREEN,21.8
2362,5,GREEN,1.8,4,GREEN,21.8
2363,5,GREEN,1.7,4,GREEN,21.7
2364,5,GREEN,1.7,4,GREEN,21.7
2365,5,GREEN,1.7,4,GREEN,21.7
2366,5,GREEN,1.6,4,GREEN,21.6
2367,5,GREEN,1.6,4,GREEN,21.6
2368,5,GREEN,1.6,4,GREEN,21.6
2369,5,GREEN,1.5,4,GREEN,21.5
2370,5,GREEN,1.5,4,GREEN,21.5
2371,5,GREEN,1.5,4,GREEN,21.5
2372,5,GREEN,1.4,4,GREEN,21.4
2373,5,GREEN,1.4,4,GREEN,21.4
2374,5,GREEN,1.4,4,GREEN,21.4
2375,5,GREEN,1.3,4,GREEN,21.3
2376,5,GREEN,1.3,4,GREEN,21.3
2377,5,GREEN,1.3,4,GREEN,21.3
2378,5,GREEN,1.2,4,GREEN,21.2
2379,5,GREEN,1.2,4,GREEN,21.2
2380,5,GREEN,1.2,4,GREEN,21.2
2381,5,GREEN,1.1,4,GREEN,21.1
2382,5,GREEN,1.1,4,GREEN,21.1
2383,5,GREEN,1.1,4,GREEN,21.1
2384,5,GREEN,1.0,4,GREEN,21.0
2385,5,GREEN,1.0,4,GREEN,21.0
2386,5,GREEN,1.0,4,GREEN,21.0
2387,5,GREEN,0.9,4,GREEN,20.9
2388,5,GREEN,0.9,4,GREEN,20.9
2389,5,GREEN,0.9,4,GREEN,20.9
2390,5,GREEN,0.8,4,GREEN,20.8
2391,5,GREEN,0.8,4,GREEN,20.8
2392,5,GREEN,0.8,4,GREEN,20.8
2393,5,GREEN,0.7,4,GREEN,20.7
2394,5,GREEN,0.7,4,GREEN,20.7
2395,5,GREEN,0.7,4,GREEN,20.7
2396,5,GREEN,0.6,4,GREEN,20.6
2397,5,GREEN,0.6,4,GREEN,20.6
2398,5,GREEN,0.6,4,GREEN,20.6
2399,5,GREEN,0.5,4,GREEN,20.5
2400,5,GREEN,0.5,4,GREEN,20.5
2401,5,GREEN,0.5,4,GREEN,20.5
2402,5,GREEN,0.4,4,GREEN,20.4
2403,5,GREEN,0.4,4,GREEN,20.4
2404,5,GREEN,0.4,4,GREEN,20.4
2405,5,GREEN,0.3,4,GREEN,20.3
2406,5,GREEN,0.3,4,GREEN,20.3
2407,5,GREEN,0.3,4,GREEN,20.3
2408,5,GREEN,0.2,4,GREEN,20.2
2409,5,GREEN,0.2,4,GREEN,20.2
2410,5,GREEN,0.2,4,GREEN,20.2
2411,5,GREEN,0.1,4,GREEN,20.1
2412,5,GREEN,0.1,4,GREEN,20.1
2413,5,GREEN,0.1,4,GREEN,20.1
2414,5,GREEN,0.0,4,GREEN,20.0
2415,5,YELLOW,0.0,4,GREEN,20.0
2416,5,YELLOW,3.0,4,GREEN,20.0
2417,5,YELLOW,2.9,4,GREEN,19.9
2418,5,YELLOW,2.9,4,GREEN,19.9
2419,5,YELLOW,2.9,4,GREEN,19.9
2420,5,YELLOW,2.8,4,GREEN,19.8
2421,5,YELLOW,2.8,4,GREEN,19.8
2422,5,YELLOW,2.8,4,GREEN,19.8
2423,5,YELLOW,2.7,4,GREEN,19.7
2424,5,YELLOW,2.7,4,GREEN,19.7
2425,5,YELLOW,2.7,4,GREEN,19.7
2426,5,YELLOW,2.6,4,GREEN,19.6
2427,5,YELLOW,2.6,4,GREEN,19.6
2428,5,YELLOW,2.6,4,GREEN,19.6
2429,5,YELLOW,2.5,4,GREEN,19.5
2430,5,YELLOW,2.5,4,GREEN,19.5
2431,5,YELLOW,2.5,4,GREEN,19.5
2432,5,YELLOW,2.4,4,GREEN,19.4
2433,5,YELLOW,2.4,4,GREEN,19.4
2434,5,YELLOW,2.4,4,GREEN,19.4
2435,5,YELLOW,2.3,4,GREEN,19.3
2436,5,YELLOW,2.3,4,GREEN,19.3
2437,5,YELLOW,2.3,4,GREEN,19.3
2438,5,YELLOW,2.2,4,GREEN,19.2
2439,5,YELLOW,2.2,4,GREEN,19.2
2440,5,YELLOW,2.2,4,GREEN,19.2
2441,5,YELLOW,2.1,4,GREEN,19.1
2442,5,YELLOW,2.1,4,GREEN,19.1
2443,5,YELLOW,2.1,4,GREEN,19.1
2444,5,YELLOW,2.0,4,GREEN,19.0
2445,5,YELLOW,2.0,4,GREEN,19.0
2446,5,YELLOW,2.0,4,GREEN,19.0
2447,5,YELLOW,1.9,4,GREEN,18.9
2448,5,YELLOW,1.9,4,GREEN,18.9
2449,5,YELLOW,1.9,4,GREEN,18.9
2450,5,YELLOW,1.8,4,GREEN,18.8
2451,5,YELLOW,1.8,4,GREEN,18.8
2452,5,YELLOW,1.8,4,GREEN,18.8
2453,5,YELLOW,1.7,4,GREEN,18.7
2454,5,YELLOW,1.7,4,GREEN,18.7
2455,5,YELLOW,1.7,4,GREEN,18.7
2456,5,YELLOW,1.6,4,GREEN,18.6
2457,5,YELLOW,1.6,4,GREEN,18.6
2458,5,YELLOW,1.6,4,GREEN,18.6
2459,5,YELLOW,1.5,4,GREEN,18.5
2460,5,YELLOW,1.5,4,GREEN,18.5
2461,5,YELLOW,1.5,4,GREEN,18.5
2462,5,YELLOW,1.4,4,GREEN,18.4
2463,5,YELLOW,1.4,4,GREEN,18.4
2464,5,YELLOW,1.4,4,GREEN,18.4
2465,5,YELLOW,1.3,4,GREEN,18.3
2466,5,YELLOW,1.3,4,GREEN,18.3
2467,5,YELLOW,1.3,4,GREEN,18.3
2468,5,YELLOW,1.2,4,GREEN,18.2
2469,5,YELLOW,1.2,4,GREEN,18.2
2470,5,YELLOW,1.2,4,GREEN,18.2
2471,5,YELLOW,1.1,4,GREEN,18.1
2472,5,YELLOW,1.1,4,GREEN,18.1
2473,5,YELLOW,1.1,4,GREEN,18.1
2474,5,YELLOW,1.0,4,GREEN,18.0
2475,5,YELLOW,1.0,4,GREEN,18.0
2476,5,YELLOW,1.0,4,GREEN,18.0
2477,5,YELLOW,0.9,4,GREEN,17.9
2478,5,YELLOW,0.9,4,GREEN,17.9
2479,5,YELLOW,0.9,4,GREEN,17.9
2480,5,YELLOW,0.8,4,GREEN,17.8
2481,5,YELLOW,0.8,4,GREEN,17.8
2482,5,YELLOW,0.8,4,GREEN,17.8
2483,5,YELLOW,0.7,4,GREEN,17.7
2484,5,YELLOW,0.7,4,GREEN,17.7
2485,5,YELLOW,0.7,4,GREEN,17.7
2486,5,YELLOW,0.6,4,GREEN,17.6
2487,5,YELLOW,0.6,4,GREEN,17.6
2488,5,YELLOW,0.6,4,GREEN,17.6
2489,5,YELLOW,0.5,4,GREEN,17.5
2490,5,YELLOW,0.5,4,GREEN,17.5
2491,5,YELLOW,0.5,4,GREEN,17.5
2492,5,YELLOW,0.4,4,GREEN,17.4
2493,5,YELLOW,0.4,4,GREEN,17.4
2494,5,YELLOW,0.4,4,GREEN,17.4
2495,5,YELLOW,0.3,4,GREEN,17.3
2496,5,YELLOW,0.3,4,GREEN,17.3
2497,5,YELLOW,0.3,4,GREEN,17.3
2498,5,YELLOW,0.2,4,GREEN,17.2
2499,5,YELLOW,0.2,4,GREEN,17.2
2500,5,YELLOW,0.2,4,GREEN,17.2
2501,5,YELLOW,0.1,4,GREEN,17.1
2502,5,YELLOW,0.1,4,GREEN,17.1
2503,5,YELLOW,0.1,4,GREEN,17.1
2504,5,YELLOW,0.0,4,GREEN,17.0
2505,1,GREEN,12.0,4,GREEN,17.0
2506,1,GREEN,15.0,4,GREEN,17.0
2507,1,GREEN,14.9,4,GREEN,16.9
2508,1,GREEN,14.9,4,GREEN,16.9
2509,1,GREEN,14.9,4,GREEN,16.9
2510,1,GREEN,14.8,4,GREEN,16.8
2511,1,GREEN,14.8,4,GREEN,16.8
2512,1,GREEN,14.8,4,GREEN,16.8
2513,1,GREEN,14.7,4,GREEN,16.7
2514,1,GREEN,14.7,4,GREEN,16.7
2515,1,GREEN,14.7,4,GREEN,16.7
2516,1,GREEN,14.6,4,GREEN,16.6
2517,1,GREEN,14.6,4,GREEN,16.6
2518,1,GREEN,14.6,4,GREEN,16.6
2519,1,GREEN,14.5,4,GREEN,16.5
2520,1,GREEN,14.5,4,GREEN,16.5
2521,1,GREEN,14.5,4,GREEN,16.5
2522,1,GREEN,14.4,4,GREEN,16.4
2523,1,GREEN,14.4,4,GREEN,16.4
2524,1,GREEN,14.4,4,GREEN,16.4
2525,1,GREEN,14.3,4,GREEN,16.3
2526,1,GREEN,14.3,4,GREEN,16.3
2527,1,GREEN,14.3,4,GREEN,16.3
2528,1,GREEN,14.2,4,GREEN,16.2
2529,1,GREEN,14.2,4,GREEN,16.2
2530,1,GREEN,14.2,4,GREEN,16.2
2531,1,GREEN,14.1,4,GREEN,16.1
2532,1,GREEN,14.1,4,GREEN,16.1
2533,1,GREEN,14.1,4,GREEN,16.1
2534,1,GREEN,14.0,4,GREEN,16.0
2535,1,GREEN,14.0,4,GREEN,16.0
2536,1,GREEN,14.0,4,GREEN,16.0
2537,1,GREEN,13.9,4,GREEN,15.9
2538,1,GREEN,13.9,4,GREEN,15.9
2539,1,GREEN,13.9,4,GREEN,15.9
2540,1,GREEN,13.8,4,GREEN,15.8
2541,1,GREEN,13.8,4,GREEN,15.8
2542,1,GREEN,13.8,4,GREEN,15.8
2543,1,GREEN,13.7,4,GREEN,15.7
2544,1,GREEN,13.7,4,GREEN,15.7
2545,1,GREEN,13.7,4,GREEN,15.7
2546,1,GREEN,13.6,4,GREEN,15.6
2547,1,GREEN,13.6,4,GREEN,15.6
2548,1,GREEN,13.6,4,GREEN,15.6
2549,1,GREEN,13.5,4,GREEN,15.5
2550,1,GREEN,13.5,4,GREEN,15.5
2551,1,GREEN,13.5,4,GREEN,15.5
2552,1,GREEN,13.4,4,GREEN,15.4
2553,1,GREEN,13.4,4,GREEN,15.4
2554,1,GREEN,13.4,4,GREEN,15.4
2555,1,GREEN,13.3,4,GREEN,15.3
2556,1,GREEN,13.3,4,GREEN,15.3
2557,1,GREEN,13.3,4,GREEN,15.3
2558,1,GREEN,13.2,4,GREEN,15.2
2559,1,GREEN,13.2,4,GREEN,15.2
2560,1,GREEN,13.2,4,GREEN,15.2
2561,1,GREEN,13.1,4,GREEN,15.1
2562,1,GREEN,13.1,4,GREEN,15.1
2563,1,GREEN,13.1,4,GREEN,15.1
2564,1,GREEN,13.0,4,GREEN,15.0
2565,1,GREEN,13.0,4,GREEN,15.0
2566,1,GREEN,13.0,4,GREEN,15.0
2567,1,GREEN,12.9,4,GREEN,14.9
2568,1,GREEN,12.9,4,GREEN,14.9
2569,1,GREEN,12.9,4,GREEN,14.9
2570,1,GREEN,12.8,4,GREEN,14.8
2571,1,GREEN,12.8,4,GREEN,14.8
2572,1,GREEN,12.8,4,GREEN,14.8
2573,1,GREEN,12.7,4,GREEN,14.7
2574,1,GREEN,12.7,4,GREEN,14.7
2575,1,GREEN,12.7,4,GREEN,14.7
2576,1,GREEN,12.6,4,GREEN,14.6
2577,1,GREEN,12.6,4,GREEN,14.6
2578,1,GREEN,12.6,4,GREEN,14.6
2579,1,GREEN,12.5,4,GREEN,14.5
2580,1,GREEN,12.5,4,GREEN,14.5
2581,1,GREEN,12.5,4,GREEN,14.5
2582,1,GREEN,12.4,4,GREEN,14.4
2583,1,GREEN,12.4,4,GREEN,14.4
2584,1,GREEN,12.4,4,GREEN,14.4
2585,1,GREEN,12.3,4,GREEN,14.3
2586,1,GREEN,12.3,4,GREEN,14.3
2587,1,GREEN,12.3,4,GREEN,14.3
2588,1,GREEN,12.2,4,GREEN,14.2
2589,1,GREEN,12.2,4,GREEN,14.2
2590,1,GREEN,12.2,4,GREEN,14.2
2591,1,GREEN,12.1,4,GREEN,14.1
2592,1,GREEN,12.1,4,GREEN,14.1
2593,1,GREEN,12.1,4,GREEN,14.1
2594,1,GREEN,12.0,4,GREEN,14.0
2595,1,GREEN,12.0,4,GREEN,14.0
2596,1,GREEN,12.0,4,GREEN,14.0
2597,1,GREEN,11.9,4,GREEN,13.9
2598,1,GREEN,11.9,4,GREEN,13.9
2599,1,GREEN,11.9,4,GREEN,13.9
2600,1,GREEN,11.8,4,GREEN,13.8
2601,1,GREEN,11.8,4,GREEN,13.8
2602,1,GREEN,11.8,4,GREEN,13.8
2603,1,GREEN,11.7,4,GREEN,13.7
2604,1,GREEN,11.7,4,GREEN,13.7
2605,1,GREEN,11.7,4,GREEN,13.7
2606,1,GREEN,11.6,4,GREEN,13.6
2607,1,GREEN,11.6,4,GREEN,13.6
2608,1,GREEN,11.6,4,GREEN,13.6
2609,1,GREEN,11.5,4,GREEN,13.5
2610,1,GREEN,11.5,4,GREEN,13.5
2611,1,GREEN,11.5,4,GREEN,13.5
2612,1,GREEN,11.4,4,GREEN,13.4
2613,1,GREEN,11.4,4,GREEN,13.4
2614,1,GREEN,11.4,4,GREEN,13.4
2615,1,GREEN,11.3,4,GREEN,13.3
2616,1,GREEN,11.3,4,GREEN,13.3
2617,1,GREEN,11.3,4,GREEN,13.3
2618,1,GREEN,11.2,4,GREEN,13.2
2619,1,GREEN,11.2,4,GREEN,13.2
2620,1,GREEN,11.2,4,GREEN,13.2
2621,1,GREEN,11.1,4,GREEN,13.1
2622,1,GREEN,11.1,4,GREEN,13.1
2623,1,GREEN,11.1,4,GREEN,13.1
2624,1,GREEN,11.0,4,GREEN,13.0
2625,1,GREEN,11.0,4,GREEN,13.0
2626,1,GREEN,11.0,4,GREEN,13.0
2627,1,GREEN,10.9,4,GREEN,12.9
2628,1,GREEN,10.9,4,GREEN,12.9
2629,1,GREEN,10.9,4,GREEN,12.9
2630,1,GREEN,10.8,4,GREEN,12.8
2631,1,GREEN,10.8,4,GREEN,12.8
2632,1,GREEN,10.8,4,GREEN,12.8
2633,1,GREEN,10.7,4,GREEN,12.7
2634,1,GREEN,10.7,4,GREEN,12.7
2635,1,GREEN,10.7,4,GREEN,12.7
2636,1,GREEN,10.6,4,GREEN,12.6
2637,1,GREEN,10.6,4,GREEN,12.6
2638,1,GREEN,10.6,4,GREEN,12.6
2639,1,GREEN,10.5,4,GREEN,12.5
2640,1,GREEN,10.5,4,GREEN,12.5
2641,1,GREEN,10.5,4,GREEN,12.5
2642,1,GREEN,10.4,4,GREEN,12.4
2643,1,GREEN,10.4,4,GREEN,12.4
2644,1,GREEN,10.4,4,GREEN,12.4
2645,1,GREEN,10.3,4,GREEN,12.3
2646,1,GREEN,10.3,4,GREEN,12.3
2647,1,GREEN,10.3,4,GREEN,12.3
2648,1,GREEN,10.2,4,GREEN,12.2
2649,1,GREEN,10.2,4,GREEN,12.2
2650,1,GREEN,10.2,4,GREEN,12.2
2651,1,GREEN,10.1,4,GREEN,12.1
2652,1,GREEN,10.1,4,GREEN,12.1
2653,1,GREEN,10.1,4,GREEN,12.1
2654,1,GREEN,10.0,4,GREEN,12.0
2655,1,GREEN,10.0,4,GREEN,12.0
2656,1,GREEN,10.0,4,GREEN,12.0
2657,1,GREEN,9.9,4,GREEN,11.9
2658,1,GREEN,9.9,4,GREEN,11.9
2659,1,GREEN,9.9,4,GREEN,11.9
2660,1,GREEN,9.8,4,GREEN,11.8
2661,1,GREEN,9.8,4,GREEN,11.8
2662,1,GREEN,9.8,4,GREEN,11.8
2663,1,GREEN,9.7,4,GREEN,11.7
2664,1,GREEN,9.7,4,GREEN,11.7
2665,1,GREEN,9.7,4,GREEN,11.7
2666,1,GREEN,9.6,4,GREEN,11.6
2667,1,GREEN,9.6,4,GREEN,11.6
2668,1,GREEN,9.6,4,GREEN,11.6
2669,1,GREEN,9.5,4,GREEN,11.5
2670,1,GREEN,9.5,4,GREEN,11.5
2671,1,GREEN,9.5,4,GREEN,11.5
2672,1,GREEN,9.4,4,GREEN,11.4
2673,1,GREEN,9.4,4,GREEN,11.4
2674,1,GREEN,9.4,4,GREEN,11.4
2675,1,GREEN,9.3,4,GREEN,11.3
2676,1,GREEN,9.3,4,GREEN,11.3
2677,1,GREEN,9.3,4,GREEN,11.3
2678,1,GREEN,9.2,4,GREEN,11.2
2679,1,GREEN,9.2,4,GREEN,11.2
2680,1,GREEN,9.2,4,GREEN,11.2
2681,1,GREEN,9.1,4,GREEN,11.1
2682,1,GREEN,9.1,4,GREEN,11.1
2683,1,GREEN,9.1,4,GREEN,11.1
2684,1,GREEN,9.0,4,GREEN,11.0
2685,1,GREEN,9.0,4,GREEN,11.0
2686,1,GREEN,9.0,4,GREEN,11.0
2687,1,GREEN,8.9,4,GREEN,10.9
2688,1,GREEN,8.9,4,GREEN,10.9
2689,1,GREEN,8.9,4,GREEN,10.9
2690,1,GREEN,8.8,4,GREEN,10.8
2691,1,GREEN,8.8,4,GREEN,10.8
2692,1,GREEN,8.8,4,GREEN,10.8
2693,1,GREEN,8.7,4,GREEN,10.7
2694,1,GREEN,8.7,4,GREEN,10.7
2695,1,GREEN,8.7,4,GREEN,10.7
2696,1,GREEN,8.6,4,GREEN,10.6
2697,1,GREEN,8.6,4,GREEN,10.6
2698,1,GREEN,8.6,4,GREEN,10.6
2699,1,GREEN,8.5,4,GREEN,10.5
2700,1,GREEN,8.5,4,GREEN,10.5
2701,1,GREEN,8.5,4,GREEN,10.5
2702,1,GREEN,8.4,4,GREEN,10.4
2703,1,GREEN,8.4,4,GREEN,10.4
2704,1,GREEN,8.4,4,GREEN,10.4
2705,1,GREEN,8.3,4,GREEN,10.3
2706,1,GREEN,8.3,4,GREEN,10.3
2707,1,GREEN,8.3,4,GREEN,10.3
2708,1,GREEN,8.2,4,GREEN,10.2
2709,1,GREEN,8.2,4,GREEN,10.2
2710,1,GREEN,8.2,4,GREEN,10.2
2711,1,GREEN,8.1,4,GREEN,10.1
2712,1,GREEN,8.1,4,GREEN,10.1
2713,1,GREEN,8.1,4,GREEN,10.1
2714,1,GREEN,8.0,4,GREEN,10.0
2715,1,GREEN,8.0,4,GREEN,10.0
2716,1,GREEN,8.0,4,GREEN,10.0
2717,1,GREEN,7.9,4,GREEN,9.9
2718,1,GREEN,7.9,4,GREEN,9.9
2719,1,GREEN,7.9,4,GREEN,9.9
2720,1,GREEN,7.8,4,GREEN,9.8
2721,1,GREEN,7.8,4,GREEN,9.8
2722,1,GREEN,7.8,4,GREEN,9.8
2723,1,GREEN,7.7,4,GREEN,9.7
2724,1,GREEN,7.7,4,GREEN,9.7
2725,1,GREEN,7.7,4,GREEN,9.7
2726,1,GREEN,7.6,4,GREEN,9.6
2727,1,GREEN,7.6,4,GREEN,9.6
2728,1,GREEN,7.6,4,GREEN,9.6
2729,1,GREEN,7.5,4,GREEN,9.5
2730,1,GREEN,7.5,4,GREEN,9.5
2731,1,GREEN,7.5,4,GREEN,9.5
2732,1,GREEN,7.4,4,GREEN,9.4
2733,1,GREEN,7.4,4,GREEN,9.4
2734,1,GREEN,7.4,4,GREEN,9.4
2735,1,GREEN,7.3,4,GREEN,9.3
2736,1,GREEN,7.3,4,GREEN,9.3
2737,1,GREEN,7.3,4,GREEN,9.3
2738,1,GREEN,7.2,4,GREEN,9.2
2739,1,GREEN,7.2,4,GREEN,9.2
2740,1,GREEN,7.2,4,GREEN,9.2
2741,1,GREEN,7.1,4,GREEN,9.1
2742,1,GREEN,7.1,4,GREEN,9.1
2743,1,GREEN,7.1,4,GREEN,9.1
2744,1,GREEN,7.0,4,GREEN,9.0
2745,1,GREEN,7.0,4,GREEN,9.0
2746,1,GREEN,7.0,4,GREEN,9.0
2747,1,GREEN,6.9,4,GREEN,8.9
2748,1,GREEN,6.9,4,GREEN,8.9
2749,1,GREEN,6.9,4,GREEN,8.9
2750,1,GREEN,6.8,4,GREEN,8.8
2751,1,GREEN,6.8,4,GREEN,8.8
2752,1,GREEN,6.8,4,GREEN,8.8
2753,1,GREEN,6.7,4,GREEN,8.7
2754,1,GREEN,6.7,4,GREEN,8.7
2755,1,GREEN,6.7,4,GREEN,8.7
2756,1,GREEN,6.6,4,GREEN,8.6
2757,1,GREEN,6.6,4,GREEN,8.6
2758,1,GREEN,6.6,4,GREEN,8.6
2759,1,GREEN,6.5,4,GREEN,8.5
2760,1,GREEN,6.5,4,GREEN,8.5
2761,1,GREEN,6.5,4,GREEN,8.5
2762,1,GREEN,6.4,4,GREEN,8.4
2763,1,GREEN,6.4,4,GREEN,8.4
2764,1,GREEN,6.4,4,GREEN,8.4
2765,1,GREEN,6.3,4,GREEN,8.3
2766,1,GREEN,6.3,4,GREEN,8.3
2767,1,GREEN,6.3,4,GREEN,8.3
2768,1,GREEN,6.2,4,GREEN,8.2
2769,1,GREEN,6.2,4,GREEN,8.2
2770,1,GREEN,6.2,4,GREEN,8.2
2771,1,GREEN,6.1,4,GREEN,8.1
2772,1,GREEN,6.1,4,GREEN,8.1
2773,1,GREEN,6.1,4,GREEN,8.1
2774,1,GREEN,6.0,4,GREEN,8.0
2775,1,GREEN,6.0,4,GREEN,8.0
2776,1,GREEN,6.0,4,GREEN,8.0
2777,1,GREEN,5.9,4,GREEN,7.9
2778,1,GREEN,5.9,4,GREEN,7.9
2779,1,GREEN,5.9,4,GREEN,7.9
2780,1,GREEN,5.8,4,GREEN,7.8
2781,1,GREEN,5.8,4,GREEN,7.8
2782,1,GREEN,5.8,4,GREEN,7.8
2783,1,GREEN,5.7,4,GREEN,7.7
2784,1,GREEN,5.7,4,GREEN,7.7
2785,1,GREEN,5.7,4,GREEN,7.7
2786,1,GREEN,5.6,4,GREEN,7.6
2787,1,GREEN,5.6,4,GREEN,7.6
2788,1,GREEN,5.6,4,GREEN,7.6
2789,1,GREEN,5.5,4,GREEN,7.5
2790,1,GREEN,5.5,4,GREEN,7.5
2791,1,GREEN,5.5,4,GREEN,7.5
2792,1,GREEN,5.4,4,GREEN,7.4
2793,1,GREEN,5.4,4,GREEN,7.4
2794,1,GREEN,5.4,4,GREEN,7.4
2795,1,GREEN,5.3,4,GREEN,7.3
2796,1,GREEN,5.3,4,GREEN,7.3
2797,1,GREEN,5.3,4,GREEN,7.3
2798,1,GREEN,5.2,4,GREEN,7.2
2799,1,GREEN,5.2,4,GREEN,7.2
2800,1,GREEN,5.2,4,GREEN,7.2
2801,1,GREEN,5.1,4,GREEN,7.1
2802,1,GREEN,5.1,4,GREEN,7.1
2803,1,GREEN,5.1,4,GREEN,7.1
2804,1,GREEN,5.0,4,GREEN,7.0
2805,1,GREEN,5.0,4,GREEN,7.0
2806,1,GREEN,5.0,4,GREEN,7.0
2807,1,GREEN,4.9,4,GREEN,6.9
2808,1,GREEN,4.9,4,GREEN,6.9
2809,1,GREEN,4.9,4,GREEN,6.9
2810,1,GREEN,4.8,4,GREEN,6.8
2811,1,GREEN,4.8,4,GREEN,6.8
2812,1,GREEN,4.8,4,GREEN,6.8
2813,1,GREEN,4.7,4,GREEN,6.7
2814,1,GREEN,4.7,4,GREEN,6.7
2815,1,GREEN,4.7,4,GREEN,6.7
2816,1,GREEN,4.6,4,GREEN,6.6
2817,1,GREEN,4.6,4,GREEN,6.6
2818,1,GREEN,4.6,4,GREEN,6.6
2819,1,GREEN,4.5,4,GREEN,6.5
2820,1,GREEN,4.5,4,GREEN,6.5
2821,1,GREEN,4.5,4,GREEN,6.5
2822,1,GREEN,4.4,4,GREEN,6.4
2823,1,GREEN,4.4,4,GREEN,6.4
2824,1,GREEN,4.4,4,GREEN,6.4
2825,1,GREEN,4.3,4,GREEN,6.3
2826,1,GREEN,4.3,4,GREEN,6.3
2827,1,GREEN,4.3,4,GREEN,6.3
2828,1,GREEN,4.2,4,GREEN,6.2
2829,1,GREEN,4.2,4,GREEN,6.2
2830,1,GREEN,4.2,4,GREEN,6.2
2831,1,GREEN,4.1,4,GREEN,6.1
2832,1,GREEN,4.1,4,GREEN,6.1
2833,1,GREEN,4.1,4,GREEN,6.1
2834,1,GREEN,4.0,4,GREEN,6.0
2835,1,GREEN,4.0,4,GREEN,6.0
2836,1,GREEN,4.0,4,GREEN,6.0
2837,1,GREEN,3.9,4,GREEN,5.9
2838,1,GREEN,3.9,4,GREEN,5.9
2839,1,GREEN,3.9,4,GREEN,5.9
2840,1,GREEN,3.8,4,GREEN,5.8
2841,1,GREEN,3.8,4,GREEN,5.8
2842,1,GREEN,3.8,4,GREEN,5.8
2843,1,GREEN,3.7,4,GREEN,5.7
2844,1,GREEN,3.7,4,GREEN,5.7
2845,1,GREEN,3.7,4,GREEN,5.7
2846,1,GREEN,3.6,4,GREEN,5.6
2847,1,GREEN,3.6,4,GREEN,5.6
2848,1,GREEN,3.6,4,GREEN,5.6
2849,1,GREEN,3.5,4,GREEN,5.5
2850,1,GREEN,3.5,4,GREEN,5.5
2851,1,GREEN,3.5,4,GREEN,5.5
2852,1,GREEN,3.4,4,GREEN,5.4
2853,1,GREEN,3.4,4,GREEN,5.4
2854,1,GREEN,3.4,4,GREEN,5.4
2855,1,GREEN,3.3,4,GREEN,5.3
2856,1,GREEN,3.3,4,GREEN,5.3
2857,1,GREEN,3.3,4,GREEN,5.3
2858,1,GREEN,3.2,4,GREEN,5.2
2859,1,GREEN,3.2,4,GREEN,5.2
2860,1,GREEN,3.2,4,GREEN,5.2
2861,1,GREEN,3.1,4,GREEN,5.1
2862,1,GREEN,3.1,4,GREEN,5.1
2863,1,GREEN,3.1,4,GREEN,5.1
2864,1,GREEN,3.0,4,GREEN,5.0
2865,1,GREEN,3.0,4,GREEN,5.0
2866,1,GREEN,3.0,4,GREEN,5.0
2867,1,GREEN,2.9,4,GREEN,4.9
2868,1,GREEN,2.9,4,GREEN,4.9
2869,1,GREEN,2.9,4,GREEN,4.9
2870,1,GREEN,2.8,4,GREEN,4.8
2871,1,GREEN,2.8,4,GREEN,4.8
2872,1,GREEN,2.8,4,GREEN,4.8
2873,1,GREEN,2.7,4,GREEN,4.7
2874,1,GREEN,2.7,4,GREEN,4.7
2875,1,GREEN,2.7,4,GREEN,4.7
2876,1,GREEN,2.6,4,GREEN,4.6
2877,1,GREEN,2.6,4,GREEN,4.6
2878,1,GREEN,2.6,4,GREEN,4.6
2879,1,GREEN,2.5,4,GREEN,4.5
2880,1,GREEN,2.5,4,GREEN,4.5
2881,1,GREEN,2.5,4,GREEN,4.5
2882,1,GREEN,2.4,4,GREEN,4.4
2883,1,GREEN,2.4,4,GREEN,4.4
2884,1,GREEN,2.4,4,GREEN,4.4
2885,1,GREEN,2.3,4,GREEN,4.3
2886,1,GREEN,2.3,4,GREEN,4.3
2887,1,GREEN,2.3,4,GREEN,4.3
2888,1,GREEN,2.2,4,GREEN,4.2
2889,1,GREEN,2.2,4,GREEN,4.2
2890,1,GREEN,2.2,4,GREEN,4.2
2891,1,GREEN,2.1,4,GREEN,4.1
2892,1,GREEN,2.1,4,GREEN,4.1
2893,1,GREEN,2.1,4,GREEN,4.1
2894,1,GREEN,2.0,4,GREEN,4.0
2895,1,GREEN,2.0,4,GREEN,4.0
2896,1,GREEN,2.0,4,GREEN,4.0
2897,1,GREEN,1.9,4,GREEN,3.9
2898,1,GREEN,1.9,4,GREEN,3.9
2899,1,GREEN,1.9,4,GREEN,3.9
2900,1,GREEN,1.8,4,GREEN,3.8
2901,1,GREEN,1.8,4,GREEN,3.8
2902,1,GREEN,1.8,4,GREEN,3.8
2903,1,GREEN,1.7,4,GREEN,3.7
2904,1,GREEN,1.7,4,GREEN,3.7
2905,1,GREEN,1.7,4,GREEN,3.7
2906,1,GREEN,1.6,4,GREEN,3.6
2907,1,GREEN,1.6,4,GREEN,3.6
2908,1,GREEN,1.6,4,GREEN,3.6
2909,1,GREEN,1.5,4,GREEN,3.5
2910,1,GREEN,1.5,4,GREEN,3.5
2911,1,GREEN,1.5,4,GREEN,3.5
2912,1,GREEN,1.4,4,GREEN,3.4
2913,1,GREEN,1.4,4,GREEN,3.4
2914,1,GREEN,1.4,4,GREEN,3.4
2915,1,GREEN,1.3,4,GREEN,3.3
2916,1,GREEN,1.3,4,GREEN,3.3
2917,1,GREEN,1.3,4,GREEN,3.3
2918,1,GREEN,1.2,4,GREEN,3.2
2919,1,GREEN,1.2,4,GREEN,3.2
2920,1,GREEN,1.2,4,GREEN,3.2
2921,1,GREEN,1.1,4,GREEN,3.1
2922,1,GREEN,1.1,4,GREEN,3.1
2923,1,GREEN,1.1,4,GREEN,3.1
2924,1,GREEN,1.0,4,GREEN,3.0
2925,1,GREEN,1.0,4,GREEN,3.0
2926,1,GREEN,1.0,4,GREEN,3.0
2927,1,GREEN,0.9,4,GREEN,2.9
2928,1,GREEN,0.9,4,GREEN,2.9
2929,1,GREEN,0.9,4,GREEN,2.9
2930,1,GREEN,0.8,4,GREEN,2.8
2931,1,GREEN,0.8,4,GREEN,2.8
2932,1,GREEN,0.8,4,GREEN,2.8
2933,1,GREEN,0.7,4,GREEN,2.7
2934,1,GREEN,0.7,4,GREEN,2.7
2935,1,GREEN,0.7,4,GREEN,2.7
2936,1,GREEN,0.6,4,GREEN,2.6
2937,1,GREEN,0.6,4,GREEN,2.6
2938,1,GREEN,0.6,4,GREEN,2.6
2939,1,GREEN,0.5,4,GREEN,2.5
2940,1,GREEN,0.5,4,GREEN,2.5
2941,1,GREEN,0.5,4,GREEN,2.5
2942,1,GREEN,0.4,4,GREEN,2.4
2943,1,GREEN,0.4,4,GREEN,2.4
2944,1,GREEN,0.4,4,GREEN,2.4
2945,1,GREEN,0.3,4,GREEN,2.3
2946,1,GREEN,0.3,4,GREEN,2.3
2947,1,GREEN,0.3,4,GREEN,2.3
2948,1,GREEN,0.2,4,GREEN,2.2
2949,1,GREEN,0.2,4,GREEN,2.2
2950,1,GREEN,0.2,4,GREEN,2.2
2951,1,GREEN,0.1,4,GREEN,2.1
2952,1,GREEN,0.1,4,GREEN,2.1
2953,1,GREEN,0.1,4,GREEN,2.1
2954,1,GREEN,0.0,4,GREEN,2.0
2955,1,YELLOW,0.0,4,GREEN,2.0
2956,1,YELLOW,3.0,4,GREEN,2.0
2957,1,YELLOW,2.9,4,GREEN,1.9
2958,1,YELLOW,2.9,4,GREEN,1.9
2959,1,YELLOW,2.9,4,GREEN,1.9
2960,1,YELLOW,2.8,4,GREEN,1.8
2961,1,YELLOW,2.8,4,GREEN,1.8
2962,1,YELLOW,2.8,4,GREEN,1.8
2963,1,YELLOW,2.7,4,GREEN,1.7
2964,1,YELLOW,2.7,4,GREEN,1.7
2965,1,YELLOW,2.7,4,GREEN,1.7
2966,1,YELLOW,2.6,4,GREEN,1.6
2967,1,YELLOW,2.6,4,GREEN,1.6
2968,1,YELLOW,2.6,4,GREEN,1.6
2969,1,YELLOW,2.5,4,GREEN,1.5
2970,1,YELLOW,2.5,4,GREEN,1.5
2971,1,YELLOW,2.5,4,GREEN,1.5
2972,1,YELLOW,2.4,4,GREEN,1.4
2973,1,YELLOW,2.4,4,GREEN,1.4
2974,1,YELLOW,2.4,4,GREEN,1.4
2975,1,YELLOW,2.3,4,GREEN,1.3
2976,1,YELLOW,2.3,4,GREEN,1.3
2977,1,YELLOW,2.3,4,GREEN,1.3
2978,1,YELLOW,2.2,4,GREEN,1.2
2979,1,YELLOW,2.2,4,GREEN,1.2
2980,1,YELLOW,2.2,4,GREEN,1.2
2981,1,YELLOW,2.1,4,GREEN,1.1
2982,1,YELLOW,2.1,4,GREEN,1.1
2983,1,YELLOW,2.1,4,GREEN,1.1
2984,1,YELLOW,2.0,4,GREEN,1.0
2985,1,YELLOW,2.0,4,GREEN,1.0
2986,1,YELLOW,2.0,4,GREEN,1.0
2987,1,YELLOW,1.9,4,GREEN,0.9
2988,1,YELLOW,1.9,4,GREEN,0.9
2989,1,YELLOW,1.9,4,GREEN,0.9
2990,1,YELLOW,1.8,4,GREEN,0.8
2991,1,YELLOW,1.8,4,GREEN,0.8
2992,1,YELLOW,1.8,4,GREEN,0.8
2993,1,YELLOW,1.7,4,GREEN,0.7
2994,1,YELLOW,1.7,4,GREEN,0.7
2995,1,YELLOW,1.7,4,GREEN,0.7
2996,1,YELLOW,1.6,4,GREEN,0.6
2997,1,YELLOW,1.6,4,GREEN,0.6
2998,1,YELLOW,1.6,4,GREEN,0.6
2999,1,YELLOW,1.5,4,GREEN,0.5
3000,1,YELLOW,1.5,4,GREEN,0.5
3001,1,YELLOW,1.5,4,GREEN,0.5
3002,1,YELLOW,1.4,4,GREEN,0.4
3003,1,YELLOW,1.4,4,GREEN,0.4
3004,1,YELLOW,1.4,4,GREEN,0.4
3005,1,YELLOW,1.3,4,GREEN,0.3
3006,1,YELLOW,1.3,4,GREEN,0.3
3007,1,YELLOW,1.3,4,GREEN,0.3
3008,1,YELLOW,1.2,4,GREEN,0.2
3009,1,YELLOW,1.2,4,GREEN,0.2
3010,1,YELLOW,1.2,4,GREEN,0.2
3011,1,YELLOW,1.1,4,GREEN,0.1
3012,1,YELLOW,1.1,4,GREEN,0.1
3013,1,YELLOW,1.1,4,GREEN,0.1
3014,1,YELLOW,1.0,4,GREEN,0.0
3015,1,YELLOW,1.0,4,YELLOW,0.0
3016,1,YELLOW,1.0,4,YELLOW,3.0
3017,1,YELLOW,0.9,4,YELLOW,2.9
3018,1,YELLOW,0.9,4,YELLOW,2.9
3019,1,YELLOW,0.9,4,YELLOW,2.9
3020,1,YELLOW,0.8,4,YELLOW,2.8
3021,1,YELLOW,0.8,4,YELLOW,2.8
3022,1,YELLOW,0.8,4,YELLOW,2.8
3023,1,YELLOW,0.7,4,YELLOW,2.7
3024,1,YELLOW,0.7,4,YELLOW,2.7
3025,1,YELLOW,0.7,4,YELLOW,2.7
3026,1,YELLOW,0.6,4,YELLOW,2.6
3027,1,YELLOW,0.6,4,YELLOW,2.6
3028,1,YELLOW,0.6,4,YELLOW,2.6
3029,1,YELLOW,0.5,4,YELLOW,2.5
3030,1,YELLOW,0.5,4,YELLOW,2.5
3031,1,YELLOW,0.5,4,YELLOW,2.5
3032,1,YELLOW,0.4,4,YELLOW,2.4
3033,1,YELLOW,0.4,4,YELLOW,2.4
3034,1,YELLOW,0.4,4,YELLOW,2.4
3035,1,YELLOW,0.3,4,YELLOW,2.3
3036,1,YELLOW,0.3,4,YELLOW,2.3
3037,1,YELLOW,0.3,4,YELLOW,2.3
3038,1,YELLOW,0.2,4,YELLOW,2.2
3039,1,YELLOW,0.2,4,YELLOW,2.2
3040,1,YELLOW,0.2,4,YELLOW,2.2
3041,1,YELLOW,0.1,4,YELLOW,2.1
3042,1,YELLOW,0.1,4,YELLOW,2.1
3043,1,YELLOW,0.1,4,YELLOW,2.1
3044,1,YELLOW,0.0,4,YELLOW,2.0
3045,2,GREEN,2.0,4,YELLOW,2.0
3046,2,GREEN,5.0,4,YELLOW,2.0
3047,2,GREEN,4.9,4,YELLOW,1.9
3048,2,GREEN,4.9,4,YELLOW,1.9
3049,2,GREEN,4.9,4,YELLOW,1.9
3050,2,GREEN,4.8,4,YELLOW,1.8
3051,2,GREEN,4.8,4,YELLOW,1.8
3052,2,GREEN,4.8,4,YELLOW,1.8
3053,2,GREEN,4.7,4,YELLOW,1.7
3054,2,GREEN,4.7,4,YELLOW,1.7
3055,2,GREEN,4.7,4,YELLOW,1.7
3056,2,GREEN,4.6,4,YELLOW,1.6
3057,2,GREEN,4.6,4,YELLOW,1.6
3058,2,GREEN,4.6,4,YELLOW,1.6
3059,2,GREEN,4.5,4,YELLOW,1.5
3060,2,GREEN,4.5,4,YELLOW,1.5
3061,2,GREEN,4.5,4,YELLOW,1.5
3062,2,GREEN,4.4,4,YELLOW,1.4
3063,2,GREEN,4.4,4,YELLOW,1.4
3064,2,GREEN,4.4,4,YELLOW,1.4
3065,2,GREEN,4.3,4,YELLOW,1.3
3066,2,GREEN,4.3,4,YELLOW,1.3
3067,2,GREEN,4.3,4,YELLOW,1.3
3068,2,GREEN,4.2,4,YELLOW,1.2
3069,2,GREEN,4.2,4,YELLOW,1.2
3070,2,GREEN,4.2,4,YELLOW,1.2
3071,2,GREEN,4.1,4,YELLOW,1.1
3072,2,GREEN,4.1,4,YELLOW,1.1
3073,2,GREEN,4.1,4,YELLOW,1.1
3074,2,GREEN,4.0,4,YELLOW,1.0
3075,2,GREEN,4.0,4,YELLOW,1.0
3076,2,GREEN,4.0,4,YELLOW,1.0
3077,2,GREEN,3.9,4,YELLOW,0.9
3078,2,GREEN,3.9,4,YELLOW,0.9
3079,2,GREEN,3.9,4,YELLOW,0.9
3080,2,GREEN,3.8,4,YELLOW,0.8
3081,2,GREEN,3.8,4,YELLOW,0.8
3082,2,GREEN,3.8,4,YELLOW,0.8
3083,2,GREEN,3.7,4,YELLOW,0.7
3084,2,GREEN,3.7,4,YELLOW,0.7
3085,2,GREEN,3.7,4,YELLOW,0.7
3086,2,GREEN,3.6,4,YELLOW,0.6
3087,2,GREEN,3.6,4,YELLOW,0.6
3088,2,GREEN,3.6,4,YELLOW,0.6
3089,2,GREEN,3.5,4,YELLOW,0.5
3090,2,GREEN,3.5,4,YELLOW,0.5
3091,2,GREEN,3.5,4,YELLOW,0.5
3092,2,GREEN,3.4,4,YELLOW,0.4
3093,2,GREEN,3.4,4,YELLOW,0.4
3094,2,GREEN,3.4,4,YELLOW,0.4
3095,2,GREEN,3.3,4,YELLOW,0.3
3096,2,GREEN,3.3,4,YELLOW,0.3
3097,2,GREEN,3.3,4,YELLOW,0.3
3098,2,GREEN,3.2,4,YELLOW,0.2
3099,2,GREEN,3.2,4,YELLOW,0.2
3100,2,GREEN,3.2,4,YELLOW,0.2
3101,2,GREEN,3.1,4,YELLOW,0.1
3102,2,GREEN,3.1,4,YELLOW,0.1
3103,2,GREEN,3.1,4,YELLOW,0.1
3104,2,GREEN,3.0,4,YELLOW,0.0
3105,2,GREEN,3.0,5,GREEN,12.0
3106,2,GREEN,3.0,5,GREEN,15.0
3107,2,GREEN,2.9,5,GREEN,14.9
3108,2,GREEN,2.9,5,GREEN,14.9
3109,2,GREEN,2.9,5,GREEN,14.9
3110,2,GREEN,2.8,5,GREEN,14.8
3111,2,GREEN,2.8,5,GREEN,14.8
3112,2,GREEN,2.8,5,GREEN,14.8
3113,2,GREEN,2.7,5,GREEN,14.7
3114,2,GREEN,2.7,5,GREEN,14.7
3115,2,GREEN,2.7,5,GREEN,14.7
3116,2,GREEN,2.6,5,GREEN,14.6
3117,2,GREEN,2.6,5,GREEN,14.6
3118,2,GREEN,2.6,5,GREEN,14.6
3119,2,GREEN,2.5,5,GREEN,14.5
3120,2,GREEN,2.5,5,GREEN,14.5
3121,2,GREEN,2.5,5,GREEN,14.5
3122,2,GREEN,2.4,5,GREEN,14.4
3123,2,GREEN,2.4,5,GREEN,14.4
3124,2,GREEN,2.4,5,GREEN,14.4
3125,2,GREEN,2.3,5,GREEN,14.3
3126,2,GREEN,2.3,5,GREEN,14.3
3127,2,GREEN,2.3,5,GREEN,14.3
3128,2,GREEN,2.2,5,GREEN,14.2
3129,2,GREEN,2.2,5,GREEN,14.2
3130,2,GREEN,2.2,5,GREEN,14.2
3131,2,GREEN,2.1,5,GREEN,14.1
3132,2,GREEN,2.1,5,GREEN,14.1
3133,2,GREEN,2.1,5,GREEN,14.1
3134,2,GREEN,2.0,5,GREEN,14.0
3135,2,GREEN,2.0,5,GREEN,14.0
3136,2,GREEN,2.0,5,GREEN,14.0
3137,2,GREEN,1.9,5,GREEN,13.9
3138,2,GREEN,1.9,5,GREEN,13.9
3139,2,GREEN,1.9,5,GREEN,13.9
3140,2,GREEN,1.8,5,GREEN,13.8
3141,2,GREEN,1.8,5,GREEN,13.8
3142,2,GREEN,1.8,5,GREEN,13.8
3143,2,GREEN,1.7,5,GREEN,13.7
3144,2,GREEN,1.7,5,GREEN,13.7
3145,2,GREEN,1.7,5,GREEN,13.7
3146,2,GREEN,1.6,5,GREEN,13.6
3147,2,GREEN,1.6,5,GREEN,13.6
3148,2,GREEN,1.6,5,GREEN,13.6
3149,2,GREEN,1.5,5,GREEN,13.5
3150,2,GREEN,1.5,5,GREEN,13.5
3151,2,GREEN,1.5,5,GREEN,13.5
3152,2,GREEN,1.4,5,GREEN,13.4
3153,2,GREEN,1.4,5,GREEN,13.4
3154,2,GREEN,1.4,5,GREEN,13.4
3155,2,GREEN,1.3,5,GREEN,13.3
3156,2,GREEN,1.3,5,GREEN,13.3
3157,2,GREEN,1.3,5,GREEN,13.3
3158,2,GREEN,1.2,5,GREEN,13.2
3159,2,GREEN,1.2,5,GREEN,13.2
3160,2,GREEN,1.2,5,GREEN,13.2
3161,2,GREEN,1.1,5,GREEN,13.1
3162,2,GREEN,1.1,5,GREEN,13.1
3163,2,GREEN,1.1,5,GREEN,13.1
3164,2,GREEN,1.0,5,GREEN,13.0
3165,2,GREEN,1.0,5,GREEN,13.0
3166,2,GREEN,1.0,5,GREEN,13.0
3167,2,GREEN,0.9,5,GREEN,12.9
3168,2,GREEN,0.9,5,GREEN,12.9
3169,2,GREEN,0.9,5,GREEN,12.9
3170,2,GREEN,0.8,5,GREEN,12.8
3171,2,GREEN,0.8,5,GREEN,12.8
3172,2,GREEN,0.8,5,GREEN,12.8
3173,2,GREEN,0.7,5,GREEN,12.7
3174,2,GREEN,0.7,5,GREEN,12.7
3175,2,GREEN,0.7,5,GREEN,12.7
3176,2,GREEN,0.6,5,GREEN,12.6
3177,2,GREEN,0.6,5,GREEN,12.6
3178,2,GREEN,0.6,5,GREEN,12.6
3179,2,GREEN,0.5,5,GREEN,12.5
3180,2,GREEN,0.5,5,GREEN,12.5
3181,2,GREEN,0.5,5,GREEN,12.5
3182,2,GREEN,0.4,5,GREEN,12.4
3183,2,GREEN,0.4,5,GREEN,12.4
3184,2,GREEN,0.4,5,GREEN,12.4
3185,2,GREEN,0.3,5,GREEN,12.3
3186,2,GREEN,0.3,5,GREEN,12.3
3187,2,GREEN,0.3,5,GREEN,12.3
3188,2,GREEN,0.2,5,GREEN,12.2
3189,2,GREEN,0.2,5,GREEN,12.2
3190,2,GREEN,0.2,5,GREEN,12.2
3191,2,GREEN,0.1,5,GREEN,12.1
3192,2,GREEN,0.1,5,GREEN,12.1
3193,2,GREEN,0.1,5,GREEN,12.1
3194,2,GREEN,0.0,5,GREEN,12.0
3195,2,YELLOW,0.0,5,GREEN,12.0
3196,2,YELLOW,3.0,5,GREEN,12.0
3197,2,YELLOW,2.9,5,GREEN,11.9
3198,2,YELLOW,2.9,5,GREEN,11.9
3199,2,YELLOW,2.9,5,GREEN,11.9
3200,2,YELLOW,2.8,5,GREEN,11.8
3201,2,YELLOW,2.8,5,GREEN,11.8
3202,2,YELLOW,2.8,5,GREEN,11.8
3203,2,YELLOW,2.7,5,GREEN,11.7
3204,2,YELLOW,2.7,5,GREEN,11.7
3205,2,YELLOW,2.7,5,GREEN,11.7
3206,2,YELLOW,2.6,5,GREEN,11.6
3207,2,YELLOW,2.6,5,GREEN,11.6
3208,2,YELLOW,2.6,5,GREEN,11.6
3209,2,YELLOW,2.5,5,GREEN,11.5
3210,2,YELLOW,2.5,5,GREEN,11.5
3211,2,YELLOW,2.5,5,GREEN,11.5
3212,2,YELLOW,2.4,5,GREEN,11.4
3213,2,YELLOW,2.4,5,GREEN,11.4
3214,2,YELLOW,2.4,5,GREEN,11.4
3215,2,YELLOW,2.3,5,GREEN,11.3
3216,2,YELLOW,2.3,5,GREEN,11.3
3217,2,YELLOW,2.3,5,GREEN,11.3
3218,2,YELLOW,2.2,5,GREEN,11.2
3219,2,YELLOW,2.2,5,GREEN,11.2
3220,2,YELLOW,2.2,5,GREEN,11.2
3221,2,YELLOW,2.1,5,GREEN,11.1
3222,2,YELLOW,2.1,5,GREEN,11.1
3223,2,YELLOW,2.1,5,GREEN,11.1
3224,2,YELLOW,2.0,5,GREEN,11.0
3225,2,YELLOW,2.0,5,GREEN,11.0
3226,2,YELLOW,2.0,5,GREEN,11.0
3227,2,YELLOW,1.9,5,GREEN,10.9
3228,2,YELLOW,1.9,5,GREEN,10.9
3229,2,YELLOW,1.9,5,GREEN,10.9
3230,2,YELLOW,1.8,5,GREEN,10.8
3231,2,YELLOW,1.8,5,GREEN,10.8
3232,2,YELLOW,1.8,5,GREEN,10.8
3233,2,YELLOW,1.7,5,GREEN,10.7
3234,2,YELLOW,1.7,5,GREEN,10.7
3235,2,YELLOW,1.7,5,GREEN,10.7
3236,2,YELLOW,1.6,5,GREEN,10.6
3237,2,YELLOW,1.6,5,GREEN,10.6
3238,2,YELLOW,1.6,5,GREEN,10.6
3239,2,YELLOW,1.5,5,GREEN,10.5
3240,2,YELLOW,1.5,5,GREEN,10.5
3241,2,YELLOW,1.5,5,GREEN,10.5
3242,2,YELLOW,1.4,5,GREEN,10.4
3243,2,YELLOW,1.4,5,GREEN,10.4
3244,2,YELLOW,1.4,5,GREEN,10.4
3245,2,YELLOW,1.3,5,GREEN,10.3
3246,2,YELLOW,1.3,5,GREEN,10.3
3247,2,YELLOW,1.3,5,GREEN,10.3
3248,2,YELLOW,1.2,5,GREEN,10.2
3249,2,YELLOW,1.2,5,GREEN,10.2
3250,2,YELLOW,1.2,5,GREEN,10.2
3251,2,YELLOW,1.1,5,GREEN,10.1
3252,2,YELLOW,1.1,5,GREEN,10.1
3253,2,YELLOW,1.1,5,GREEN,10.1
3254,2,YELLOW,1.0,5,GREEN,10.0
3255,2,YELLOW,1.0,5,GREEN,10.0
3256,2,YELLOW,1.0,5,GREEN,10.0
3257,2,YELLOW,0.9,5,GREEN,9.9
3258,2,YELLOW,0.9,5,GREEN,9.9
3259,2,YELLOW,0.9,5,GREEN,9.9
3260,2,YELLOW,0.8,5,GREEN,9.8
3261,2,YELLOW,0.8,5,GREEN,9.8
3262,2,YELLOW,0.8,5,GREEN,9.8
3263,2,YELLOW,0.7,5,GREEN,9.7
3264,2,YELLOW,0.7,5,GREEN,9.7
3265,2,YELLOW,0.7,5,GREEN,9.7
3266,2,YELLOW,0.6,5,GREEN,9.6
3267,2,YELLOW,0.6,5,GREEN,9.6
3268,2,YELLOW,0.6,5,GREEN,9.6
3269,2,YELLOW,0.5,5,GREEN,9.5
3270,2,YELLOW,0.5,5,GREEN,9.5
3271,2,YELLOW,0.5,5,GREEN,9.5
3272,2,YELLOW,0.4,5,GREEN,9.4
3273,2,YELLOW,0.4,5,GREEN,9.4
3274,2,YELLOW,0.4,5,GREEN,9.4
3275,2,YELLOW,0.3,5,GREEN,9.3
3276,2,YELLOW,0.3,5,GREEN,9.3
3277,2,YELLOW,0.3,5,GREEN,9.3
3278,2,YELLOW,0.2,5,GREEN,9.2
3279,2,YELLOW,0.2,5,GREEN,9.2
3280,2,YELLOW,0.2,5,GREEN,9.2
3281,2,YELLOW,0.1,5,GREEN,9.1
3282,2,YELLOW,0.1,5,GREEN,9.1
3283,2,YELLOW,0.1,5,GREEN,9.1
3284,2,YELLOW,0.0,5,GREEN,9.0
3285,3,GREEN,19.5,5,GREEN,9.0
3286,3,GREEN,22.5,5,GREEN,9.0
3287,3,GREEN,22.4,5,GREEN,8.9
3288,3,GREEN,22.4,5,GREEN,8.9
3289,3,GREEN,22.4,5,GREEN,8.9
3290,3,GREEN,22.3,5,GREEN,8.8
3291,3,GREEN,22.3,5,GREEN,8.8
3292,3,GREEN,22.3,5,GREEN,8.8
3293,3,GREEN,22.2,5,GREEN,8.7
3294,3,GREEN,22.2,5,GREEN,8.7
3295,3,GREEN,22.2,5,GREEN,8.7
3296,3,GREEN,22.1,5,GREEN,8.6
3297,3,GREEN,22.1,5,GREEN,8.6
3298,3,GREEN,22.1,5,GREEN,8.6
3299,3,GREEN,22.0,5,GREEN,8.5
3300,3,GREEN,22.0,5,GREEN,8.5
3301,3,GREEN,22.0,5,GREEN,8.5
3302,3,GREEN,21.9,5,GREEN,8.4
3303,3,GREEN,21.9,5,GREEN,8.4
3304,3,GREEN,21.9,5,GREEN,8.4
3305,3,GREEN,21.8,5,GREEN,8.3
3306,3,GREEN,21.8,5,GREEN,8.3
3307,3,GREEN,21.8,5,GREEN,8.3
3308,3,GREEN,21.7,5,GREEN,8.2
3309,3,GREEN,21.7,5,GREEN,8.2
3310,3,GREEN,21.7,5,GREEN,8.2
3311,3,GREEN,21.6,5,GREEN,8.1
3312,3,GREEN,21.6,5,GREEN,8.1
3313,3,GREEN,21.6,5,GREEN,8.1
3314,3,GREEN,21.5,5,GREEN,8.0
3315,3,GREEN,21.5,5,GREEN,8.0
3316,3,GREEN,21.5,5,GREEN,8.0
3317,3,GREEN,21.4,5,GREEN,7.9
3318,3,GREEN,21.4,5,GREEN,7.9
3319,3,GREEN,21.4,5,GREEN,7.9
3320,3,GREEN,21.3,5,GREEN,7.8
3321,3,GREEN,21.3,5,GREEN,7.8
3322,3,GREEN,21.3,5,GREEN,7.8
3323,3,GREEN,21.2,5,GREEN,7.7
3324,3,GREEN,21.2,5,GREEN,7.7
3325,3,GREEN,21.2,5,GREEN,7.7
3326,3,GREEN,21.1,5,GREEN,7.6
3327,3,GREEN,21.1,5,GREEN,7.6
3328,3,GREEN,21.1,5,GREEN,7.6
3329,3,GREEN,21.0,5,GREEN,7.5
3330,3,GREEN,21.0,5,GREEN,7.5
3331,3,GREEN,21.0,5,GREEN,7.5
3332,3,GREEN,20.9,5,GREEN,7.4
3333,3,GREEN,20.9,5,GREEN,7.4
3334,3,GREEN,20.9,5,GREEN,7.4
3335,3,GREEN,20.8,5,GREEN,7.3
3336,3,GREEN,20.8,5,GREEN,7.3
3337,3,GREEN,20.8,5,GREEN,7.3
3338,3,GREEN,20.7,5,GREEN,7.2
3339,3,GREEN,20.7,5,GREEN,7.2
3340,3,GREEN,20.7,5,GREEN,7.2
3341,3,GREEN,20.6,5,GREEN,7.1
3342,3,GREEN,20.6,5,GREEN,7.1
3343,3,GREEN,20.6,5,GREEN,7.1
3344,3,GREEN,20.5,5,GREEN,7.0
3345,3,GREEN,20.5,5,GREEN,7.0
3346,3,GREEN,20.5,5,GREEN,7.0
3347,3,GREEN,20.4,5,GREEN,6.9
3348,3,GREEN,20.4,5,GREEN,6.9
3349,3,GREEN,20.4,5,GREEN,6.9
3350,3,GREEN,20.3,5,GREEN,6.8
3351,3,GREEN,20.3,5,GREEN,6.8
3352,3,GREEN,20.3,5,GREEN,6.8
3353,3,GREEN,20.2,5,GREEN,6.7
3354,3,GREEN,20.2,5,GREEN,6.7
3355,3,GREEN,20.2,5,GREEN,6.7
3356,3,GREEN,20.1,5,GREEN,6.6
3357,3,GREEN,20.1,5,GREEN,6.6
3358,3,GREEN,20.1,5,GREEN,6.6
3359,3,GREEN,20.0,5,GREEN,6.5
3360,3,GREEN,20.0,5,GREEN,6.5
3361,3,GREEN,20.0,5,GREEN,6.5
3362,3,GREEN,19.9,5,GREEN,6.4
3363,3,GREEN,19.9,5,GREEN,6.4
3364,3,GREEN,19.9,5,GREEN,6.4
3365,3,GREEN,19.8,5,GREEN,6.3
3366,3,GREEN,19.8,5,GREEN,6.3
3367,3,GREEN,19.8,5,GREEN,6.3
3368,3,GREEN,19.7,5,GREEN,6.2
3369,3,GREEN,19.7,5,GREEN,6.2
3370,3,GREEN,19.7,5,GREEN,6.2
3371,3,GREEN,19.6,5,GREEN,6.1
3372,3,GREEN,19.6,5,GREEN,6.1
3373,3,GREEN,19.6,5,GREEN,6.1
3374,3,GREEN,19.5,5,GREEN,6.0
3375,3,GREEN,19.5,5,GREEN,6.0
3376,3,GREEN,19.5,5,GREEN,6.0
3377,3,GREEN,19.4,5,GREEN,5.9
3378,3,GREEN,19.4,5,GREEN,5.9
3379,3,GREEN,19.4,5,GREEN,5.9
3380,3,GREEN,19.3,5,GREEN,5.8
3381,3,GREEN,19.3,5,GREEN,5.8
3382,3,GREEN,19.3,5,GREEN,5.8
3383,3,GREEN,19.2,5,GREEN,5.7
3384,3,GREEN,19.2,5,GREEN,5.7
3385,3,GREEN,19.2,5,GREEN,5.7
3386,3,GREEN,19.1,5,GREEN,5.6
3387,3,GREEN,19.1,5,GREEN,5.6
3388,3,GREEN,19.1,5,GREEN,5.6
3389,3,GREEN,19.0,5,GREEN,5.5
3390,3,GREEN,19.0,5,GREEN,5.5
3391,3,GREEN,19.0,5,GREEN,5.5
3392,3,GREEN,18.9,5,GREEN,5.4
3393,3,GREEN,18.9,5,GREEN,5.4
3394,3,GREEN,18.9,5,GREEN,5.4
3395,3,GREEN,18.8,5,GREEN,5.3
3396,3,GREEN,18.8,5,GREEN,5.3
3397,3,GREEN,18.8,5,GREEN,5.3
3398,3,GREEN,18.7,5,GREEN,5.2
3399,3,GREEN,18.7,5,GREEN,5.2
3400,3,GREEN,18.7,5,GREEN,5.2
3401,3,GREEN,18.6,5,GREEN,5.1
3402,3,GREEN,18.6,5,GREEN,5.1
3403,3,GREEN,18.6,5,GREEN,5.1
3404,3,GREEN,18.5,5,GREEN,5.0
3405,3,GREEN,18.5,5,GREEN,5.0
3406,3,GREEN,18.5,5,GREEN,5.0
3407,3,GREEN,18.4,5,GREEN,4.9
3408,3,GREEN,18.4,5,GREEN,4.9
3409,3,GREEN,18.4,5,GREEN,4.9
3410,3,GREEN,18.3,5,GREEN,4.8
3411,3,GREEN,18.3,5,GREEN,4.8
3412,3,GREEN,18.3,5,GREEN,4.8
3413,3,GREEN,18.2,5,GREEN,4.7
3414,3,GREEN,18.2,5,GREEN,4.7
3415,3,GREEN,18.2,5,GREEN,4.7
3416,3,GREEN,18.1,5,GREEN,4.6
3417,3,GREEN,18.1,5,GREEN,4.6
3418,3,GREEN,18.1,5,GREEN,4.6
3419,3,GREEN,18.0,5,GREEN,4.5
3420,3,GREEN,18.0,5,GREEN,4.5
3421,3,GREEN,18.0,5,GREEN,4.5
3422,3,GREEN,17.9,5,GREEN,4.4
3423,3,GREEN,17.9,5,GREEN,4.4
3424,3,GREEN,17.9,5,GREEN,4.4
3425,3,GREEN,17.8,5,GREEN,4.3
3426,3,GREEN,17.8,5,GREEN,4.3
3427,3,GREEN,17.8,5,GREEN,4.3
3428,3,GREEN,17.7,5,GREEN,4.2
3429,3,GREEN,17.7,5,GREEN,4.2
3430,3,GREEN,17.7,5,GREEN,4.2
3431,3,GREEN,17.6,5,GREEN,4.1
3432,3,GREEN,17.6,5,GREEN,4.1
3433,3,GREEN,17.6,5,GREEN,4.1
3434,3,GREEN,17.5,5,GREEN,4.0
3435,3,GREEN,17.5,5,GREEN,4.0
3436,3,GREEN,17.5,5,GREEN,4.0
3437,3,GREEN,17.4,5,GREEN,3.9
3438,3,GREEN,17.4,5,GREEN,3.9
3439,3,GREEN,17.4,5,GREEN,3.9
3440,3,GREEN,17.3,5,GREEN,3.8
3441,3,GREEN,17.3,5,GREEN,3.8
3442,3,GREEN,17.3,5,GREEN,3.8
3443,3,GREEN,17.2,5,GREEN,3.7
3444,3,GREEN,17.2,5,GREEN,3.7
3445,3,GREEN,17.2,5,GREEN,3.7
3446,3,GREEN,17.1,5,GREEN,3.6
3447,3,GREEN,17.1,5,GREEN,3.6
3448,3,GREEN,17.1,5,GREEN,3.6
3449,3,GREEN,17.0,5,GREEN,3.5
3450,3,GREEN,17.0,5,GREEN,3.5
3451,3,GREEN,17.0,5,GREEN,3.5
3452,3,GREEN,16.9,5,GREEN,3.4
3453,3,GREEN,16.9,5,GREEN,3.4
3454,3,GREEN,16.9,5,GREEN,3.4
3455,3,GREEN,16.8,5,GREEN,3.3
3456,3,GREEN,16.8,5,GREEN,3.3
3457,3,GREEN,16.8,5,GREEN,3.3
3458,3,GREEN,16.7,5,GREEN,3.2
3459,3,GREEN,16.7,5,GREEN,3.2
3460,3,GREEN,16.7,5,GREEN,3.2
3461,3,GREEN,16.6,5,GREEN,3.1
3462,3,GREEN,16.6,5,GREEN,3.1
3463,3,GREEN,16.6,5,GREEN,3.1
3464,3,GREEN,16.5,5,GREEN,3.0
3465,3,GREEN,16.5,5,GREEN,3.0
3466,3,GREEN,16.5,5,GREEN,3.0
3467,3,GREEN,16.4,5,GREEN,2.9
3468,3,GREEN,16.4,5,GREEN,2.9
3469,3,GREEN,16.4,5,GREEN,2.9
3470,3,GREEN,16.3,5,GREEN,2.8
3471,3,GREEN,16.3,5,GREEN,2.8
3472,3,GREEN,16.3,5,GREEN,2.8
3473,3,GREEN,16.2,5,GREEN,2.7
3474,3,GREEN,16.2,5,GREEN,2.7
3475,3,GREEN,16.2,5,GREEN,2.7
3476,3,GREEN,16.1,5,GREEN,2.6
3477,3,GREEN,16.1,5,GREEN,2.6
3478,3,GREEN,16.1,5,GREEN,2.6
3479,3,GREEN,16.0,5,GREEN,2.5
3480,3,GREEN,16.0,5,GREEN,2.5
3481,3,GREEN,16.0,5,GREEN,2.5
3482,3,GREEN,15.9,5,GREEN,2.4
3483,3,GREEN,15.9,5,GREEN,2.4
3484,3,GREEN,15.9,5,GREEN,2.4
3485,3,GREEN,15.8,5,GREEN,2.3
3486,3,GREEN,15.8,5,GREEN,2.3
3487,3,GREEN,15.8,5,GREEN,2.3
3488,3,GREEN,15.7,5,GREEN,2.2
3489,3,GREEN,15.7,5,GREEN,2.2
3490,3,GREEN,15.7,5,GREEN,2.2
3491,3,GREEN,15.6,5,GREEN,2.1
3492,3,GREEN,15.6,5,GREEN,2.1
3493,3,GREEN,15.6,5,GREEN,2.1
3494,3,GREEN,15.5,5,GREEN,2.0
3495,3,GREEN,15.5,5,GREEN,2.0
3496,3,GREEN,15.5,5,GREEN,2.0
3497,3,GREEN,15.4,5,GREEN,1.9
3498,3,GREEN,15.4,5,GREEN,1.9
3499,3,GREEN,15.4,5,GREEN,1.9
3500,3,GREEN,15.3,5,GREEN,1.8
3501,3,GREEN,15.3,5,GREEN,1.8
3502,3,GREEN,15.3,5,GREEN,1.8
3503,3,GREEN,15.2,5,GREEN,1.7
3504,3,GREEN,15.2,5,GREEN,1.7
3505,3,GREEN,15.2,5,GREEN,1.7
3506,3,GREEN,15.1,5,GREEN,1.6
3507,3,GREEN,15.1,5,GREEN,1.6
3508,3,GREEN,15.1,5,GREEN,1.6
3509,3,GREEN,15.0,5,GREEN,1.5
3510,3,GREEN,15.0,5,GREEN,1.5
3511,3,GREEN,15.0,5,GREEN,1.5
3512,3,GREEN,14.9,5,GREEN,1.4
3513,3,GREEN,14.9,5,GREEN,1.4
3514,3,GREEN,14.9,5,GREEN,1.4
3515,3,GREEN,14.8,5,GREEN,1.3
3516,3,GREEN,14.8,5,GREEN,1.3
3517,3,GREEN,14.8,5,GREEN,1.3
3518,3,GREEN,14.7,5,GREEN,1.2
3519,3,GREEN,14.7,5,GREEN,1.2
3520,3,GREEN,14.7,5,GREEN,1.2
3521,3,GREEN,14.6,5,GREEN,1.1
3522,3,GREEN,14.6,5,GREEN,1.1
3523,3,GREEN,14.6,5,GREEN,1.1
3524,3,GREEN,14.5,5,GREEN,1.0
3525,3,GREEN,14.5,5,GREEN,1.0
3526,3,GREEN,14.5,5,GREEN,1.0
3527,3,GREEN,14.4,5,GREEN,0.9
3528,3,GREEN,14.4,5,GREEN,0.9
3529,3,GREEN,14.4,5,GREEN,0.9
3530,3,GREEN,14.3,5,GREEN,0.8
3531,3,GREEN,14.3,5,GREEN,0.8
3532,3,GREEN,14.3,5,GREEN,0.8
3533,3,GREEN,14.2,5,GREEN,0.7
3534,3,GREEN,14.2,5,GREEN,0.7
3535,3,GREEN,14.2,5,GREEN,0.7
3536,3,GREEN,14.1,5,GREEN,0.6
3537,3,GREEN,14.1,5,GREEN,0.6
3538,3,GREEN,14.1,5,GREEN,0.6
3539,3,GREEN,14.0,5,GREEN,0.5
3540,3,GREEN,14.0,5,GREEN,0.5
3541,3,GREEN,14.0,5,GREEN,0.5
3542,3,GREEN,13.9,5,GREEN,0.4
3543,3,GREEN,13.9,5,GREEN,0.4
3544,3,GREEN,13.9,5,GREEN,0.4
3545,3,GREEN,13.8,5,GREEN,0.3
3546,3,GREEN,13.8,5,GREEN,0.3
3547,3,GREEN,13.8,5,GREEN,0.3
3548,3,GREEN,13.7,5,GREEN,0.2
3549,3,GREEN,13.7,5,GREEN,0.2
3550,3,GREEN,13.7,5,GREEN,0.2
3551,3,GREEN,13.6,5,GREEN,0.1
3552,3,GREEN,13.6,5,GREEN,0.1
3553,3,GREEN,13.6,5,GREEN,0.1
3554,3,GREEN,13.5,5,GREEN,0.0
3555,3,GREEN,13.5,5,YELLOW,0.0
3556,3,GREEN,13.5,5,YELLOW,3.0
3557,3,GREEN,13.4,5,YELLOW,2.9
3558,3,GREEN,13.4,5,YELLOW,2.9
3559,3,GREEN,13.4,5,YELLOW,2.9
3560,3,GREEN,13.3,5,YELLOW,2.8
3561,3,GREEN,13.3,5,YELLOW,2.8
3562,3,GREEN,13.3,5,YELLOW,2.8
3563,3,GREEN,13.2,5,YELLOW,2.7
3564,3,GREEN,13.2,5,YELLOW,2.7
3565,3,GREEN,13.2,5,YELLOW,2.7
3566,3,GREEN,13.1,5,YELLOW,2.6
3567,3,GREEN,13.1,5,YELLOW,2.6
3568,3,GREEN,13.1,5,YELLOW,2.6
3569,3,GREEN,13.0,5,YELLOW,2.5
3570,3,GREEN,13.0,5,YELLOW,2.5
3571,3,GREEN,13.0,5,YELLOW,2.5
3572,3,GREEN,12.9,5,YELLOW,2.4
3573,3,GREEN,12.9,5,YELLOW,2.4
3574,3,GREEN,12.9,5,YELLOW,2.4
3575,3,GREEN,12.8,5,YELLOW,2.3
3576,3,GREEN,12.8,5,YELLOW,2.3
3577,3,GREEN,12.8,5,YELLOW,2.3
3578,3,GREEN,12.7,5,YELLOW,2.2
3579,3,GREEN,12.7,5,YELLOW,2.2
3580,3,GREEN,12.7,5,YELLOW,2.2
3581,3,GREEN,12.6,5,YELLOW,2.1
3582,3,GREEN,12.6,5,YELLOW,2.1
3583,3,GREEN,12.6,5,YELLOW,2.1
3584,3,GREEN,12.5,5,YELLOW,2.0
3585,3,GREEN,12.5,5,YELLOW,2.0
3586,3,GREEN,12.5,5,YELLOW,2.0
3587,3,GREEN,12.4,5,YELLOW,1.9
3588,3,GREEN,12.4,5,YELLOW,1.9
3589,3,GREEN,12.4,5,YELLOW,1.9
3590,3,GREEN,12.3,5,YELLOW,1.8
3591,3,GREEN,12.3,5,YELLOW,1.8
3592,3,GREEN,12.3,5,YELLOW,1.8
3593,3,GREEN,12.2,5,YELLOW,1.7
3594,3,GREEN,12.2,5,YELLOW,1.7
3595,3,GREEN,12.2,5,YELLOW,1.7
3596,3,GREEN,12.1,5,YELLOW,1.6
3597,3,GREEN,12.1,5,YELLOW,1.6
3598,3,GREEN,12.1,5,YELLOW,1.6
3599,3,GREEN,12.0,5,YELLOW,1.5
3600,3,GREEN,12.0,5,YELLOW,1.5
3601,3,GREEN,12.0,5,YELLOW,1.5
3602,3,GREEN,11.9,5,YELLOW,1.4
3603,3,GREEN,11.9,5,YELLOW,1.4
3604,3,GREEN,11.9,5,YELLOW,1.4
3605,3,GREEN,11.8,5,YELLOW,1.3
3606,3,GREEN,11.8,5,YELLOW,1.3
3607,3,GREEN,11.8,5,YELLOW,1.3
3608,3,GREEN,11.7,5,YELLOW,1.2
3609,3,GREEN,11.7,5,YELLOW,1.2
3610,3,GREEN,11.7,5,YELLOW,1.2
3611,3,GREEN,11.6,5,YELLOW,1.1
3612,3,GREEN,11.6,5,YELLOW,1.1
3613,3,GREEN,11.6,5,YELLOW,1.1
3614,3,GREEN,11.5,5,YELLOW,1.0
3615,3,GREEN,11.5,5,YELLOW,1.0
3616,3,GREEN,11.5,5,YELLOW,1.0
3617,3,GREEN,11.4,5,YELLOW,0.9
3618,3,GREEN,11.4,5,YELLOW,0.9
3619,3,GREEN,11.4,5,YELLOW,0.9
3620,3,GREEN,11.3,5,YELLOW,0.8
3621,3,GREEN,11.3,5,YELLOW,0.8
3622,3,GREEN,11.3,5,YELLOW,0.8
3623,3,GREEN,11.2,5,YELLOW,0.7
3624,3,GREEN,11.2,5,YELLOW,0.7
3625,3,GREEN,11.2,5,YELLOW,0.7
3626,3,GREEN,11.1,5,YELLOW,0.6
3627,3,GREEN,11.1,5,YELLOW,0.6
3628,3,GREEN,11.1,5,YELLOW,0.6
3629,3,GREEN,11.0,5,YELLOW,0.5
3630,3,GREEN,11.0,5,YELLOW,0.5
3631,3,GREEN,11.0,5,YELLOW,0.5
3632,3,GREEN,10.9,5,YELLOW,0.4
3633,3,GREEN,10.9,5,YELLOW,0.4
3634,3,GREEN,10.9,5,YELLOW,0.4
3635,3,GREEN,10.8,5,YELLOW,0.3
3636,3,GREEN,10.8,5,YELLOW,0.3
3637,3,GREEN,10.8,5,YELLOW,0.3
3638,3,GREEN,10.7,5,YELLOW,0.2
3639,3,GREEN,10.7,5,YELLOW,0.2
3640,3,GREEN,10.7,5,YELLOW,0.2
3641,3,GREEN,10.6,5,YELLOW,0.1
3642,3,GREEN,10.6,5,YELLOW,0.1
3643,3,GREEN,10.6,5,YELLOW,0.1
3644,3,GREEN,10.5,5,YELLOW,0.0
3645,3,GREEN,10.5,1,GREEN,27.0
3646,3,GREEN,10.5,1,GREEN,30.0
3647,3,GREEN,10.4,1,GREEN,29.9
3648,3,GREEN,10.4,1,GREEN,29.9
3649,3,GREEN,10.4,1,GREEN,29.9
3650,3,GREEN,10.3,1,GREEN,29.8
3651,3,GREEN,10.3,1,GREEN,29.8
3652,3,GREEN,10.3,1,GREEN,29.8
3653,3,GREEN,10.2,1,GREEN,29.7
3654,3,GREEN,10.2,1,GREEN,29.7
3655,3,GREEN,10.2,1,GREEN,29.7
3656,3,GREEN,10.1,1,GREEN,29.6
3657,3,GREEN,10.1,1,GREEN,29.6
3658,3,GREEN,10.1,1,GREEN,29.6
3659,3,GREEN,10.0,1,GREEN,29.5
3660,3,GREEN,10.0,1,GREEN,29.5
3661,3,GREEN,10.0,1,GREEN,29.5
3662,3,GREEN,9.9,1,GREEN,29.4
3663,3,GREEN,9.9,1,GREEN,29.4
3664,3,GREEN,9.9,1,GREEN,29.4
3665,3,GREEN,9.8,1,GREEN,29.3
3666,3,GREEN,9.8,1,GREEN,29.3
3667,3,GREEN,9.8,1,GREEN,29.3
3668,3,GREEN,9.7,1,GREEN,29.2
3669,3,GREEN,9.7,1,GREEN,29.2
3670,3,GREEN,9.7,1,GREEN,29.2
3671,3,GREEN,9.6,1,GREEN,29.1
3672,3,GREEN,9.6,1,GREEN,29.1
3673,3,GREEN,9.6,1,GREEN,29.1
3674,3,GREEN,9.5,1,GREEN,29.0
3675,3,GREEN,9.5,1,GREEN,29.0
3676,3,GREEN,9.5,1,GREEN,29.0
3677,3,GREEN,9.4,1,GREEN,28.9
3678,3,GREEN,9.4,1,GREEN,28.9
3679,3,GREEN,9.4,1,GREEN,28.9
3680,3,GREEN,9.3,1,GREEN,28.8
3681,3,GREEN,9.3,1,GREEN,28.8
3682,3,GREEN,9.3,1,GREEN,28.8
3683,3,GREEN,9.2,1,GREEN,28.7
3684,3,GREEN,9.2,1,GREEN,28.7
3685,3,GREEN,9.2,1,GREEN,28.7
3686,3,GREEN,9.1,1,GREEN,28.6
3687,3,GREEN,9.1,1,GREEN,28.6
3688,3,GREEN,9.1,1,GREEN,28.6
3689,3,GREEN,9.0,1,GREEN,28.5
3690,3,GREEN,9.0,1,GREEN,28.5
3691,3,GREEN,9.0,1,GREEN,28.5
3692,3,GREEN,8.9,1,GREEN,28.4
3693,3,GREEN,8.9,1,GREEN,28.4
3694,3,GREEN,8.9,1,GREEN,28.4
3695,3,GREEN,8.8,1,GREEN,28.3
3696,3,GREEN,8.8,1,GREEN,28.3
3697,3,GREEN,8.8,1,GREEN,28.3
3698,3,GREEN,8.7,1,GREEN,28.2
3699,3,GREEN,8.7,1,GREEN,28.2
3700,3,GREEN,8.7,1,GREEN,28.2
3701,3,GREEN,8.6,1,GREEN,28.1
3702,3,GREEN,8.6,1,GREEN,28.1
3703,3,GREEN,8.6,1,GREEN,28.1
3704,3,GREEN,8.5,1,GREEN,28.0
3705,3,GREEN,8.5,1,GREEN,28.0
3706,3,GREEN,8.5,1,GREEN,28.0
3707,3,GREEN,8.4,1,GREEN,27.9
3708,3,GREEN,8.4,1,GREEN,27.9
3709,3,GREEN,8.4,1,GREEN,27.9
3710,3,GREEN,8.3,1,GREEN,27.8
3711,3,GREEN,8.3,1,GREEN,27.8
3712,3,GREEN,8.3,1,GREEN,27.8
3713,3,GREEN,8.2,1,GREEN,27.7
3714,3,GREEN,8.2,1,GREEN,27.7
3715,3,GREEN,8.2,1,GREEN,27.7
3716,3,GREEN,8.1,1,GREEN,27.6
3717,3,GREEN,8.1,1,GREEN,27.6
3718,3,GREEN,8.1,1,GREEN,27.6
3719,3,GREEN,8.0,1,GREEN,27.5
3720,3,GREEN,8.0,1,GREEN,27.5
3721,3,GREEN,8.0,1,GREEN,27.5
3722,3,GREEN,7.9,1,GREEN,27.4
3723,3,GREEN,7.9,1,GREEN,27.4
3724,3,GREEN,7.9,1,GREEN,27.4
3725,3,GREEN,7.8,1,GREEN,27.3
3726,3,GREEN,7.8,1,GREEN,27.3
3727,3,GREEN,7.8,1,GREEN,27.3
3728,3,GREEN,7.7,1,GREEN,27.2
3729,3,GREEN,7.7,1,GREEN,27.2
3730,3,GREEN,7.7,1,GREEN,27.2
3731,3,GREEN,7.6,1,GREEN,27.1
3732,3,GREEN,7.6,1,GREEN,27.1
3733,3,GREEN,7.6,1,GREEN,27.1
3734,3,GREEN,7.5,1,GREEN,27.0
3735,3,GREEN,7.5,1,GREEN,27.0
3736,3,GREEN,7.5,1,GREEN,27.0
3737,3,GREEN,7.4,1,GREEN,26.9
3738,3,GREEN,7.4,1,GREEN,26.9
3739,3,GREEN,7.4,1,GREEN,26.9
3740,3,GREEN,7.3,1,GREEN,26.8
3741,3,GREEN,7.3,1,GREEN,26.8
3742,3,GREEN,7.3,1,GREEN,26.8
3743,3,GREEN,7.2,1,GREEN,26.7
3744,3,GREEN,7.2,1,GREEN,26.7
3745,3,GREEN,7.2,1,GREEN,26.7
3746,3,GREEN,7.1,1,GREEN,26.6
3747,3,GREEN,7.1,1,GREEN,26.6
3748,3,GREEN,7.1,1,GREEN,26.6
3749,3,GREEN,7.0,1,GREEN,26.5
3750,3,GREEN,7.0,1,GREEN,26.5
3751,3,GREEN,7.0,1,GREEN,26.5
3752,3,GREEN,6.9,1,GREEN,26.4
3753,3,GREEN,6.9,1,GREEN,26.4
3754,3,GREEN,6.9,1,GREEN,26.4
3755,3,GREEN,6.8,1,GREEN,26.3
3756,3,GREEN,6.8,1,GREEN,26.3
3757,3,GREEN,6.8,1,GREEN,26.3
3758,3,GREEN,6.7,1,GREEN,26.2
3759,3,GREEN,6.7,1,GREEN,26.2
3760,3,GREEN,6.7,1,GREEN,26.2
3761,3,GREEN,6.6,1,GREEN,26.1
3762,3,GREEN,6.6,1,GREEN,26.1
3763,3,GREEN,6.6,1,GREEN,26.1
3764,3,GREEN,6.5,1,GREEN,26.0
3765,3,GREEN,6.5,1,GREEN,26.0
3766,3,GREEN,6.5,1,GREEN,26.0
3767,3,GREEN,6.4,1,GREEN,25.9
3768,3,GREEN,6.4,1,GREEN,25.9
3769,3,GREEN,6.4,1,GREEN,25.9
3770,3,GREEN,6.3,1,GREEN,25.8
3771,3,GREEN,6.3,1,GREEN,25.8
3772,3,GREEN,6.3,1,GREEN,25.8
3773,3,GREEN,6.2,1,GREEN,25.7
3774,3,GREEN,6.2,1,GREEN,25.7
3775,3,GREEN,6.2,1,GREEN,25.7
3776,3,GREEN,6.1,1,GREEN,25.6
3777,3,GREEN,6.1,1,GREEN,25.6
3778,3,GREEN,6.1,1,GREEN,25.6
3779,3,GREEN,6.0,1,GREEN,25.5
3780,3,GREEN,6.0,1,GREEN,25.5
3781,3,GREEN,6.0,1,GREEN,25.5
3782,3,GREEN,5.9,1,GREEN,25.4
3783,3,GREEN,5.9,1,GREEN,25.4
3784,3,GREEN,5.9,1,GREEN,25.4
3785,3,GREEN,5.8,1,GREEN,25.3
3786,3,GREEN,5.8,1,GREEN,25.3
3787,3,GREEN,5.8,1,GREEN,25.3
3788,3,GREEN,5.7,1,GREEN,25.2
3789,3,GREEN,5.7,1,GREEN,25.2
3790,3,GREEN,5.7,1,GREEN,25.2
3791,3,GREEN,5.6,1,GREEN,25.1
3792,3,GREEN,5.6,1,GREEN,25.1
3793,3,GREEN,5.6,1,GREEN,25.1
3794,3,GREEN,5.5,1,GREEN,25.0
3795,3,GREEN,5.5,1,GREEN,25.0
3796,3,GREEN,5.5,1,GREEN,25.0
3797,3,GREEN,5.4,1,GREEN,24.9
3798,3,GREEN,5.4,1,GREEN,24.9
3799,3,GREEN,5.4,1,GREEN,24.9
3800,3,GREEN,5.3,1,GREEN,24.8
3801,3,GREEN,5.3,1,GREEN,24.8
3802,3,GREEN,5.3,1,GREEN,24.8
3803,3,GREEN,5.2,1,GREEN,24.7
3804,3,GREEN,5.2,1,GREEN,24.7
3805,3,GREEN,5.2,1,GREEN,24.7
3806,3,GREEN,5.1,1,GREEN,24.6
3807,3,GREEN,5.1,1,GREEN,24.6
3808,3,GREEN,5.1,1,GREEN,24.6
3809,3,GREEN,5.0,1,GREEN,24.5
3810,3,GREEN,5.0,1,GREEN,24.5
3811,3,GREEN,5.0,1,GREEN,24.5
3812,3,GREEN,4.9,1,GREEN,24.4
3813,3,GREEN,4.9,1,GREEN,24.4
3814,3,GREEN,4.9,1,GREEN,24.4
3815,3,GREEN,4.8,1,GREEN,24.3
3816,3,GREEN,4.8,1,GREEN,24.3
3817,3,GREEN,4.8,1,GREEN,24.3
3818,3,GREEN,4.7,1,GREEN,24.2
3819,3,GREEN,4.7,1,GREEN,24.2
3820,3,GREEN,4.7,1,GREEN,24.2
3821,3,GREEN,4.6,1,GREEN,24.1
3822,3,GREEN,4.6,1,GREEN,24.1
3823,3,GREEN,4.6,1,GREEN,24.1
3824,3,GREEN,4.5,1,GREEN,24.0
3825,3,GREEN,4.5,1,GREEN,24.0
3826,3,GREEN,4.5,1,GREEN,24.0
3827,3,GREEN,4.4,1,GREEN,23.9
3828,3,GREEN,4.4,1,GREEN,23.9
3829,3,GREEN,4.4,1,GREEN,23.9
3830,3,GREEN,4.3,1,GREEN,23.8
3831,3,GREEN,4.3,1,GREEN,23.8
3832,3,GREEN,4.3,1,GREEN,23.8
3833,3,GREEN,4.2,1,GREEN,23.7
3834,3,GREEN,4.2,1,GREEN,23.7
3835,3,GREEN,4.2,1,GREEN,23.7
3836,3,GREEN,4.1,1,GREEN,23.6
3837,3,GREEN,4.1,1,GREEN,23.6
3838,3,GREEN,4.1,1,GREEN,23.6
3839,3,GREEN,4.0,1,GREEN,23.5
3840,3,GREEN,4.0,1,GREEN,23.5
3841,3,GREEN,4.0,1,GREEN,23.5
3842,3,GREEN,3.9,1,GREEN,23.4
3843,3,GREEN,3.9,1,GREEN,23.4
3844,3,GREEN,3.9,1,GREEN,23.4
3845,3,GREEN,3.8,1,GREEN,23.3
3846,3,GREEN,3.8,1,GREEN,23.3
3847,3,GREEN,3.8,1,GREEN,23.3
3848,3,GREEN,3.7,1,GREEN,23.2
3849,3,GREEN,3.7,1,GREEN,23.2
3850,3,GREEN,3.7,1,GREEN,23.2
3851,3,GREEN,3.6,1,GREEN,23.1
3852,3,GREEN,3.6,1,GREEN,23.1
3853,3,GREEN,3.6,1,GREEN,23.1
3854,3,GREEN,3.5,1,GREEN,23.0
3855,3,GREEN,3.5,1,GREEN,23.0
3856,3,GREEN,3.5,1,GREEN,23.0
3857,3,GREEN,3.4,1,GREEN,22.9
3858,3,GREEN,3.4,1,GREEN,22.9
3859,3,GREEN,3.4,1,GREEN,22.9
3860,3,GREEN,3.3,1,GREEN,22.8
3861,3,GREEN,3.3,1,GREEN,22.8
3862,3,GREEN,3.3,1,GREEN,22.8
3863,3,GREEN,3.2,1,GREEN,22.7
3864,3,GREEN,3.2,1,GREEN,22.7
3865,3,GREEN,3.2,1,GREEN,22.7
3866,3,GREEN,3.1,1,GREEN,22.6
3867,3,GREEN,3.1,1,GREEN,22.6
3868,3,GREEN,3.1,1,GREEN,22.6
3869,3,GREEN,3.0,1,GREEN,22.5
3870,3,GREEN,3.0,1,GREEN,22.5
3871,3,GREEN,3.0,1,GREEN,22.5
3872,3,GREEN,2.9,1,GREEN,22.4
3873,3,GREEN,2.9,1,GREEN,22.4
3874,3,GREEN,2.9,1,GREEN,22.4
3875,3,GREEN,2.8,1,GREEN,22.3
3876,3,GREEN,2.8,1,GREEN,22.3
3877,3,GREEN,2.8,1,GREEN,22.3
3878,3,GREEN,2.7,1,GREEN,22.2
3879,3,GREEN,2.7,1,GREEN,22.2
3880,3,GREEN,2.7,1,GREEN,22.2
3881,3,GREEN,2.6,1,GREEN,22.1
3882,3,GREEN,2.6,1,GREEN,22.1
3883,3,GREEN,2.6,1,GREEN,22.1
3884,3,GREEN,2.5,1,GREEN,22.0
3885,3,GREEN,2.5,1,GREEN,22.0
3886,3,GREEN,2.5,1,GREEN,22.0
3887,3,GREEN,2.4,1,GREEN,21.9
3888,3,GREEN,2.4,1,GREEN,21.9
3889,3,GREEN,2.4,1,GREEN,21.9
3890,3,GREEN,2.3,1,GREEN,21.8
3891,3,GREEN,2.3,1,GREEN,21.8
3892,3,GREEN,2.3,1,GREEN,21.8
3893,3,GREEN,2.2,1,GREEN,21.7
3894,3,GREEN,2.2,1,GREEN,21.7
3895,3,GREEN,2.2,1,GREEN,21.7
3896,3,GREEN,2.1,1,GREEN,21.6
3897,3,GREEN,2.1,1,GREEN,21.6
3898,3,GREEN,2.1,1,GREEN,21.6
3899,3,GREEN,2.0,1,GREEN,21.5
3900,3,GREEN,2.0,1,GREEN,21.5
3901,3,GREEN,2.0,1,GREEN,21.5
3902,3,GREEN,1.9,1,GREEN,21.4
3903,3,GREEN,1.9,1,GREEN,21.4
3904,3,GREEN,1.9,1,GREEN,21.4
3905,3,GREEN,1.8,1,GREEN,21.3
3906,3,GREEN,1.8,1,GREEN,21.3
3907,3,GREEN,1.8,1,GREEN,21.3
3908,3,GREEN,1.7,1,GREEN,21.2
3909,3,GREEN,1.7,1,GREEN,21.2
3910,3,GREEN,1.7,1,GREEN,21.2
3911,3,GREEN,1.6,1,GREEN,21.1
3912,3,GREEN,1.6,1,GREEN,21.1
3913,3,GREEN,1.6,1,GREEN,21.1
3914,3,GREEN,1.5,1,GREEN,21.0
3915,3,GREEN,1.5,1,GREEN,21.0
3916,3,GREEN,1.5,1,GREEN,21.0
3917,3,GREEN,1.4,1,GREEN,20.9
3918,3,GREEN,1.4,1,GREEN,20.9
3919,3,GREEN,1.4,1,GREEN,20.9
3920,3,GREEN,1.3,1,GREEN,20.8
3921,3,GREEN,1.3,1,GREEN,20.8
3922,3,GREEN,1.3,1,GREEN,20.8
3923,3,GREEN,1.2,1,GREEN,20.7
3924,3,GREEN,1.2,1,GREEN,20.7
3925,3,GREEN,1.2,1,GREEN,20.7
3926,3,GREEN,1.1,1,GREEN,20.6
3927,3,GREEN,1.1,1,GREEN,20.6
3928,3,GREEN,1.1,1,GREEN,20.6
3929,3,GREEN,1.0,1,GREEN,20.5
3930,3,GREEN,1.0,1,GREEN,20.5
3931,3,GREEN,1.0,1,GREEN,20.5
3932,3,GREEN,0.9,1,GREEN,20.4
3933,3,GREEN,0.9,1,GREEN,20.4
3934,3,GREEN,0.9,1,GREEN,20.4
3935,3,GREEN,0.8,1,GREEN,20.3
3936,3,GREEN,0.8,1,GREEN,20.3
3937,3,GREEN,0.8,1,GREEN,20.3
3938,3,GREEN,0.7,1,GREEN,20.2
3939,3,GREEN,0.7,1,GREEN,20.2
3940,3,GREEN,0.7,1,GREEN,20.2
3941,3,GREEN,0.6,1,GREEN,20.1
3942,3,GREEN,0.6,1,GREEN,20.1
3943,3,GREEN,0.6,1,GREEN,20.1
3944,3,GREEN,0.5,1,GREEN,20.0
3945,3,GREEN,0.5,1,GREEN,20.0
3946,3,GREEN,0.5,1,GREEN,20.0
3947,3,GREEN,0.4,1,GREEN,19.9
3948,3,GREEN,0.4,1,GREEN,19.9
3949,3,GREEN,0.4,1,GREEN,19.9
3950,3,GREEN,0.3,1,GREEN,19.8
3951,3,GREEN,0.3,1,GREEN,19.8
3952,3,GREEN,0.3,1,GREEN,19.8
3953,3,GREEN,0.2,1,GREEN,19.7
3954,3,GREEN,0.2,1,GREEN,19.7
3955,3,GREEN,0.2,1,GREEN,19.7
3956,3,GREEN,0.1,1,GREEN,19.6
3957,3,GREEN,0.1,1,GREEN,19.6
3958,3,GREEN,0.1,1,GREEN,19.6
3959,3,GREEN,0.0,1,GREEN,19.5
3960,3,YELLOW,0.0,1,GREEN,19.5
3961,3,YELLOW,3.0,1,GREEN,19.5
3962,3,YELLOW,2.9,1,GREEN,19.4
3963,3,YELLOW,2.9,1,GREEN,19.4
3964,3,YELLOW,2.9,1,GREEN,19.4
3965,3,YELLOW,2.8,1,GREEN,19.3
3966,3,YELLOW,2.8,1,GREEN,19.3
3967,3,YELLOW,2.8,1,GREEN,19.3
3968,3,YELLOW,2.7,1,GREEN,19.2
3969,3,YELLOW,2.7,1,GREEN,19.2
3970,3,YELLOW,2.7,1,GREEN,19.2
3971,3,YELLOW,2.6,1,GREEN,19.1
3972,3,YELLOW,2.6,1,GREEN,19.1
3973,3,YELLOW,2.6,1,GREEN,19.1
3974,3,YELLOW,2.5,1,GREEN,19.0
3975,3,YELLOW,2.5,1,GREEN,19.0
3976,3,YELLOW,2.5,1,GREEN,19.0
3977,3,YELLOW,2.4,1,GREEN,18.9
3978,3,YELLOW,2.4,1,GREEN,18.9
3979,3,YELLOW,2.4,1,GREEN,18.9
3980,3,YELLOW,2.3,1,GREEN,18.8
3981,3,YELLOW,2.3,1,GREEN,18.8
3982,3,YELLOW,2.3,1,GREEN,18.8
3983,3,YELLOW,2.2,1,GREEN,18.7
3984,3,YELLOW,2.2,1,GREEN,18.7
3985,3,YELLOW,2.2,1,GREEN,18.7
3986,3,YELLOW,2.1,1,GREEN,18.6
3987,3,YELLOW,2.1,1,GREEN,18.6
3988,3,YELLOW,2.1,1,GREEN,18.6
3989,3,YELLOW,2.0,1,GREEN,18.5
3990,3,YELLOW,2.0,1,GREEN,18.5
3991,3,YELLOW,2.0,1,GREEN,18.5
3992,3,YELLOW,1.9,1,GREEN,18.4
3993,3,YELLOW,1.9,1,GREEN,18.4
3994,3,YELLOW,1.9,1,GREEN,18.4
3995,3,YELLOW,1.8,1,GREEN,18.3
3996,3,YELLOW,1.8,1,GREEN,18.3
3997,3,YELLOW,1.8,1,GREEN,18.3
3998,3,YELLOW,1.7,1,GREEN,18.2
3999,3,YELLOW,1.7,1,GREEN,18.2
4000,3,YELLOW,1.7,1,GREEN,18.2
4001,3,YELLOW,1.6,1,GREEN,18.1
4002,3,YELLOW,1.6,1,GREEN,18.1
4003,3,YELLOW,1.6,1,GREEN,18.1
4004,3,YELLOW,1.5,1,GREEN,18.0
4005,3,YELLOW,1.5,1,GREEN,18.0
4006,3,YELLOW,1.5,1,GREEN,18.0
4007,3,YELLOW,1.4,1,GREEN,17.9
4008,3,YELLOW,1.4,1,GREEN,17.9
4009,3,YELLOW,1.4,1,GREEN,17.9
4010,3,YELLOW,1.3,1,GREEN,17.8
4011,3,YELLOW,1.3,1,GREEN,17.8
4012,3,YELLOW,1.3,1,GREEN,17.8
4013,3,YELLOW,1.2,1,GREEN,17.7
4014,3,YELLOW,1.2,1,GREEN,17.7
4015,3,YELLOW,1.2,1,GREEN,17.7
4016,3,YELLOW,1.1,1,GREEN,17.6
4017,3,YELLOW,1.1,1,GREEN,17.6
4018,3,YELLOW,1.1,1,GREEN,17.6
4019,3,YELLOW,1.0,1,GREEN,17.5
4020,3,YELLOW,1.0,1,GREEN,17.5
4021,3,YELLOW,1.0,1,GREEN,17.5
4022,3,YELLOW,0.9,1,GREEN,17.4
4023,3,YELLOW,0.9,1,GREEN,17.4
4024,3,YELLOW,0.9,1,GREEN,17.4
4025,3,YELLOW,0.8,1,GREEN,17.3
4026,3,YELLOW,0.8,1,GREEN,17.3
4027,3,YELLOW,0.8,1,GREEN,17.3
4028,3,YELLOW,0.7,1,GREEN,17.2
4029,3,YELLOW,0.7,1,GREEN,17.2
4030,3,YELLOW,0.7,1,GREEN,17.2
4031,3,YELLOW,0.6,1,GREEN,17.1
4032,3,YELLOW,0.6,1,GREEN,17.1
4033,3,YELLOW,0.6,1,GREEN,17.1
4034,3,YELLOW,0.5,1,GREEN,17.0
4035,3,YELLOW,0.5,1,GREEN,17.0
4036,3,YELLOW,0.5,1,GREEN,17.0
4037,3,YELLOW,0.4,1,GREEN,16.9
4038,3,YELLOW,0.4,1,GREEN,16.9
4039,3,YELLOW,0.4,1,GREEN,16.9
4040,3,YELLOW,0.3,1,GREEN,16.8
4041,3,YELLOW,0.3,1,GREEN,16.8
4042,3,YELLOW,0.3,1,GREEN,16.8
4043,3,YELLOW,0.2,1,GREEN,16.7
4044,3,YELLOW,0.2,1,GREEN,16.7
4045,3,YELLOW,0.2,1,GREEN,16.7
4046,3,YELLOW,0.1,1,GREEN,16.6
4047,3,YELLOW,0.1,1,GREEN,16.6
4048,3,YELLOW,0.1,1,GREEN,16.6
4049,3,YELLOW,0.0,1,GREEN,16.5
4050,4,GREEN,29.5,1,GREEN,16.5
4051,4,GREEN,32.5,1,GREEN,16.5
4052,4,GREEN,32.4,1,GREEN,16.4
4053,4,GREEN,32.4,1,GREEN,16.4
4054,4,GREEN,32.4,1,GREEN,16.4
4055,4,GREEN,32.3,1,GREEN,16.3
4056,4,GREEN,32.3,1,GREEN,16.3
4057,4,GREEN,32.3,1,GREEN,16.3
4058,4,GREEN,32.2,1,GREEN,16.2
4059,4,GREEN,32.2,1,GREEN,16.2
4060,4,GREEN,32.2,1,GREEN,16.2
4061,4,GREEN,32.1,1,GREEN,16.1
4062,4,GREEN,32.1,1,GREEN,16.1
4063,4,GREEN,32.1,1,GREEN,16.1
4064,4,GREEN,32.0,1,GREEN,16.0
4065,4,GREEN,32.0,1,GREEN,16.0
4066,4,GREEN,32.0,1,GREEN,16.0
4067,4,GREEN,31.9,1,GREEN,15.9
4068,4,GREEN,31.9,1,GREEN,15.9
4069,4,GREEN,31.9,1,GREEN,15.9
4070,4,GREEN,31.8,1,GREEN,15.8
4071,4,GREEN,31.8,1,GREEN,15.8
4072,4,GREEN,31.8,1,GREEN,15.8
4073,4,GREEN,31.7,1,GREEN,15.7
4074,4,GREEN,31.7,1,GREEN,15.7
4075,4,GREEN,31.7,1,GREEN,15.7
4076,4,GREEN,31.6,1,GREEN,15.6
4077,4,GREEN,31.6,1,GREEN,15.6
4078,4,GREEN,31.6,1,GREEN,15.6
4079,4,GREEN,31.5,1,GREEN,15.5
4080,4,GREEN,31.5,1,GREEN,15.5
4081,4,GREEN,31.5,1,GREEN,15.5
4082,4,GREEN,31.4,1,GREEN,15.4
4083,4,GREEN,31.4,1,GREEN,15.4
4084,4,GREEN,31.4,1,GREEN,15.4
4085,4,GREEN,31.3,1,GREEN,15.3
4086,4,GREEN,31.3,1,GREEN,15.3
4087,4,GREEN,31.3,1,GREEN,15.3
4088,4,GREEN,31.2,1,GREEN,15.2
4089,4,GREEN,31.2,1,GREEN,15.2
4090,4,GREEN,31.2,1,GREEN,15.2
4091,4,GREEN,31.1,1,GREEN,15.1
4092,4,GREEN,31.1,1,GREEN,15.1
4093,4,GREEN,31.1,1,GREEN,15.1
4094,4,GREEN,31.0,1,GREEN,15.0
4095,4,GREEN,31.0,1,GREEN,15.0
4096,4,GREEN,31.0,1,GREEN,15.0
4097,4,GREEN,30.9,1,GREEN,14.9
4098,4,GREEN,30.9,1,GREEN,14.9
4099,4,GREEN,30.9,1,GREEN,14.9
4100,4,GREEN,30.8,1,GREEN,14.8
4101,4,GREEN,30.8,1,GREEN,14.8
4102,4,GREEN,30.8,1,GREEN,14.8
4103,4,GREEN,30.7,1,GREEN,14.7
4104,4,GREEN,30.7,1,GREEN,14.7
4105,4,GREEN,30.7,1,GREEN,14.7
4106,4,GREEN,30.6,1,GREEN,14.6
4107,4,GREEN,30.6,1,GREEN,14.6
4108,4,GREEN,30.6,1,GREEN,14.6
4109,4,GREEN,30.5,1,GREEN,14.5
4110,4,GREEN,30.5,1,GREEN,14.5
4111,4,GREEN,30.5,1,GREEN,14.5
4112,4,GREEN,30.4,1,GREEN,14.4
4113,4,GREEN,30.4,1,GREEN,14.4
4114,4,GREEN,30.4,1,GREEN,14.4
4115,4,GREEN,30.3,1,GREEN,14.3
4116,4,GREEN,30.3,1,GREEN,14.3
4117,4,GREEN,30.3,1,GREEN,14.3
4118,4,GREEN,30.2,1,GREEN,14.2
4119,4,GREEN,30.2,1,GREEN,14.2
4120,4,GREEN,30.2,1,GREEN,14.2
4121,4,GREEN,30.1,1,GREEN,14.1
4122,4,GREEN,30.1,1,GREEN,14.1
4123,4,GREEN,30.1,1,GREEN,14.1
4124,4,GREEN,30.0,1,GREEN,14.0
4125,4,GREEN,30.0,1,GREEN,14.0
4126,4,GREEN,30.0,1,GREEN,14.0
4127,4,GREEN,29.9,1,GREEN,13.9
4128,4,GREEN,29.9,1,GREEN,13.9
4129,4,GREEN,29.9,1,GREEN,13.9
4130,4,GREEN,29.8,1,GREEN,13.8
4131,4,GREEN,29.8,1,GREEN,13.8
4132,4,GREEN,29.8,1,GREEN,13.8
4133,4,GREEN,29.7,1,GREEN,13.7
4134,4,GREEN,29.7,1,GREEN,13.7
4135,4,GREEN,29.7,1,GREEN,13.7
4136,4,GREEN,29.6,1,GREEN,13.6
4137,4,GREEN,29.6,1,GREEN,13.6
4138,4,GREEN,29.6,1,GREEN,13.6
4139,4,GREEN,29.5,1,GREEN,13.5
4140,4,GREEN,29.5,1,GREEN,13.5
4141,4,GREEN,29.5,1,GREEN,13.5
4142,4,GREEN,29.4,1,GREEN,13.4
4143,4,GREEN,29.4,1,GREEN,13.4
4144,4,GREEN,29.4,1,GREEN,13.4
4145,4,GREEN,29.3,1,GREEN,13.3
4146,4,GREEN,29.3,1,GREEN,13.3
4147,4,GREEN,29.3,1,GREEN,13.3
4148,4,GREEN,29.2,1,GREEN,13.2
4149,4,GREEN,29.2,1,GREEN,13.2
4150,4,GREEN,29.2,1,GREEN,13.2
4151,4,GREEN,29.1,1,GREEN,13.1
4152,4,GREEN,29.1,1,GREEN,13.1
4153,4,GREEN,29.1,1,GREEN,13.1
4154,4,GREEN,29.0,1,GREEN,13.0
4155,4,GREEN,29.0,1,GREEN,13.0
4156,4,GREEN,29.0,1,GREEN,13.0
4157,4,GREEN,28.9,1,GREEN,12.9
4158,4,GREEN,28.9,1,GREEN,12.9
4159,4,GREEN,28.9,1,GREEN,12.9
4160,4,GREEN,28.8,1,GREEN,12.8
4161,4,GREEN,28.8,1,GREEN,12.8
4162,4,GREEN,28.8,1,GREEN,12.8
4163,4,GREEN,28.7,1,GREEN,12.7
4164,4,GREEN,28.7,1,GREEN,12.7
4165,4,GREEN,28.7,1,GREEN,12.7
4166,4,GREEN,28.6,1,GREEN,12.6
4167,4,GREEN,28.6,1,GREEN,12.6
4168,4,GREEN,28.6,1,GREEN,12.6
4169,4,GREEN,28.5,1,GREEN,12.5
4170,4,GREEN,28.5,1,GREEN,12.5
4171,4,GREEN,28.5,1,GREEN,12.5
4172,4,GREEN,28.4,1,GREEN,12.4
4173,4,GREEN,28.4,1,GREEN,12.4
4174,4,GREEN,28.4,1,GREEN,12.4
4175,4,GREEN,28.3,1,GREEN,12.3
4176,4,GREEN,28.3,1,GREEN,12.3
4177,4,GREEN,28.3,1,GREEN,12.3
4178,4,GREEN,28.2,1,GREEN,12.2
4179,4,GREEN,28.2,1,GREEN,12.2
4180,4,GREEN,28.2,1,GREEN,12.2
4181,4,GREEN,28.1,1,GREEN,12.1
4182,4,GREEN,28.1,1,GREEN,12.1
4183,4,GREEN,28.1,1,GREEN,12.1
4184,4,GREEN,28.0,1,GREEN,12.0
4185,4,GREEN,28.0,1,GREEN,12.0
4186,4,GREEN,28.0,1,GREEN,12.0
4187,4,GREEN,27.9,1,GREEN,11.9
4188,4,GREEN,27.9,1,GREEN,11.9
4189,4,GREEN,27.9,1,GREEN,11.9
4190,4,GREEN,27.8,1,GREEN,11.8
4191,4,GREEN,27.8,1,GREEN,11.8
4192,4,GREEN,27.8,1,GREEN,11.8
4193,4,GREEN,27.7,1,GREEN,11.7
4194,4,GREEN,27.7,1,GREEN,11.7
4195,4,GREEN,27.7,1,GREEN,11.7
4196,4,GREEN,27.6,1,GREEN,11.6
4197,4,GREEN,27.6,1,GREEN,11.6
4198,4,GREEN,27.6,1,GREEN,11.6
4199,4,GREEN,27.5,1,GREEN,11.5
4200,4,GREEN,27.5,1,GREEN,11.5
4201,4,GREEN,27.5,1,GREEN,11.5
4202,4,GREEN,27.4,1,GREEN,11.4
4203,4,GREEN,27.4,1,GREEN,11.4
4204,4,GREEN,27.4,1,GREEN,11.4
4205,4,GREEN,27.3,1,GREEN,11.3
4206,4,GREEN,27.3,1,GREEN,11.3
4207,4,GREEN,27.3,1,GREEN,11.3
4208,4,GREEN,27.2,1,GREEN,11.2
4209,4,GREEN,27.2,1,GREEN,11.2
4210,4,GREEN,27.2,1,GREEN,11.2
4211,4,GREEN,27.1,1,GREEN,11.1
4212,4,GREEN,27.1,1,GREEN,11.1
4213,4,GREEN,27.1,1,GREEN,11.1
4214,4,GREEN,27.0,1,GREEN,11.0
4215,4,GREEN,27.0,1,GREEN,11.0
4216,4,GREEN,27.0,1,GREEN,11.0
4217,4,GREEN,26.9,1,GREEN,10.9
4218,4,GREEN,26.9,1,GREEN,10.9
4219,4,GREEN,26.9,1,GREEN,10.9
4220,4,GREEN,26.8,1,GREEN,10.8
4221,4,GREEN,26.8,1,GREEN,10.8
4222,4,GREEN,26.8,1,GREEN,10.8
4223,4,GREEN,26.7,1,GREEN,10.7
4224,4,GREEN,26.7,1,GREEN,10.7
4225,4,GREEN,26.7,1,GREEN,10.7
4226,4,GREEN,26.6,1,GREEN,10.6
4227,4,GREEN,26.6,1,GREEN,10.6
4228,4,GREEN,26.6,1,GREEN,10.6
4229,4,GREEN,26.5,1,GREEN,10.5
4230,4,GREEN,26.5,1,GREEN,10.5
4231,4,GREEN,26.5,1,GREEN,10.5
4232,4,GREEN,26.4,1,GREEN,10.4
4233,4,GREEN,26.4,1,GREEN,10.4
4234,4,GREEN,26.4,1,GREEN,10.4
4235,4,GREEN,26.3,1,GREEN,10.3
4236,4,GREEN,26.3,1,GREEN,10.3
4237,4,GREEN,26.3,1,GREEN,10.3
4238,4,GREEN,26.2,1,GREEN,10.2
4239,4,GREEN,26.2,1,GREEN,10.2
4240,4,GREEN,26.2,1,GREEN,10.2
4241,4,GREEN,26.1,1,GREEN,10.1
4242,4,GREEN,26.1,1,GREEN,10.1
4243,4,GREEN,26.1,1,GREEN,10.1
4244,4,GREEN,26.0,1,GREEN,10.0
4245,4,GREEN,26.0,1,GREEN,10.0
4246,4,GREEN,26.0,1,GREEN,10.0
4247,4,GREEN,25.9,1,GREEN,9.9
4248,4,GREEN,25.9,1,GREEN,9.9
4249,4,GREEN,25.9,1,GREEN,9.9
4250,4,GREEN,25.8,1,GREEN,9.8
4251,4,GREEN,25.8,1,GREEN,9.8
4252,4,GREEN,25.8,1,GREEN,9.8
4253,4,GREEN,25.7,1,GREEN,9.7
4254,4,GREEN,25.7,1,GREEN,9.7
4255,4,GREEN,25.7,1,GREEN,9.7
4256,4,GREEN,25.6,1,GREEN,9.6
4257,4,GREEN,25.6,1,GREEN,9.6
4258,4,GREEN,25.6,1,GREEN,9.6
4259,4,GREEN,25.5,1,GREEN,9.5
4260,4,GREEN,25.5,1,GREEN,9.5
4261,4,GREEN,25.5,1,GREEN,9.5
4262,4,GREEN,25.4,1,GREEN,9.4
4263,4,GREEN,25.4,1,GREEN,9.4
4264,4,GREEN,25.4,1,GREEN,9.4
4265,4,GREEN,25.3,1,GREEN,9.3
4266,4,GREEN,25.3,1,GREEN,9.3
4267,4,GREEN,25.3,1,GREEN,9.3
4268,4,GREEN,25.2,1,GREEN,9.2
4269,4,GREEN,25.2,1,GREEN,9.2
4270,4,GREEN,25.2,1,GREEN,9.2
4271,4,GREEN,25.1,1,GREEN,9.1
4272,4,GREEN,25.1,1,GREEN,9.1
4273,4,GREEN,25.1,1,GREEN,9.1
4274,4,GREEN,25.0,1,GREEN,9.0
4275,4,GREEN,25.0,1,GREEN,9.0
4276,4,GREEN,25.0,1,GREEN,9.0
4277,4,GREEN,24.9,1,GREEN,8.9
4278,4,GREEN,24.9,1,GREEN,8.9
4279,4,GREEN,24.9,1,GREEN,8.9
4280,4,GREEN,24.8,1,GREEN,8.8
4281,4,GREEN,24.8,1,GREEN,8.8
4282,4,GREEN,24.8,1,GREEN,8.8
4283,4,GREEN,24.7,1,GREEN,8.7
4284,4,GREEN,24.7,1,GREEN,8.7
4285,4,GREEN,24.7,1,GREEN,8.7
4286,4,GREEN,24.6,1,GREEN,8.6
4287,4,GREEN,24.6,1,GREEN,8.6
4288,4,GREEN,24.6,1,GREEN,8.6
4289,4,GREEN,24.5,1,GREEN,8.5
4290,4,GREEN,24.5,1,GREEN,8.5
4291,4,GREEN,24.5,1,GREEN,8.5
4292,4,GREEN,24.4,1,GREEN,8.4
4293,4,GREEN,24.4,1,GREEN,8.4
4294,4,GREEN,24.4,1,GREEN,8.4
4295,4,GREEN,24.3,1,GREEN,8.3
4296,4,GREEN,24.3,1,GREEN,8.3
4297,4,GREEN,24.3,1,GREEN,8.3
4298,4,GREEN,24.2,1,GREEN,8.2
4299,4,GREEN,24.2,1,GREEN,8.2
4300,4,GREEN,24.2,1,GREEN,8.2
4301,4,GREEN,24.1,1,GREEN,8.1
4302,4,GREEN,24.1,1,GREEN,8.1
4303,4,GREEN,24.1,1,GREEN,8.1
4304,4,GREEN,24.0,1,GREEN,8.0
4305,4,GREEN,24.0,1,GREEN,8.0
4306,4,GREEN,24.0,1,GREEN,8.0
4307,4,GREEN,23.9,1,GREEN,7.9
4308,4,GREEN,23.9,1,GREEN,7.9
4309,4,GREEN,23.9,1,GREEN,7.9
4310,4,GREEN,23.8,1,GREEN,7.8
4311,4,GREEN,23.8,1,GREEN,7.8
4312,4,GREEN,23.8,1,GREEN,7.8
4313,4,GREEN,23.7,1,GREEN,7.7
4314,4,GREEN,23.7,1,GREEN,7.7
4315,4,GREEN,23.7,1,GREEN,7.7
4316,4,GREEN,23.6,1,GREEN,7.6
4317,4,GREEN,23.6,1,GREEN,7.6
4318,4,GREEN,23.6,1,GREEN,7.6
4319,4,GREEN,23.5,1,GREEN,7.5
4320,4,GREEN,23.5,1,GREEN,7.5
4321,4,GREEN,23.5,1,GREEN,7.5
4322,4,GREEN,23.4,1,GREEN,7.4
4323,4,GREEN,23.4,1,GREEN,7.4
4324,4,GREEN,23.4,1,GREEN,7.4
4325,4,GREEN,23.3,1,GREEN,7.3
4326,4,GREEN,23.3,1,GREEN,7.3
4327,4,GREEN,23.3,1,GREEN,7.3
4328,4,GREEN,23.2,1,GREEN,7.2
4329,4,GREEN,23.2,1,GREEN,7.2
4330,4,GREEN,23.2,1,GREEN,7.2
4331,4,GREEN,23.1,1,GREEN,7.1
4332,4,GREEN,23.1,1,GREEN,7.1
4333,4,GREEN,23.1,1,GREEN,7.1
4334,4,GREEN,23.0,1,GREEN,7.0
4335,4,GREEN,23.0,1,GREEN,7.0
4336,4,GREEN,23.0,1,GREEN,7.0
4337,4,GREEN,22.9,1,GREEN,6.9
4338,4,GREEN,22.9,1,GREEN,6.9
4339,4,GREEN,22.9,1,GREEN,6.9
4340,4,GREEN,22.8,1,GREEN,6.8
4341,4,GREEN,22.8,1,GREEN,6.8
4342,4,GREEN,22.8,1,GREEN,6.8
4343,4,GREEN,22.7,1,GREEN,6.7
4344,4,GREEN,22.7,1,GREEN,6.7
4345,4,GREEN,22.7,1,GREEN,6.7
4346,4,GREEN,22.6,1,GREEN,6.6
4347,4,GREEN,22.6,1,GREEN,6.6
4348,4,GREEN,22.6,1,GREEN,6.6
4349,4,GREEN,22.5,1,GREEN,6.5
4350,4,GREEN,22.5,1,GREEN,6.5
4351,4,GREEN,22.5,1,GREEN,6.5
4352,4,GREEN,22.4,1,GREEN,6.4
4353,4,GREEN,22.4,1,GREEN,6.4
4354,4,GREEN,22.4,1,GREEN,6.4
4355,4,GREEN,22.3,1,GREEN,6.3
4356,4,GREEN,22.3,1,GREEN,6.3
4357,4,GREEN,22.3,1,GREEN,6.3
4358,4,GREEN,22.2,1,GREEN,6.2
4359,4,GREEN,22.2,1,GREEN,6.2
4360,4,GREEN,22.2,1,GREEN,6.2
4361,4,GREEN,22.1,1,GREEN,6.1
4362,4,GREEN,22.1,1,GREEN,6.1
4363,4,GREEN,22.1,1,GREEN,6.1
4364,4,GREEN,22.0,1,GREEN,6.0
4365,4,GREEN,22.0,1,GREEN,6.0
4366,4,GREEN,22.0,1,GREEN,6.0
4367,4,GREEN,21.9,1,GREEN,5.9
4368,4,GREEN,21.9,1,GREEN,5.9
4369,4,GREEN,21.9,1,GREEN,5.9
4370,4,GREEN,21.8,1,GREEN,5.8
4371,4,GREEN,21.8,1,GREEN,5.8
4372,4,GREEN,21.8,1,GREEN,5.8
4373,4,GREEN,21.7,1,GREEN,5.7
4374,4,GREEN,21.7,1,GREEN,5.7
4375,4,GREEN,21.7,1,GREEN,5.7
4376,4,GREEN,21.6,1,GREEN,5.6
4377,4,GREEN,21.6,1,GREEN,5.6
4378,4,GREEN,21.6,1,GREEN,5.6
4379,4,GREEN,21.5,1,GREEN,5.5
4380,4,GREEN,21.5,1,GREEN,5.5
4381,4,GREEN,21.5,1,GREEN,5.5
4382,4,GREEN,21.4,1,GREEN,5.4
4383,4,GREEN,21.4,1,GREEN,5.4
4384,4,GREEN,21.4,1,GREEN,5.4
4385,4,GREEN,21.3,1,GREEN,5.3
4386,4,GREEN,21.3,1,GREEN,5.3
4387,4,GREEN,21.3,1,GREEN,5.3
4388,4,GREEN,21.2,1,GREEN,5.2
4389,4,GREEN,21.2,1,GREEN,5.2
4390,4,GREEN,21.2,1,GREEN,5.2
4391,4,GREEN,21.1,1,GREEN,5.1
4392,4,GREEN,21.1,1,GREEN,5.1
4393,4,GREEN,21.1,1,GREEN,5.1
4394,4,GREEN,21.0,1,GREEN,5.0
4395,4,GREEN,21.0,1,GREEN,5.0
4396,4,GREEN,21.0,1,GREEN,5.0
4397,4,GREEN,20.9,1,GREEN,4.9
4398,4,GREEN,20.9,1,GREEN,4.9
4399,4,GREEN,20.9,1,GREEN,4.9
4400,4,GREEN,20.8,1,GREEN,4.8
4401,4,GREEN,20.8,1,GREEN,4.8
4402,4,GREEN,20.8,1,GREEN,4.8
4403,4,GREEN,20.7,1,GREEN,4.7
4404,4,GREEN,20.7,1,GREEN,4.7
4405,4,GREEN,20.7,1,GREEN,4.7
4406,4,GREEN,20.6,1,GREEN,4.6
4407,4,GREEN,20.6,1,GREEN,4.6
4408,4,GREEN,20.6,1,GREEN,4.6
4409,4,GREEN,20.5,1,GREEN,4.5
4410,4,GREEN,20.5,1,GREEN,4.5
4411,4,GREEN,20.5,1,GREEN,4.5
4412,4,GREEN,20.4,1,GREEN,4.4
4413,4,GREEN,20.4,1,GREEN,4.4
4414,4,GREEN,20.4,1,GREEN,4.4
4415,4,GREEN,20.3,1,GREEN,4.3
4416,4,GREEN,20.3,1,GREEN,4.3
4417,4,GREEN,20.3,1,GREEN,4.3
4418,4,GREEN,20.2,1,GREEN,4.2
4419,4,GREEN,20.2,1,GREEN,4.2
4420,4,GREEN,20.2,1,GREEN,4.2
4421,4,GREEN,20.1,1,GREEN,4.1
4422,4,GREEN,20.1,1,GREEN,4.1
4423,4,GREEN,20.1,1,GREEN,4.1
4424,4,GREEN,20.0,1,GREEN,4.0
4425,4,GREEN,20.0,1,GREEN,4.0
4426,4,GREEN,20.0,1,GREEN,4.0
4427,4,GREEN,19.9,1,GREEN,3.9
4428,4,GREEN,19.9,1,GREEN,3.9
4429,4,GREEN,19.9,1,GREEN,3.9
4430,4,GREEN,19.8,1,GREEN,3.8
4431,4,GREEN,19.8,1,GREEN,3.8
4432,4,GREEN,19.8,1,GREEN,3.8
4433,4,GREEN,19.7,1,GREEN,3.7
4434,4,GREEN,19.7,1,GREEN,3.7
4435,4,GREEN,19.7,1,GREEN,3.7
4436,4,GREEN,19.6,1,GREEN,3.6
4437,4,GREEN,19.6,1,GREEN,3.6
4438,4,GREEN,19.6,1,GREEN,3.6
4439,4,GREEN,19.5,1,GREEN,3.5
4440,4,GREEN,19.5,1,GREEN,3.5
4441,4,GREEN,19.5,1,GREEN,3.5
4442,4,GREEN,19.4,1,GREEN,3.4
4443,4,GREEN,19.4,1,GREEN,3.4
4444,4,GREEN,19.4,1,GREEN,3.4
4445,4,GREEN,19.3,1,GREEN,3.3
4446,4,GREEN,19.3,1,GREEN,3.3
4447,4,GREEN,19.3,1,GREEN,3.3
4448,4,GREEN,19.2,1,GREEN,3.2
4449,4,GREEN,19.2,1,GREEN,3.2
4450,4,GREEN,19.2,1,GREEN,3.2
4451,4,GREEN,19.1,1,GREEN,3.1
4452,4,GREEN,19.1,1,GREEN,3.1
4453,4,GREEN,19.1,1,GREEN,3.1
4454,4,GREEN,19.0,1,GREEN,3.0
4455,4,GREEN,19.0,1,GREEN,3.0
4456,4,GREEN,19.0,1,GREEN,3.0
4457,4,GREEN,18.9,1,GREEN,2.9
4458,4,GREEN,18.9,1,GREEN,2.9
4459,4,GREEN,18.9,1,GREEN,2.9
4460,4,GREEN,18.8,1,GREEN,2.8
4461,4,GREEN,18.8,1,GREEN,2.8
4462,4,GREEN,18.8,1,GREEN,2.8
4463,4,GREEN,18.7,1,GREEN,2.7
4464,4,GREEN,18.7,1,GREEN,2.7
4465,4,GREEN,18.7,1,GREEN,2.7
4466,4,GREEN,18.6,1,GREEN,2.6
4467,4,GREEN,18.6,1,GREEN,2.6
4468,4,GREEN,18.6,1,GREEN,2.6
4469,4,GREEN,18.5,1,GREEN,2.5
4470,4,GREEN,18.5,1,GREEN,2.5
4471,4,GREEN,18.5,1,GREEN,2.5
4472,4,GREEN,18.4,1,GREEN,2.4
4473,4,GREEN,18.4,1,GREEN,2.4
4474,4,GREEN,18.4,1,GREEN,2.4
4475,4,GREEN,18.3,1,GREEN,2.3
4476,4,GREEN,18.3,1,GREEN,2.3
4477,4,GREEN,18.3,1,GREEN,2.3
4478,4,GREEN,18.2,1,GREEN,2.2
4479,4,GREEN,18.2,1,GREEN,2.2
4480,4,GREEN,18.2,1,GREEN,2.2
4481,4,GREEN,18.1,1,GREEN,2.1
4482,4,GREEN,18.1,1,GREEN,2.1
4483,4,GREEN,18.1,1,GREEN,2.1
4484,4,GREEN,18.0,1,GREEN,2.0
4485,4,GREEN,18.0,1,GREEN,2.0
4486,4,GREEN,18.0,1,GREEN,2.0
4487,4,GREEN,17.9,1,GREEN,1.9
4488,4,GREEN,17.9,1,GREEN,1.9
4489,4,GREEN,17.9,1,GREEN,1.9
4490,4,GREEN,17.8,1,GREEN,1.8
4491,4,GREEN,17.8,1,GREEN,1.8
4492,4,GREEN,17.8,1,GREEN,1.8
4493,4,GREEN,17.7,1,GREEN,1.7
4494,4,GREEN,17.7,1,GREEN,1.7
4495,4,GREEN,17.7,1,GREEN,1.7
4496,4,GREEN,17.6,1,GREEN,1.6
4497,4,GREEN,17.6,1,GREEN,1.6
4498,4,GREEN,17.6,1,GREEN,1.6
4499,4,GREEN,17.5,1,GREEN,1.5
4500,4,GREEN,17.5,1,GREEN,1.5
4501,4,GREEN,17.5,1,GREEN,1.5
4502,4,GREEN,17.4,1,GREEN,1.4
4503,4,GREEN,17.4,1,GREEN,1.4
4504,4,GREEN,17.4,1,GREEN,1.4
4505,4,GREEN,17.3,1,GREEN,1.3
4506,4,GREEN,17.3,1,GREEN,1.3
4507,4,GREEN,17.3,1,GREEN,1.3
4508,4,GREEN,17.2,1,GREEN,1.2
4509,4,GREEN,17.2,1,GREEN,1.2
4510,4,GREEN,17.2,1,GREEN,1.2
4511,4,GREEN,17.1,1,GREEN,1.1
4512,4,GREEN,17.1,1,GREEN,1.1
4513,4,GREEN,17.1,1,GREEN,1.1
4514,4,GREEN,17.0,1,GREEN,1.0
4515,4,GREEN,17.0,1,GREEN,1.0
4516,4,GREEN,17.0,1,GREEN,1.0
4517,4,GREEN,16.9,1,GREEN,0.9
4518,4,GREEN,16.9,1,GREEN,0.9
4519,4,GREEN,16.9,1,GREEN,0.9
4520,4,GREEN,16.8,1,GREEN,0.8
4521,4,GREEN,16.8,1,GREEN,0.8
4522,4,GREEN,16.8,1,GREEN,0.8
4523,4,GREEN,16.7,1,GREEN,0.7
4524,4,GREEN,16.7,1,GREEN,0.7
4525,4,GREEN,16.7,1,GREEN,0.7
4526,4,GREEN,16.6,1,GREEN,0.6
4527,4,GREEN,16.6,1,GREEN,0.6
4528,4,GREEN,16.6,1,GREEN,0.6
4529,4,GREEN,16.5,1,GREEN,0.5
4530,4,GREEN,16.5,1,GREEN,0.5
4531,4,GREEN,16.5,1,GREEN,0.5
4532,4,GREEN,16.4,1,GREEN,0.4
4533,4,GREEN,16.4,1,GREEN,0.4
4534,4,GREEN,16.4,1,GREEN,0.4
4535,4,GREEN,16.3,1,GREEN,0.3
4536,4,GREEN,16.3,1,GREEN,0.3
4537,4,GREEN,16.3,1,GREEN,0.3
4538,4,GREEN,16.2,1,GREEN,0.2
4539,4,GREEN,16.2,1,GREEN,0.2
4540,4,GREEN,16.2,1,GREEN,0.2
4541,4,GREEN,16.1,1,GREEN,0.1
4542,4,GREEN,16.1,1,GREEN,0.1
4543,4,GREEN,16.1,1,GREEN,0.1
4544,4,GREEN,16.0,1,GREEN,0.0
4545,4,GREEN,16.0,1,YELLOW,0.0
4546,4,GREEN,16.0,1,YELLOW,3.0
4547,4,GREEN,15.9,1,YELLOW,2.9
4548,4,GREEN,15.9,1,YELLOW,2.9
4549,4,GREEN,15.9,1,YELLOW,2.9
4550,4,GREEN,15.8,1,YELLOW,2.8
4551,4,GREEN,15.8,1,YELLOW,2.8
4552,4,GREEN,15.8,1,YELLOW,2.8
4553,4,GREEN,15.7,1,YELLOW,2.7
4554,4,GREEN,15.7,1,YELLOW,2.7
4555,4,GREEN,15.7,1,YELLOW,2.7
4556,4,GREEN,15.6,1,YELLOW,2.6
4557,4,GREEN,15.6,1,YELLOW,2.6
4558,4,GREEN,15.6,1,YELLOW,2.6
4559,4,GREEN,15.5,1,YELLOW,2.5
4560,4,GREEN,15.5,1,YELLOW,2.5
4561,4,GREEN,15.5,1,YELLOW,2.5
4562,4,GREEN,15.4,1,YELLOW,2.4
4563,4,GREEN,15.4,1,YELLOW,2.4
4564,4,GREEN,15.4,1,YELLOW,2.4
4565,4,GREEN,15.3,1,YELLOW,2.3
4566,4,GREEN,15.3,1,YELLOW,2.3
4567,4,GREEN,15.3,1,YELLOW,2.3
4568,4,GREEN,15.2,1,YELLOW,2.2
4569,4,GREEN,15.2,1,YELLOW,2.2
4570,4,GREEN,15.2,1,YELLOW,2.2
4571,4,GREEN,15.1,1,YELLOW,2.1
4572,4,GREEN,15.1,1,YELLOW,2.1
4573,4,GREEN,15.1,1,YELLOW,2.1
4574,4,GREEN,15.0,1,YELLOW,2.0
4575,4,GREEN,15.0,1,YELLOW,2.0
4576,4,GREEN,15.0,1,YELLOW,2.0
4577,4,GREEN,14.9,1,YELLOW,1.9
4578,4,GREEN,14.9,1,YELLOW,1.9
4579,4,GREEN,14.9,1,YELLOW,1.9
4580,4,GREEN,14.8,1,YELLOW,1.8
4581,4,GREEN,14.8,1,YELLOW,1.8
4582,4,GREEN,14.8,1,YELLOW,1.8
4583,4,GREEN,14.7,1,YELLOW,1.7
4584,4,GREEN,14.7,1,YELLOW,1.7
4585,4,GREEN,14.7,1,YELLOW,1.7
4586,4,GREEN,14.6,1,YELLOW,1.6
4587,4,GREEN,14.6,1,YELLOW,1.6
4588,4,GREEN,14.6,1,YELLOW,1.6
4589,4,GREEN,14.5,1,YELLOW,1.5
4590,4,GREEN,14.5,1,YELLOW,1.5
4591,4,GREEN,14.5,1,YELLOW,1.5
4592,4,GREEN,14.4,1,YELLOW,1.4
4593,4,GREEN,14.4,1,YELLOW,1.4
4594,4,GREEN,14.4,1,YELLOW,1.4
4595,4,GREEN,14.3,1,YELLOW,1.3
4596,4,GREEN,14.3,1,YELLOW,1.3
4597,4,GREEN,14.3,1,YELLOW,1.3
4598,4,GREEN,14.2,1,YELLOW,1.2
4599,4,GREEN,14.2,1,YELLOW,1.2
4600,4,GREEN,14.2,1,YELLOW,1.2
4601,4,GREEN,14.1,1,YELLOW,1.1
4602,4,GREEN,14.1,1,YELLOW,1.1
4603,4,GREEN,14.1,1,YELLOW,1.1
4604,4,GREEN,14.0,1,YELLOW,1.0
4605,4,GREEN,14.0,1,YELLOW,1.0
4606,4,GREEN,14.0,1,YELLOW,1.0
4607,4,GREEN,13.9,1,YELLOW,0.9
4608,4,GREEN,13.9,1,YELLOW,0.9
4609,4,GREEN,13.9,1,YELLOW,0.9
4610,4,GREEN,13.8,1,YELLOW,0.8
4611,4,GREEN,13.8,1,YELLOW,0.8
4612,4,GREEN,13.8,1,YELLOW,0.8
4613,4,GREEN,13.7,1,YELLOW,0.7
4614,4,GREEN,13.7,1,YELLOW,0.7
4615,4,GREEN,13.7,1,YELLOW,0.7
4616,4,GREEN,13.6,1,YELLOW,0.6
4617,4,GREEN,13.6,1,YELLOW,0.6
4618,4,GREEN,13.6,1,YELLOW,0.6
4619,4,GREEN,13.5,1,YELLOW,0.5
4620,4,GREEN,13.5,1,YELLOW,0.5
4621,4,GREEN,13.5,1,YELLOW,0.5
4622,4,GREEN,13.4,1,YELLOW,0.4
4623,4,GREEN,13.4,1,YELLOW,0.4
4624,4,GREEN,13.4,1,YELLOW,0.4
4625,4,GREEN,13.3,1,YELLOW,0.3
4626,4,GREEN,13.3,1,YELLOW,0.3
4627,4,GREEN,13.3,1,YELLOW,0.3
4628,4,GREEN,13.2,1,YELLOW,0.2
4629,4,GREEN,13.2,1,YELLOW,0.2
4630,4,GREEN,13.2,1,YELLOW,0.2
4631,4,GREEN,13.1,1,YELLOW,0.1
4632,4,GREEN,13.1,1,YELLOW,0.1
4633,4,GREEN,13.1,1,YELLOW,0.1
4634,4,GREEN,13.0,1,YELLOW,0.0
4635,4,GREEN,13.0,2,GREEN,12.0
4636,4,GREEN,13.0,2,GREEN,15.0
4637,4,GREEN,12.9,2,GREEN,14.9
4638,4,GREEN,12.9,2,GREEN,14.9
4639,4,GREEN,12.9,2,GREEN,14.9
4640,4,GREEN,12.8,2,GREEN,14.8
4641,4,GREEN,12.8,2,GREEN,14.8
4642,4,GREEN,12.8,2,GREEN,14.8
4643,4,GREEN,12.7,2,GREEN,14.7
4644,4,GREEN,12.7,2,GREEN,14.7
4645,4,GREEN,12.7,2,GREEN,14.7
4646,4,GREEN,12.6,2,GREEN,14.6
4647,4,GREEN,12.6,2,GREEN,14.6
4648,4,GREEN,12.6,2,GREEN,14.6
4649,4,GREEN,12.5,2,GREEN,14.5
4650,4,GREEN,12.5,2,GREEN,14.5
4651,4,GREEN,12.5,2,GREEN,14.5
4652,4,GREEN,12.4,2,GREEN,14.4
4653,4,GREEN,12.4,2,GREEN,14.4
4654,4,GREEN,12.4,2,GREEN,14.4
4655,4,GREEN,12.3,2,GREEN,14.3
4656,4,GREEN,12.3,2,GREEN,14.3
4657,4,GREEN,12.3,2,GREEN,14.3
4658,4,GREEN,12.2,2,GREEN,14.2
4659,4,GREEN,12.2,2,GREEN,14.2
4660,4,GREEN,12.2,2,GREEN,14.2
4661,4,GREEN,12.1,2,GREEN,14.1
4662,4,GREEN,12.1,2,GREEN,14.1
4663,4,GREEN,12.1,2,GREEN,14.1
4664,4,GREEN,12.0,2,GREEN,14.0
4665,4,GREEN,12.0,2,GREEN,14.0
4666,4,GREEN,12.0,2,GREEN,14.0
4667,4,GREEN,11.9,2,GREEN,13.9
4668,4,GREEN,11.9,2,GREEN,13.9
4669,4,GREEN,11.9,2,GREEN,13.9
4670,4,GREEN,11.8,2,GREEN,13.8
4671,4,GREEN,11.8,2,GREEN,13.8
4672,4,GREEN,11.8,2,GREEN,13.8
4673,4,GREEN,11.7,2,GREEN,13.7
4674,4,GREEN,11.7,2,GREEN,13.7
4675,4,GREEN,11.7,2,GREEN,13.7
4676,4,GREEN,11.6,2,GREEN,13.6
4677,4,GREEN,11.6,2,GREEN,13.6
4678,4,GREEN,11.6,2,GREEN,13.6
4679,4,GREEN,11.5,2,GREEN,13.5
4680,4,GREEN,11.5,2,GREEN,13.5
4681,4,GREEN,11.5,2,GREEN,13.5
4682,4,GREEN,11.4,2,GREEN,13.4
4683,4,GREEN,11.4,2,GREEN,13.4
4684,4,GREEN,11.4,2,GREEN,13.4
4685,4,GREEN,11.3,2,GREEN,13.3
4686,4,GREEN,11.3,2,GREEN,13.3
4687,4,GREEN,11.3,2,GREEN,13.3
4688,4,GREEN,11.2,2,GREEN,13.2
4689,4,GREEN,11.2,2,GREEN,13.2
4690,4,GREEN,11.2,2,GREEN,13.2
4691,4,GREEN,11.1,2,GREEN,13.1
4692,4,GREEN,11.1,2,GREEN,13.1
4693,4,GREEN,11.1,2,GREEN,13.1
4694,4,GREEN,11.0,2,GREEN,13.0
4695,4,GREEN,11.0,2,GREEN,13.0
4696,4,GREEN,11.0,2,GREEN,13.0
4697,4,GREEN,10.9,2,GREEN,12.9
4698,4,GREEN,10.9,2,GREEN,12.9
4699,4,GREEN,10.9,2,GREEN,12.9
4700,4,GREEN,10.8,2,GREEN,12.8
4701,4,GREEN,10.8,2,GREEN,12.8
4702,4,GREEN,10.8,2,GREEN,12.8
4703,4,GREEN,10.7,2,GREEN,12.7
4704,4,GREEN,10.7,2,GREEN,12.7
4705,4,GREEN,10.7,2,GREEN,12.7
4706,4,GREEN,10.6,2,GREEN,12.6
4707,4,GREEN,10.6,2,GREEN,12.6
4708,4,GREEN,10.6,2,GREEN,12.6
4709,4,GREEN,10.5,2,GREEN,12.5
4710,4,GREEN,10.5,2,GREEN,12.5
4711,4,GREEN,10.5,2,GREEN,12.5
4712,4,GREEN,10.4,2,GREEN,12.4
4713,4,GREEN,10.4,2,GREEN,12.4
4714,4,GREEN,10.4,2,GREEN,12.4
4715,4,GREEN,10.3,2,GREEN,12.3
4716,4,GREEN,10.3,2,GREEN,12.3
4717,4,GREEN,10.3,2,GREEN,12.3
4718,4,GREEN,10.2,2,GREEN,12.2
4719,4,GREEN,10.2,2,GREEN,12.2
4720,4,GREEN,10.2,2,GREEN,12.2
4721,4,GREEN,10.1,2,GREEN,12.1
4722,4,GREEN,10.1,2,GREEN,12.1
4723,4,GREEN,10.1,2,GREEN,12.1
4724,4,GREEN,10.0,2,GREEN,12.0
4725,4,GREEN,10.0,2,GREEN,12.0
4726,4,GREEN,10.0,2,GREEN,12.0
4727,4,GREEN,9.9,2,GREEN,11.9
4728,4,GREEN,9.9,2,GREEN,11.9
4729,4,GREEN,9.9,2,GREEN,11.9
4730,4,GREEN,9.8,2,GREEN,11.8
4731,4,GREEN,9.8,2,GREEN,11.8
4732,4,GREEN,9.8,2,GREEN,11.8
4733,4,GREEN,9.7,2,GREEN,11.7
4734,4,GREEN,9.7,2,GREEN,11.7
4735,4,GREEN,9.7,2,GREEN,11.7
4736,4,GREEN,9.6,2,GREEN,11.6
4737,4,GREEN,9.6,2,GREEN,11.6
4738,4,GREEN,9.6,2,GREEN,11.6
4739,4,GREEN,9.5,2,GREEN,11.5
4740,4,GREEN,9.5,2,GREEN,11.5
4741,4,GREEN,9.5,2,GREEN,11.5
4742,4,GREEN,9.4,2,GREEN,11.4
4743,4,GREEN,9.4,2,GREEN,11.4
4744,4,GREEN,9.4,2,GREEN,11.4
4745,4,GREEN,9.3,2,GREEN,11.3
4746,4,GREEN,9.3,2,GREEN,11.3
4747,4,GREEN,9.3,2,GREEN,11.3
4748,4,GREEN,9.2,2,GREEN,11.2
4749,4,GREEN,9.2,2,GREEN,11.2
4750,4,GREEN,9.2,2,GREEN,11.2
4751,4,GREEN,9.1,2,GREEN,11.1
4752,4,GREEN,9.1,2,GREEN,11.1
4753,4,GREEN,9.1,2,GREEN,11.1
4754,4,GREEN,9.0,2,GREEN,11.0
4755,4,GREEN,9.0,2,GREEN,11.0
4756,4,GREEN,9.0,2,GREEN,11.0
4757,4,GREEN,8.9,2,GREEN,10.9
4758,4,GREEN,8.9,2,GREEN,10.9
4759,4,GREEN,8.9,2,GREEN,10.9
4760,4,GREEN,8.8,2,GREEN,10.8
4761,4,GREEN,8.8,2,GREEN,10.8
4762,4,GREEN,8.8,2,GREEN,10.8
4763,4,GREEN,8.7,2,GREEN,10.7
4764,4,GREEN,8.7,2,GREEN,10.7
4765,4,GREEN,8.7,2,GREEN,10.7
4766,4,GREEN,8.6,2,GREEN,10.6
4767,4,GREEN,8.6,2,GREEN,10.6
4768,4,GREEN,8.6,2,GREEN,10.6
4769,4,GREEN,8.5,2,GREEN,10.5
4770,4,GREEN,8.5,2,GREEN,10.5
4771,4,GREEN,8.5,2,GREEN,10.5
4772,4,GREEN,8.4,2,GREEN,10.4
4773,4,GREEN,8.4,2,GREEN,10.4
4774,4,GREEN,8.4,2,GREEN,10.4
4775,4,GREEN,8.3,2,GREEN,10.3
4776,4,GREEN,8.3,2,GREEN,10.3
4777,4,GREEN,8.3,2,GREEN,10.3
4778,4,GREEN,8.2,2,GREEN,10.2
4779,4,GREEN,8.2,2,GREEN,10.2
4780,4,GREEN,8.2,2,GREEN,10.2
4781,4,GREEN,8.1,2,GREEN,10.1
4782,4,GREEN,8.1,2,GREEN,10.1
4783,4,GREEN,8.1,2,GREEN,10.1
4784,4,GREEN,8.0,2,GREEN,10.0
4785,4,GREEN,8.0,2,GREEN,10.0
4786,4,GREEN,8.0,2,GREEN,10.0
4787,4,GREEN,7.9,2,GREEN,9.9
4788,4,GREEN,7.9,2,GREEN,9.9
4789,4,GREEN,7.9,2,GREEN,9.9
4790,4,GREEN,7.8,2,GREEN,9.8
4791,4,GREEN,7.8,2,GREEN,9.8
4792,4,GREEN,7.8,2,GREEN,9.8
4793,4,GREEN,7.7,2,GREEN,9.7
4794,4,GREEN,7.7,2,GREEN,9.7
4795,4,GREEN,7.7,2,GREEN,9.7
4796,4,GREEN,7.6,2,GREEN,9.6
4797,4,GREEN,7.6,2,GREEN,9.6
4798,4,GREEN,7.6,2,GREEN,9.6
4799,4,GREEN,7.5,2,GREEN,9.5
4800,4,GREEN,7.5,2,GREEN,9.5
4801,4,GREEN,7.5,2,GREEN,9.5
4802,4,GREEN,7.4,2,GREEN,9.4
4803,4,GREEN,7.4,2,GREEN,9.4
4804,4,GREEN,7.4,2,GREEN,9.4
4805,4,GREEN,7.3,2,GREEN,9.3
4806,4,GREEN,7.3,2,GREEN,9.3
4807,4,GREEN,7.3,2,GREEN,9.3
4808,4,GREEN,7.2,2,GREEN,9.2
4809,4,GREEN,7.2,2,GREEN,9.2
4810,4,GREEN,7.2,2,GREEN,9.2
4811,4,GREEN,7.1,2,GREEN,9.1
4812,4,GREEN,7.1,2,GREEN,9.1
4813,4,GREEN,7.1,2,GREEN,9.1
4814,4,GREEN,7.0,2,GREEN,9.0
4815,4,GREEN,7.0,2,GREEN,9.0
4816,4,GREEN,7.0,2,GREEN,9.0
4817,4,GREEN,6.9,2,GREEN,8.9
4818,4,GREEN,6.9,2,GREEN,8.9
4819,4,GREEN,6.9,2,GREEN,8.9
4820,4,GREEN,6.8,2,GREEN,8.8
4821,4,GREEN,6.8,2,GREEN,8.8
4822,4,GREEN,6.8,2,GREEN,8.8
4823,4,GREEN,6.7,2,GREEN,8.7
4824,4,GREEN,6.7,2,GREEN,8.7
4825,4,GREEN,6.7,2,GREEN,8.7
4826,4,GREEN,6.6,2,GREEN,8.6
4827,4,GREEN,6.6,2,GREEN,8.6
4828,4,GREEN,6.6,2,GREEN,8.6
4829,4,GREEN,6.5,2,GREEN,8.5
4830,4,GREEN,6.5,2,GREEN,8.5
4831,4,GREEN,6.5,2,GREEN,8.5
4832,4,GREEN,6.4,2,GREEN,8.4
4833,4,GREEN,6.4,2,GREEN,8.4
4834,4,GREEN,6.4,2,GREEN,8.4
4835,4,GREEN,6.3,2,GREEN,8.3
4836,4,GREEN,6.3,2,GREEN,8.3
4837,4,GREEN,6.3,2,GREEN,8.3
4838,4,GREEN,6.2,2,GREEN,8.2
4839,4,GREEN,6.2,2,GREEN,8.2
4840,4,GREEN,6.2,2,GREEN,8.2
4841,4,GREEN,6.1,2,GREEN,8.1
4842,4,GREEN,6.1,2,GREEN,8.1
4843,4,GREEN,6.1,2,GREEN,8.1
4844,4,GREEN,6.0,2,GREEN,8.0
4845,4,GREEN,6.0,2,GREEN,8.0
4846,4,GREEN,6.0,2,GREEN,8.0
4847,4,GREEN,5.9,2,GREEN,7.9
4848,4,GREEN,5.9,2,GREEN,7.9
4849,4,GREEN,5.9,2,GREEN,7.9
4850,4,GREEN,5.8,2,GREEN,7.8
4851,4,GREEN,5.8,2,GREEN,7.8
4852,4,GREEN,5.8,2,GREEN,7.8
4853,4,GREEN,5.7,2,GREEN,7.7
4854,4,GREEN,5.7,2,GREEN,7.7
4855,4,GREEN,5.7,2,GREEN,7.7
4856,4,GREEN,5.6,2,GREEN,7.6
4857,4,GREEN,5.6,2,GREEN,7.6
4858,4,GREEN,5.6,2,GREEN,7.6
4859,4,GREEN,5.5,2,GREEN,7.5
4860,4,GREEN,5.5,2,GREEN,7.5
4861,4,GREEN,5.5,2,GREEN,7.5
4862,4,GREEN,5.4,2,GREEN,7.4
4863,4,GREEN,5.4,2,GREEN,7.4
4864,4,GREEN,5.4,2,GREEN,7.4
4865,4,GREEN,5.3,2,GREEN,7.3
4866,4,GREEN,5.3,2,GREEN,7.3
4867,4,GREEN,5.3,2,GREEN,7.3
4868,4,GREEN,5.2,2,GREEN,7.2
4869,4,GREEN,5.2,2,GREEN,7.2
4870,4,GREEN,5.2,2,GREEN,7.2
4871,4,GREEN,5.1,2,GREEN,7.1
4872,4,GREEN,5.1,2,GREEN,7.1
4873,4,GREEN,5.1,2,GREEN,7.1
4874,4,GREEN,5.0,2,GREEN,7.0
4875,4,GREEN,5.0,2,GREEN,7.0
4876,4,GREEN,5.0,2,GREEN,7.0
4877,4,GREEN,4.9,2,GREEN,6.9
4878,4,GREEN,4.9,2,GREEN,6.9
4879,4,GREEN,4.9,2,GREEN,6.9
4880,4,GREEN,4.8,2,GREEN,6.8
4881,4,GREEN,4.8,2,GREEN,6.8
4882,4,GREEN,4.8,2,GREEN,6.8
4883,4,GREEN,4.7,2,GREEN,6.7
4884,4,GREEN,4.7,2,GREEN,6.7
4885,4,GREEN,4.7,2,GREEN,6.7
4886,4,GREEN,4.6,2,GREEN,6.6
4887,4,GREEN,4.6,2,GREEN,6.6
4888,4,GREEN,4.6,2,GREEN,6.6
4889,4,GREEN,4.5,2,GREEN,6.5
4890,4,GREEN,4.5,2,GREEN,6.5
4891,4,GREEN,4.5,2,GREEN,6.5
4892,4,GREEN,4.4,2,GREEN,6.4
4893,4,GREEN,4.4,2,GREEN,6.4
4894,4,GREEN,4.4,2,GREEN,6.4
4895,4,GREEN,4.3,2,GREEN,6.3
4896,4,GREEN,4.3,2,GREEN,6.3
4897,4,GREEN,4.3,2,GREEN,6.3
4898,4,GREEN,4.2,2,GREEN,6.2
4899,4,GREEN,4.2,2,GREEN,6.2
4900,4,GREEN,4.2,2,GREEN,6.2
4901,4,GREEN,4.1,2,GREEN,6.1
4902,4,GREEN,4.1,2,GREEN,6.1
4903,4,GREEN,4.1,2,GREEN,6.1
4904,4,GREEN,4.0,2,GREEN,6.0
4905,4,GREEN,4.0,2,GREEN,6.0
4906,4,GREEN,4.0,2,GREEN,6.0
4907,4,GREEN,3.9,2,GREEN,5.9
4908,4,GREEN,3.9,2,GREEN,5.9
4909,4,GREEN,3.9,2,GREEN,5.9
4910,4,GREEN,3.8,2,GREEN,5.8
4911,4,GREEN,3.8,2,GREEN,5.8
4912,4,GREEN,3.8,2,GREEN,5.8
4913,4,GREEN,3.7,2,GREEN,5.7
4914,4,GREEN,3.7,2,GREEN,5.7
4915,4,GREEN,3.7,2,GREEN,5.7
4916,4,GREEN,3.6,2,GREEN,5.6
4917,4,GREEN,3.6,2,GREEN,5.6
4918,4,GREEN,3.6,2,GREEN,5.6
4919,4,GREEN,3.5,2,GREEN,5.5
4920,4,GREEN,3.5,2,GREEN,5.5
4921,4,GREEN,3.5,2,GREEN,5.5
4922,4,GREEN,3.4,2,GREEN,5.4
4923,4,GREEN,3.4,2,GREEN,5.4
4924,4,GREEN,3.4,2,GREEN,5.4
4925,4,GREEN,3.3,2,GREEN,5.3
4926,4,GREEN,3.3,2,GREEN,5.3
4927,4,GREEN,3.3,2,GREEN,5.3
4928,4,GREEN,3.2,2,GREEN,5.2
4929,4,GREEN,3.2,2,GREEN,5.2
4930,4,GREEN,3.2,2,GREEN,5.2
4931,4,GREEN,3.1,2,GREEN,5.1
4932,4,GREEN,3.1,2,GREEN,5.1
4933,4,GREEN,3.1,2,GREEN,5.1
4934,4,GREEN,3.0,2,GREEN,5.0
4935,4,GREEN,3.0,2,GREEN,5.0
4936,4,GREEN,3.0,2,GREEN,5.0
4937,4,GREEN,2.9,2,GREEN,4.9
4938,4,GREEN,2.9,2,GREEN,4.9
4939,4,GREEN,2.9,2,GREEN,4.9
4940,4,GREEN,2.8,2,GREEN,4.8
4941,4,GREEN,2.8,2,GREEN,4.8
4942,4,GREEN,2.8,2,GREEN,4.8
4943,4,GREEN,2.7,2,GREEN,4.7
4944,4,GREEN,2.7,2,GREEN,4.7
4945,4,GREEN,2.7,2,GREEN,4.7
4946,4,GREEN,2.6,2,GREEN,4.6
4947,4,GREEN,2.6,2,GREEN,4.6
4948,4,GREEN,2.6,2,GREEN,4.6
4949,4,GREEN,2.5,2,GREEN,4.5
4950,4,GREEN,2.5,2,GREEN,4.5
4951,4,GREEN,2.5,2,GREEN,4.5
4952,4,GREEN,2.4,2,GREEN,4.4
4953,4,GREEN,2.4,2,GREEN,4.4
4954,4,GREEN,2.4,2,GREEN,4.4
4955,4,GREEN,2.3,2,GREEN,4.3
4956,4,GREEN,2.3,2,GREEN,4.3
4957,4,GREEN,2.3,2,GREEN,4.3
4958,4,GREEN,2.2,2,GREEN,4.2
4959,4,GREEN,2.2,2,GREEN,4.2
4960,4,GREEN,2.2,2,GREEN,4.2
4961,4,GREEN,2.1,2,GREEN,4.1
4962,4,GREEN,2.1,2,GREEN,4.1
4963,4,GREEN,2.1,2,GREEN,4.1
4964,4,GREEN,2.0,2,GREEN,4.0
4965,4,GREEN,2.0,2,GREEN,4.0
4966,4,GREEN,2.0,2,GREEN,4.0
4967,4,GREEN,1.9,2,GREEN,3.9
4968,4,GREEN,1.9,2,GREEN,3.9
4969,4,GREEN,1.9,2,GREEN,3.9
4970,4,GREEN,1.8,2,GREEN,3.8
4971,4,GREEN,1.8,2,GREEN,3.8
4972,4,GREEN,1.8,2,GREEN,3.8
4973,4,GREEN,1.7,2,GREEN,3.7
4974,4,GREEN,1.7,2,GREEN,3.7
4975,4,GREEN,1.7,2,GREEN,3.7
4976,4,GREEN,1.6,2,GREEN,3.6
4977,4,GREEN,1.6,2,GREEN,3.6
4978,4,GREEN,1.6,2,GREEN,3.6
4979,4,GREEN,1.5,2,GREEN,3.5
4980,4,GREEN,1.5,2,GREEN,3.5
4981,4,GREEN,1.5,2,GREEN,3.5
4982,4,GREEN,1.4,2,GREEN,3.4
4983,4,GREEN,1.4,2,GREEN,3.4
4984,4,GREEN,1.4,2,GREEN,3.4
4985,4,GREEN,1.3,2,GREEN,3.3
4986,4,GREEN,1.3,2,GREEN,3.3
4987,4,GREEN,1.3,2,GREEN,3.3
4988,4,GREEN,1.2,2,GREEN,3.2
4989,4,GREEN,1.2,2,GREEN,3.2
4990,4,GREEN,1.2,2,GREEN,3.2
4991,4,GREEN,1.1,2,GREEN,3.1
4992,4,GREEN,1.1,2,GREEN,3.1
4993,4,GREEN,1.1,2,GREEN,3.1
4994,4,GREEN,1.0,2,GREEN,3.0
4995,4,GREEN,1.0,2,GREEN,3.0
4996,4,GREEN,1.0,2,GREEN,3.0
4997,4,GREEN,0.9,2,GREEN,2.9
4998,4,GREEN,0.9,2,GREEN,2.9
4999,4,GREEN,0.9,2,GREEN,2.9
5000,4,GREEN,0.8,2,GREEN,2.8
5001,4,GREEN,0.8,2,GREEN,2.8
5002,4,GREEN,0.8,2,GREEN,2.8
5003,4,GREEN,0.7,2,GREEN,2.7
5004,4,GREEN,0.7,2,GREEN,2.7
5005,4,GREEN,0.7,2,GREEN,2.7
5006,4,GREEN,0.6,2,GREEN,2.6
5007,4,GREEN,0.6,2,GREEN,2.6
5008,4,GREEN,0.6,2,GREEN,2.6
5009,4,GREEN,0.5,2,GREEN,2.5
5010,4,GREEN,0.5,2,GREEN,2.5
5011,4,GREEN,0.5,2,GREEN,2.5
5012,4,GREEN,0.4,2,GREEN,2.4
5013,4,GREEN,0.4,2,GREEN,2.4
5014,4,GREEN,0.4,2,GREEN,2.4
5015,4,GREEN,0.3,2,GREEN,2.3
5016,4,GREEN,0.3,2,GREEN,2.3
5017,4,GREEN,0.3,2,GREEN,2.3
5018,4,GREEN,0.2,2,GREEN,2.2
5019,4,GREEN,0.2,2,GREEN,2.2
5020,4,GREEN,0.2,2,GREEN,2.2
5021,4,GREEN,0.1,2,GREEN,2.1
5022,4,GREEN,0.1,2,GREEN,2.1
5023,4,GREEN,0.1,2,GREEN,2.1
5024,4,GREEN,0.0,2,GREEN,2.0
5025,4,YELLOW,0.0,2,GREEN,2.0
5026,4,YELLOW,3.0,2,GREEN,2.0
5027,4,YELLOW,2.9,2,GREEN,1.9
5028,4,YELLOW,2.9,2,GREEN,1.9
5029,4,YELLOW,2.9,2,GREEN,1.9
5030,4,YELLOW,2.8,2,GREEN,1.8
5031,4,YELLOW,2.8,2,GREEN,1.8
5032,4,YELLOW,2.8,2,GREEN,1.8
5033,4,YELLOW,2.7,2,GREEN,1.7
5034,4,YELLOW,2.7,2,GREEN,1.7
5035,4,YELLOW,2.7,2,GREEN,1.7
5036,4,YELLOW,2.6,2,GREEN,1.6
5037,4,YELLOW,2.6,2,GREEN,1.6
5038,4,YELLOW,2.6,2,GREEN,1.6
5039,4,YELLOW,2.5,2,GREEN,1.5
5040,4,YELLOW,2.5,2,GREEN,1.5
5041,4,YELLOW,2.5,2,GREEN,1.5
5042,4,YELLOW,2.4,2,GREEN,1.4
5043,4,YELLOW,2.4,2,GREEN,1.4
5044,4,YELLOW,2.4,2,GREEN,1.4
5045,4,YELLOW,2.3,2,GREEN,1.3
5046,4,YELLOW,2.3,2,GREEN,1.3
5047,4,YELLOW,2.3,2,GREEN,1.3
5048,4,YELLOW,2.2,2,GREEN,1.2
5049,4,YELLOW,2.2,2,GREEN,1.2
5050,4,YELLOW,2.2,2,GREEN,1.2
5051,4,YELLOW,2.1,2,GREEN,1.1
5052,4,YELLOW,2.1,2,GREEN,1.1
5053,4,YELLOW,2.1,2,GREEN,1.1
5054,4,YELLOW,2.0,2,GREEN,1.0
5055,4,YELLOW,2.0,2,GREEN,1.0
5056,4,YELLOW,2.0,2,GREEN,1.0
5057,4,YELLOW,1.9,2,GREEN,0.9
5058,4,YELLOW,1.9,2,GREEN,0.9
5059,4,YELLOW,1.9,2,GREEN,0.9
5060,4,YELLOW,1.8,2,GREEN,0.8
5061,4,YELLOW,1.8,2,GREEN,0.8
5062,4,YELLOW,1.8,2,GREEN,0.8
5063,4,YELLOW,1.7,2,GREEN,0.7
5064,4,YELLOW,1.7,2,GREEN,0.7
5065,4,YELLOW,1.7,2,GREEN,0.7
5066,4,YELLOW,1.6,2,GREEN,0.6
5067,4,YELLOW,1.6,2,GREEN,0.6
5068,4,YELLOW,1.6,2,GREEN,0.6
5069,4,YELLOW,1.5,2,GREEN,0.5
5070,4,YELLOW,1.5,2,GREEN,0.5
5071,4,YELLOW,1.5,2,GREEN,0.5
5072,4,YELLOW,1.4,2,GREEN,0.4
5073,4,YELLOW,1.4,2,GREEN,0.4
5074,4,YELLOW,1.4,2,GREEN,0.4
5075,4,YELLOW,1.3,2,GREEN,0.3
5076,4,YELLOW,1.3,2,GREEN,0.3
5077,4,YELLOW,1.3,2,GREEN,0.3
5078,4,YELLOW,1.2,2,GREEN,0.2
5079,4,YELLOW,1.2,2,GREEN,0.2
5080,4,YELLOW,1.2,2,GREEN,0.2
5081,4,YELLOW,1.1,2,GREEN,0.1
5082,4,YELLOW,1.1,2,GREEN,0.1
5083,4,YELLOW,1.1,2,GREEN,0.1
5084,4,YELLOW,1.0,2,GREEN,0.0
5085,4,YELLOW,1.0,2,YELLOW,0.0
5086,4,YELLOW,1.0,2,YELLOW,3.0
5087,4,YELLOW,0.9,2,YELLOW,2.9
5088,4,YELLOW,0.9,2,YELLOW,2.9
5089,4,YELLOW,0.9,2,YELLOW,2.9
5090,4,YELLOW,0.8,2,YELLOW,2.8
5091,4,YELLOW,0.8,2,YELLOW,2.8
5092,4,YELLOW,0.8,2,YELLOW,2.8
5093,4,YELLOW,0.7,2,YELLOW,2.7
5094,4,YELLOW,0.7,2,YELLOW,2.7
5095,4,YELLOW,0.7,2,YELLOW,2.7
5096,4,YELLOW,0.6,2,YELLOW,2.6
5097,4,YELLOW,0.6,2,YELLOW,2.6
5098,4,YELLOW,0.6,2,YELLOW,2.6
5099,4,YELLOW,0.5,2,YELLOW,2.5
5100,4,YELLOW,0.5,2,YELLOW,2.5
5101,4,YELLOW,0.5,2,YELLOW,2.5
5102,4,YELLOW,0.4,2,YELLOW,2.4
5103,4,YELLOW,0.4,2,YELLOW,2.4
5104,4,YELLOW,0.4,2,YELLOW,2.4
5105,4,YELLOW,0.3,2,YELLOW,2.3
5106,4,YELLOW,0.3,2,YELLOW,2.3
5107,4,YELLOW,0.3,2,YELLOW,2.3
5108,4,YELLOW,0.2,2,YELLOW,2.2
5109,4,YELLOW,0.2,2,YELLOW,2.2
5110,4,YELLOW,0.2,2,YELLOW,2.2
5111,4,YELLOW,0.1,2,YELLOW,2.1
5112,4,YELLOW,0.1,2,YELLOW,2.1
5113,4,YELLOW,0.1,2,YELLOW,2.1
5114,4,YELLOW,0.0,2,YELLOW,2.0
5115,5,GREEN,2.0,2,YELLOW,2.0
5116,5,GREEN,5.0,2,YELLOW,2.0
5117,5,GREEN,4.9,2,YELLOW,1.9
5118,5,GREEN,4.9,2,YELLOW,1.9
5119,5,GREEN,4.9,2,YELLOW,1.9
5120,5,GREEN,4.8,2,YELLOW,1.8
5121,5,GREEN,4.8,2,YELLOW,1.8
5122,5,GREEN,4.8,2,YELLOW,1.8
5123,5,GREEN,4.7,2,YELLOW,1.7
5124,5,GREEN,4.7,2,YELLOW,1.7
5125,5,GREEN,4.7,2,YELLOW,1.7
5126,5,GREEN,4.6,2,YELLOW,1.6
5127,5,GREEN,4.6,2,YELLOW,1.6
5128,5,GREEN,4.6,2,YELLOW,1.6
5129,5,GREEN,4.5,2,YELLOW,1.5
5130,5,GREEN,4.5,2,YELLOW,1.5
5131,5,GREEN,4.5,2,YELLOW,1.5
5132,5,GREEN,4.4,2,YELLOW,1.4
5133,5,GREEN,4.4,2,YELLOW,1.4
5134,5,GREEN,4.4,2,YELLOW,1.4
5135,5,GREEN,4.3,2,YELLOW,1.3
5136,5,GREEN,4.3,2,YELLOW,1.3
5137,5,GREEN,4.3,2,YELLOW,1.3
5138,5,GREEN,4.2,2,YELLOW,1.2
5139,5,GREEN,4.2,2,YELLOW,1.2
5140,5,GREEN,4.2,2,YELLOW,1.2
5141,5,GREEN,4.1,2,YELLOW,1.1
5142,5,GREEN,4.1,2,YELLOW,1.1
5143,5,GREEN,4.1,2,YELLOW,1.1
5144,5,GREEN,4.0,2,YELLOW,1.0
5145,5,GREEN,4.0,2,YELLOW,1.0
5146,5,GREEN,4.0,2,YELLOW,1.0
5147,5,GREEN,3.9,2,YELLOW,0.9
5148,5,GREEN,3.9,2,YELLOW,0.9
5149,5,GREEN,3.9,2,YELLOW,0.9
5150,5,GREEN,3.8,2,YELLOW,0.8
5151,5,GREEN,3.8,2,YELLOW,0.8
5152,5,GREEN,3.8,2,YELLOW,0.8
5153,5,GREEN,3.7,2,YELLOW,0.7
5154,5,GREEN,3.7,2,YELLOW,0.7
5155,5,GREEN,3.7,2,YELLOW,0.7
5156,5,GREEN,3.6,2,YELLOW,0.6
5157,5,GREEN,3.6,2,YELLOW,0.6
5158,5,GREEN,3.6,2,YELLOW,0.6
5159,5,GREEN,3.5,2,YELLOW,0.5
5160,5,GREEN,3.5,2,YELLOW,0.5
5161,5,GREEN,3.5,2,YELLOW,0.5
5162,5,GREEN,3.4,2,YELLOW,0.4
5163,5,GREEN,3.4,2,YELLOW,0.4
5164,5,GREEN,3.4,2,YELLOW,0.4
5165,5,GREEN,3.3,2,YELLOW,0.3
5166,5,GREEN,3.3,2,YELLOW,0.3
5167,5,GREEN,3.3,2,YELLOW,0.3
5168,5,GREEN,3.2,2,YELLOW,0.2
5169,5,GREEN,3.2,2,YELLOW,0.2
5170,5,GREEN,3.2,2,YELLOW,0.2
5171,5,GREEN,3.1,2,YELLOW,0.1
5172,5,GREEN,3.1,2,YELLOW,0.1
5173,5,GREEN,3.1,2,YELLOW,0.1
5174,5,GREEN,3.0,2,YELLOW,0.0
5175,5,GREEN,3.0,3,GREEN,12.0
5176,5,GREEN,3.0,3,GREEN,15.0
5177,5,GREEN,2.9,3,GREEN,14.9
5178,5,GREEN,2.9,3,GREEN,14.9
5179,5,GREEN,2.9,3,GREEN,14.9
5180,5,GREEN,2.8,3,GREEN,14.8
5181,5,GREEN,2.8,3,GREEN,14.8
5182,5,GREEN,2.8,3,GREEN,14.8
5183,5,GREEN,2.7,3,GREEN,14.7
5184,5,GREEN,2.7,3,GREEN,14.7
5185,5,GREEN,2.7,3,GREEN,14.7
5186,5,GREEN,2.6,3,GREEN,14.6
5187,5,GREEN,2.6,3,GREEN,14.6
5188,5,GREEN,2.6,3,GREEN,14.6
5189,5,GREEN,2.5,3,GREEN,14.5
5190,5,GREEN,2.5,3,GREEN,14.5
5191,5,GREEN,2.5,3,GREEN,14.5
5192,5,GREEN,2.4,3,GREEN,14.4
5193,5,GREEN,2.4,3,GREEN,14.4
5194,5,GREEN,2.4,3,GREEN,14.4
5195,5,GREEN,2.3,3,GREEN,14.3
5196,5,GREEN,2.3,3,GREEN,14.3
5197,5,GREEN,2.3,3,GREEN,14.3
5198,5,GREEN,2.2,3,GREEN,14.2
5199,5,GREEN,2.2,3,GREEN,14.2
5200,5,GREEN,2.2,3,GREEN,14.2
5201,5,GREEN,2.1,3,GREEN,14.1
5202,5,GREEN,2.1,3,GREEN,14.1
5203,5,GREEN,2.1,3,GREEN,14.1
5204,5,GREEN,2.0,3,GREEN,14.0
5205,5,GREEN,2.0,3,GREEN,14.0
5206,5,GREEN,2.0,3,GREEN,14.0
5207,5,GREEN,1.9,3,GREEN,13.9
5208,5,GREEN,1.9,3,GREEN,13.9
5209,5,GREEN,1.9,3,GREEN,13.9
5210,5,GREEN,1.8,3,GREEN,13.8
5211,5,GREEN,1.8,3,GREEN,13.8
5212,5,GREEN,1.8,3,GREEN,13.8
5213,5,GREEN,1.7,3,GREEN,13.7
5214,5,GREEN,1.7,3,GREEN,13.7
5215,5,GREEN,1.7,3,GREEN,13.7
5216,5,GREEN,1.6,3,GREEN,13.6
5217,5,GREEN,1.6,3,GREEN,13.6
5218,5,GREEN,1.6,3,GREEN,13.6
5219,5,GREEN,1.5,3,GREEN,13.5
5220,5,GREEN,1.5,3,GREEN,13.5
5221,5,GREEN,1.5,3,GREEN,13.5
5222,5,GREEN,1.4,3,GREEN,13.4
5223,5,GREEN,1.4,3,GREEN,13.4
5224,5,GREEN,1.4,3,GREEN,13.4
5225,5,GREEN,1.3,3,GREEN,13.3
5226,5,GREEN,1.3,3,GREEN,13.3
5227,5,GREEN,1.3,3,GREEN,13.3
5228,5,GREEN,1.2,3,GREEN,13.2
5229,5,GREEN,1.2,3,GREEN,13.2
5230,5,GREEN,1.2,3,GREEN,13.2
5231,5,GREEN,1.1,3,GREEN,13.1
5232,5,GREEN,1.1,3,GREEN,13.1
5233,5,GREEN,1.1,3,GREEN,13.1
5234,5,GREEN,1.0,3,GREEN,13.0
5235,5,GREEN,1.0,3,GREEN,13.0
5236,5,GREEN,1.0,3,GREEN,13.0
5237,5,GREEN,0.9,3,GREEN,12.9
5238,5,GREEN,0.9,3,GREEN,12.9
5239,5,GREEN,0.9,3,GREEN,12.9
5240,5,GREEN,0.8,3,GREEN,12.8
5241,5,GREEN,0.8,3,GREEN,12.8
5242,5,GREEN,0.8,3,GREEN,12.8
5243,5,GREEN,0.7,3,GREEN,12.7
5244,5,GREEN,0.7,3,GREEN,12.7
5245,5,GREEN,0.7,3,GREEN,12.7
5246,5,GREEN,0.6,3,GREEN,12.6
5247,5,GREEN,0.6,3,GREEN,12.6
5248,5,GREEN,0.6,3,GREEN,12.6
5249,5,GREEN,0.5,3,GREEN,12.5
5250,5,GREEN,0.5,3,GREEN,12.5
5251,5,GREEN,0.5,3,GREEN,12.5
5252,5,GREEN,0.4,3,GREEN,12.4
5253,5,GREEN,0.4,3,GREEN,12.4
5254,5,GREEN,0.4,3,GREEN,12.4
5255,5,GREEN,0.3,3,GREEN,12.3
5256,5,GREEN,0.3,3,GREEN,12.3
5257,5,GREEN,0.3,3,GREEN,12.3
5258,5,GREEN,0.2,3,GREEN,12.2
5259,5,GREEN,0.2,3,GREEN,12.2
5260,5,GREEN,0.2,3,GREEN,12.2
5261,5,GREEN,0.1,3,GREEN,12.1
5262,5,GREEN,0.1,3,GREEN,12.1
5263,5,GREEN,0.1,3,GREEN,12.1
5264,5,GREEN,0.0,3,GREEN,12.0
5265,5,YELLOW,0.0,3,GREEN,12.0
5266,5,YELLOW,3.0,3,GREEN,12.0
5267,5,YELLOW,2.9,3,GREEN,11.9
5268,5,YELLOW,2.9,3,GREEN,11.9
5269,5,YELLOW,2.9,3,GREEN,11.9
5270,5,YELLOW,2.8,3,GREEN,11.8
5271,5,YELLOW,2.8,3,GREEN,11.8
5272,5,YELLOW,2.8,3,GREEN,11.8
5273,5,YELLOW,2.7,3,GREEN,11.7
5274,5,YELLOW,2.7,3,GREEN,11.7
5275,5,YELLOW,2.7,3,GREEN,11.7
5276,5,YELLOW,2.6,3,GREEN,11.6
5277,5,YELLOW,2.6,3,GREEN,11.6
5278,5,YELLOW,2.6,3,GREEN,11.6
5279,5,YELLOW,2.5,3,GREEN,11.5
5280,5,YELLOW,2.5,3,GREEN,11.5
5281,5,YELLOW,2.5,3,GREEN,11.5
5282,5,YELLOW,2.4,3,GREEN,11.4
5283,5,YELLOW,2.4,3,GREEN,11.4
5284,5,YELLOW,2.4,3,GREEN,11.4
5285,5,YELLOW,2.3,3,GREEN,11.3
5286,5,YELLOW,2.3,3,GREEN,11.3
5287,5,YELLOW,2.3,3,GREEN,11.3
5288,5,YELLOW,2.2,3,GREEN,11.2
5289,5,YELLOW,2.2,3,GREEN,11.2
5290,5,YELLOW,2.2,3,GREEN,11.2
5291,5,YELLOW,2.1,3,GREEN,11.1
5292,5,YELLOW,2.1,3,GREEN,11.1
5293,5,YELLOW,2.1,3,GREEN,11.1
5294,5,YELLOW,2.0,3,GREEN,11.0
5295,5,YELLOW,2.0,3,GREEN,11.0
5296,5,YELLOW,2.0,3,GREEN,11.0
5297,5,YELLOW,1.9,3,GREEN,10.9
5298,5,YELLOW,1.9,3,GREEN,10.9
5299,5,YELLOW,1.9,3,GREEN,10.9
5300,5,YELLOW,1.8,3,GREEN,10.8
5301,5,YELLOW,1.8,3,GREEN,10.8
5302,5,YELLOW,1.8,3,GREEN,10.8
5303,5,YELLOW,1.7,3,GREEN,10.7
5304,5,YELLOW,1.7,3,GREEN,10.7
5305,5,YELLOW,1.7,3,GREEN,10.7
5306,5,YELLOW,1.6,3,GREEN,10.6
5307,5,YELLOW,1.6,3,GREEN,10.6
5308,5,YELLOW,1.6,3,GREEN,10.6
5309,5,YELLOW,1.5,3,GREEN,10.5
5310,5,YELLOW,1.5,3,GREEN,10.5
5311,5,YELLOW,1.5,3,GREEN,10.5
5312,5,YELLOW,1.4,3,GREEN,10.4
5313,5,YELLOW,1.4,3,GREEN,10.4
5314,5,YELLOW,1.4,3,GREEN,10.4
5315,5,YELLOW,1.3,3,GREEN,10.3
5316,5,YELLOW,1.3,3,GREEN,10.3
5317,5,YELLOW,1.3,3,GREEN,10.3
5318,5,YELLOW,1.2,3,GREEN,10.2
5319,5,YELLOW,1.2,3,GREEN,10.2
5320,5,YELLOW,1.2,3,GREEN,10.2
5321,5,YELLOW,1.1,3,GREEN,10.1
5322,5,YELLOW,1.1,3,GREEN,10.1
5323,5,YELLOW,1.1,3,GREEN,10.1
5324,5,YELLOW,1.0,3,GREEN,10.0
5325,5,YELLOW,1.0,3,GREEN,10.0
5326,5,YELLOW,1.0,3,GREEN,10.0
5327,5,YELLOW,0.9,3,GREEN,9.9
5328,5,YELLOW,0.9,3,GREEN,9.9
5329,5,YELLOW,0.9,3,GREEN,9.9
5330,5,YELLOW,0.8,3,GREEN,9.8
5331,5,YELLOW,0.8,3,GREEN,9.8
5332,5,YELLOW,0.8,3,GREEN,9.8
5333,5,YELLOW,0.7,3,GREEN,9.7
5334,5,YELLOW,0.7,3,GREEN,9.7
5335,5,YELLOW,0.7,3,GREEN,9.7
5336,5,YELLOW,0.6,3,GREEN,9.6
5337,5,YELLOW,0.6,3,GREEN,9.6
5338,5,YELLOW,0.6,3,GREEN,9.6
5339,5,YELLOW,0.5,3,GREEN,9.5
5340,5,YELLOW,0.5,3,GREEN,9.5
5341,5,YELLOW,0.5,3,GREEN,9.5
5342,5,YELLOW,0.4,3,GREEN,9.4
5343,5,YELLOW,0.4,3,GREEN,9.4
5344,5,YELLOW,0.4,3,GREEN,9.4
5345,5,YELLOW,0.3,3,GREEN,9.3
5346,5,YELLOW,0.3,3,GREEN,9.3
5347,5,YELLOW,0.3,3,GREEN,9.3
5348,5,YELLOW,0.2,3,GREEN,9.2
5349,5,YELLOW,0.2,3,GREEN,9.2
5350,5,YELLOW,0.2,3,GREEN,9.2
5351,5,YELLOW,0.1,3,GREEN,9.1
5352,5,YELLOW,0.1,3,GREEN,9.1
5353,5,YELLOW,0.1,3,GREEN,9.1
5354,5,YELLOW,0.0,3,GREEN,9.0
5355,1,GREEN,12.0,3,GREEN,9.0
5356,1,GREEN,15.0,3,GREEN,9.0
5357,1,GREEN,14.9,3,GREEN,8.9
5358,1,GREEN,14.9,3,GREEN,8.9
5359,1,GREEN,14.9,3,GREEN,8.9
5360,1,GREEN,14.8,3,GREEN,8.8
5361,1,GREEN,14.8,3,GREEN,8.8
5362,1,GREEN,14.8,3,GREEN,8.8
5363,1,GREEN,14.7,3,GREEN,8.7
5364,1,GREEN,14.7,3,GREEN,8.7
5365,1,GREEN,14.7,3,GREEN,8.7
5366,1,GREEN,14.6,3,GREEN,8.6
5367,1,GREEN,14.6,3,GREEN,8.6
5368,1,GREEN,14.6,3,GREEN,8.6
5369,1,GREEN,14.5,3,GREEN,8.5
5370,1,GREEN,14.5,3,GREEN,8.5
5371,1,GREEN,14.5,3,GREEN,8.5
5372,1,GREEN,14.4,3,GREEN,8.4
5373,1,GREEN,14.4,3,GREEN,8.4
5374,1,GREEN,14.4,3,GREEN,8.4
5375,1,GREEN,14.3,3,GREEN,8.3
5376,1,GREEN,14.3,3,GREEN,8.3
5377,1,GREEN,14.3,3,GREEN,8.3
5378,1,GREEN,14.2,3,GREEN,8.2
5379,1,GREEN,14.2,3,GREEN,8.2
5380,1,GREEN,14.2,3,GREEN,8.2
5381,1,GREEN,14.1,3,GREEN,8.1
5382,1,GREEN,14.1,3,GREEN,8.1
5383,1,GREEN,14.1,3,GREEN,8.1
5384,1,GREEN,14.0,3,GREEN,8.0
5385,1,GREEN,14.0,3,GREEN,8.0
5386,1,GREEN,14.0,3,GREEN,8.0
5387,1,GREEN,13.9,3,GREEN,7.9
5388,1,GREEN,13.9,3,GREEN,7.9
5389,1,GREEN,13.9,3,GREEN,7.9
5390,1,GREEN,13.8,3,GREEN,7.8
5391,1,GREEN,13.8,3,GREEN,7.8
5392,1,GREEN,13.8,3,GREEN,7.8
5393,1,GREEN,13.7,3,GREEN,7.7
5394,1,GREEN,13.7,3,GREEN,7.7
5395,1,GREEN,13.7,3,GREEN,7.7
5396,1,GREEN,13.6,3,GREEN,7.6
5397,1,GREEN,13.6,3,GREEN,7.6
5398,1,GREEN,13.6,3,GREEN,7.6
5399,1,GREEN,13.5,3,GREEN,7.5
5400,1,GREEN,13.5,3,GREEN,7.5
5401,1,GREEN,13.5,3,GREEN,7.5
5402,1,GREEN,13.4,3,GREEN,7.4
5403,1,GREEN,13.4,3,GREEN,7.4
5404,1,GREEN,13.4,3,GREEN,7.4
5405,1,GREEN,13.3,3,GREEN,7.3
5406,1,GREEN,13.3,3,GREEN,7.3
5407,1,GREEN,13.3,3,GREEN,7.3
5408,1,GREEN,13.2,3,GREEN,7.2
5409,1,GREEN,13.2,3,GREEN,7.2
5410,1,GREEN,13.2,3,GREEN,7.2
5411,1,GREEN,13.1,3,GREEN,7.1
5412,1,GREEN,13.1,3,GREEN,7.1
5413,1,GREEN,13.1,3,GREEN,7.1
5414,1,GREEN,13.0,3,GREEN,7.0
5415,1,GREEN,13.0,3,GREEN,7.0
5416,1,GREEN,13.0,3,GREEN,7.0
5417,1,GREEN,12.9,3,GREEN,6.9
5418,1,GREEN,12.9,3,GREEN,6.9
5419,1,GREEN,12.9,3,GREEN,6.9
5420,1,GREEN,12.8,3,GREEN,6.8
5421,1,GREEN,12.8,3,GREEN,6.8
5422,1,GREEN,12.8,3,GREEN,6.8
5423,1,GREEN,12.7,3,GREEN,6.7
5424,1,GREEN,12.7,3,GREEN,6.7
5425,1,GREEN,12.7,3,GREEN,6.7
5426,1,GREEN,12.6,3,GREEN,6.6
5427,1,GREEN,12.6,3,GREEN,6.6
5428,1,GREEN,12.6,3,GREEN,6.6
5429,1,GREEN,12.5,3,GREEN,6.5
5430,1,GREEN,12.5,3,GREEN,6.5
5431,1,GREEN,12.5,3,GREEN,6.5
5432,1,GREEN,12.4,3,GREEN,6.4
5433,1,GREEN,12.4,3,GREEN,6.4
5434,1,GREEN,12.4,3,GREEN,6.4
5435,1,GREEN,12.3,3,GREEN,6.3
5436,1,GREEN,12.3,3,GREEN,6.3
5437,1,GREEN,12.3,3,GREEN,6.3
5438,1,GREEN,12.2,3,GREEN,6.2
5439,1,GREEN,12.2,3,GREEN,6.2
5440,1,GREEN,12.2,3,GREEN,6.2
5441,1,GREEN,12.1,3,GREEN,6.1
5442,1,GREEN,12.1,3,GREEN,6.1
5443,1,GREEN,12.1,3,GREEN,6.1
5444,1,GREEN,12.0,3,GREEN,6.0
5445,1,GREEN,12.0,3,GREEN,6.0
5446,1,GREEN,12.0,3,GREEN,6.0
5447,1,GREEN,11.9,3,GREEN,5.9
5448,1,GREEN,11.9,3,GREEN,5.9
5449,1,GREEN,11.9,3,GREEN,5.9
5450,1,GREEN,11.8,3,GREEN,5.8
5451,1,GREEN,11.8,3,GREEN,5.8
5452,1,GREEN,11.8,3,GREEN,5.8
5453,1,GREEN,11.7,3,GREEN,5.7
5454,1,GREEN,11.7,3,GREEN,5.7
5455,1,GREEN,11.7,3,GREEN,5.7
5456,1,GREEN,11.6,3,GREEN,5.6
5457,1,GREEN,11.6,3,GREEN,5.6
5458,1,GREEN,11.6,3,GREEN,5.6
5459,1,GREEN,11.5,3,GREEN,5.5
5460,1,GREEN,11.5,3,GREEN,5.5
5461,1,GREEN,11.5,3,GREEN,5.5
5462,1,GREEN,11.4,3,GREEN,5.4
5463,1,GREEN,11.4,3,GREEN,5.4
5464,1,GREEN,11.4,3,GREEN,5.4
5465,1,GREEN,11.3,3,GREEN,5.3
5466,1,GREEN,11.3,3,GREEN,5.3
5467,1,GREEN,11.3,3,GREEN,5.3
5468,1,GREEN,11.2,3,GREEN,5.2
5469,1,GREEN,11.2,3,GREEN,5.2
5470,1,GREEN,11.2,3,GREEN,5.2
5471,1,GREEN,11.1,3,GREEN,5.1
5472,1,GREEN,11.1,3,GREEN,5.1
5473,1,GREEN,11.1,3,GREEN,5.1
5474,1,GREEN,11.0,3,GREEN,5.0
5475,1,GREEN,11.0,3,GREEN,5.0
5476,1,GREEN,11.0,3,GREEN,5.0
5477,1,GREEN,10.9,3,GREEN,4.9
5478,1,GREEN,10.9,3,GREEN,4.9
5479,1,GREEN,10.9,3,GREEN,4.9
5480,1,GREEN,10.8,3,GREEN,4.8
5481,1,GREEN,10.8,3,GREEN,4.8
5482,1,GREEN,10.8,3,GREEN,4.8
5483,1,GREEN,10.7,3,GREEN,4.7
5484,1,GREEN,10.7,3,GREEN,4.7
5485,1,GREEN,10.7,3,GREEN,4.7
5486,1,GREEN,10.6,3,GREEN,4.6
5487,1,GREEN,10.6,3,GREEN,4.6
5488,1,GREEN,10.6,3,GREEN,4.6
5489,1,GREEN,10.5,3,GREEN,4.5
5490,1,GREEN,10.5,3,GREEN,4.5
5491,1,GREEN,10.5,3,GREEN,4.5
5492,1,GREEN,10.4,3,GREEN,4.4
5493,1,GREEN,10.4,3,GREEN,4.4
5494,1,GREEN,10.4,3,GREEN,4.4
5495,1,GREEN,10.3,3,GREEN,4.3
5496,1,GREEN,10.3,3,GREEN,4.3
5497,1,GREEN,10.3,3,GREEN,4.3
5498,1,GREEN,10.2,3,GREEN,4.2
5499,1,GREEN,10.2,3,GREEN,4.2
5500,1,GREEN,10.2,3,GREEN,4.2
5501,1,GREEN,10.1,3,GREEN,4.1
5502,1,GREEN,10.1,3,GREEN,4.1
5503,1,GREEN,10.1,3,GREEN,4.1
5504,1,GREEN,10.0,3,GREEN,4.0
5505,1,GREEN,10.0,3,GREEN,4.0
5506,1,GREEN,10.0,3,GREEN,4.0
5507,1,GREEN,9.9,3,GREEN,3.9
5508,1,GREEN,9.9,3,GREEN,3.9
5509,1,GREEN,9.9,3,GREEN,3.9
5510,1,GREEN,9.8,3,GREEN,3.8
5511,1,GREEN,9.8,3,GREEN,3.8
5512,1,GREEN,9.8,3,GREEN,3.8
5513,1,GREEN,9.7,3,GREEN,3.7
5514,1,GREEN,9.7,3,GREEN,3.7
5515,1,GREEN,9.7,3,GREEN,3.7
5516,1,GREEN,9.6,3,GREEN,3.6
5517,1,GREEN,9.6,3,GREEN,3.6
5518,1,GREEN,9.6,3,GREEN,3.6
5519,1,GREEN,9.5,3,GREEN,3.5
5520,1,GREEN,9.5,3,GREEN,3.5
5521,1,GREEN,9.5,3,GREEN,3.5
5522,1,GREEN,9.4,3,GREEN,3.4
5523,1,GREEN,9.4,3,GREEN,3.4
5524,1,GREEN,9.4,3,GREEN,3.4
5525,1,GREEN,9.3,3,GREEN,3.3
5526,1,GREEN,9.3,3,GREEN,3.3
5527,1,GREEN,9.3,3,GREEN,3.3
5528,1,GREEN,9.2,3,GREEN,3.2
5529,1,GREEN,9.2,3,GREEN,3.2
5530,1,GREEN,9.2,3,GREEN,3.2
5531,1,GREEN,9.1,3,GREEN,3.1
5532,1,GREEN,9.1,3,GREEN,3.1
5533,1,GREEN,9.1,3,GREEN,3.1
5534,1,GREEN,9.0,3,GREEN,3.0
5535,1,GREEN,9.0,3,GREEN,3.0
5536,1,GREEN,9.0,3,GREEN,3.0
5537,1,GREEN,8.9,3,GREEN,2.9
5538,1,GREEN,8.9,3,GREEN,2.9
5539,1,GREEN,8.9,3,GREEN,2.9
5540,1,GREEN,8.8,3,GREEN,2.8
5541,1,GREEN,8.8,3,GREEN,2.8
5542,1,GREEN,8.8,3,GREEN,2.8
5543,1,GREEN,8.7,3,GREEN,2.7
5544,1,GREEN,8.7,3,GREEN,2.7
5545,1,GREEN,8.7,3,GREEN,2.7
5546,1,GREEN,8.6,3,GREEN,2.6
5547,1,GREEN,8.6,3,GREEN,2.6
5548,1,GREEN,8.6,3,GREEN,2.6
5549,1,GREEN,8.5,3,GREEN,2.5
5550,1,GREEN,8.5,3,GREEN,2.5
5551,1,GREEN,8.5,3,GREEN,2.5
5552,1,GREEN,8.4,3,GREEN,2.4
5553,1,GREEN,8.4,3,GREEN,2.4
5554,1,GREEN,8.4,3,GREEN,2.4
5555,1,GREEN,8.3,3,GREEN,2.3
5556,1,GREEN,8.3,3,GREEN,2.3
5557,1,GREEN,8.3,3,GREEN,2.3
5558,1,GREEN,8.2,3,GREEN,2.2
5559,1,GREEN,8.2,3,GREEN,2.2
5560,1,GREEN,8.2,3,GREEN,2.2
5561,1,GREEN,8.1,3,GREEN,2.1
5562,1,GREEN,8.1,3,GREEN,2.1
5563,1,GREEN,8.1,3,GREEN,2.1
5564,1,GREEN,8.0,3,GREEN,2.0
5565,1,GREEN,8.0,3,GREEN,2.0
5566,1,GREEN,8.0,3,GREEN,2.0
5567,1,GREEN,7.9,3,GREEN,1.9
5568,1,GREEN,7.9,3,GREEN,1.9
5569,1,GREEN,7.9,3,GREEN,1.9
5570,1,GREEN,7.8,3,GREEN,1.8
5571,1,GREEN,7.8,3,GREEN,1.8
5572,1,GREEN,7.8,3,GREEN,1.8
5573,1,GREEN,7.7,3,GREEN,1.7
5574,1,GREEN,7.7,3,GREEN,1.7
5575,1,GREEN,7.7,3,GREEN,1.7
5576,1,GREEN,7.6,3,GREEN,1.6
5577,1,GREEN,7.6,3,GREEN,1.6
5578,1,GREEN,7.6,3,GREEN,1.6
5579,1,GREEN,7.5,3,GREEN,1.5
5580,1,GREEN,7.5,3,GREEN,1.5
5581,1,GREEN,7.5,3,GREEN,1.5
5582,1,GREEN,7.4,3,GREEN,1.4
5583,1,GREEN,7.4,3,GREEN,1.4
5584,1,GREEN,7.4,3,GREEN,1.4
5585,1,GREEN,7.3,3,GREEN,1.3
5586,1,GREEN,7.3,3,GREEN,1.3
5587,1,GREEN,7.3,3,GREEN,1.3
5588,1,GREEN,7.2,3,GREEN,1.2
5589,1,GREEN,7.2,3,GREEN,1.2
5590,1,GREEN,7.2,3,GREEN,1.2
5591,1,GREEN,7.1,3,GREEN,1.1
5592,1,GREEN,7.1,3,GREEN,1.1
5593,1,GREEN,7.1,3,GREEN,1.1
5594,1,GREEN,7.0,3,GREEN,1.0
5595,1,GREEN,7.0,3,GREEN,1.0
5596,1,GREEN,7.0,3,GREEN,1.0
5597,1,GREEN,6.9,3,GREEN,0.9
5598,1,GREEN,6.9,3,GREEN,0.9
5599,1,GREEN,6.9,3,GREEN,0.9
5600,1,GREEN,6.8,3,GREEN,0.8
5601,1,GREEN,6.8,3,GREEN,0.8
5602,1,GREEN,6.8,3,GREEN,0.8
5603,1,GREEN,6.7,3,GREEN,0.7
5604,1,GREEN,6.7,3,GREEN,0.7
5605,1,GREEN,6.7,3,GREEN,0.7
5606,1,GREEN,6.6,3,GREEN,0.6
5607,1,GREEN,6.6,3,GREEN,0.6
5608,1,GREEN,6.6,3,GREEN,0.6
5609,1,GREEN,6.5,3,GREEN,0.5
5610,1,GREEN,6.5,3,GREEN,0.5
5611,1,GREEN,6.5,3,GREEN,0.5
5612,1,GREEN,6.4,3,GREEN,0.4
5613,1,GREEN,6.4,3,GREEN,0.4
5614,1,GREEN,6.4,3,GREEN,0.4
5615,1,GREEN,6.3,3,GREEN,0.3
5616,1,GREEN,6.3,3,GREEN,0.3
5617,1,GREEN,6.3,3,GREEN,0.3
5618,1,GREEN,6.2,3,GREEN,0.2
5619,1,GREEN,6.2,3,GREEN,0.2
5620,1,GREEN,6.2,3,GREEN,0.2
5621,1,GREEN,6.1,3,GREEN,0.1
5622,1,GREEN,6.1,3,GREEN,0.1
5623,1,GREEN,6.1,3,GREEN,0.1
5624,1,GREEN,6.0,3,GREEN,0.0
5625,1,GREEN,6.0,3,YELLOW,0.0
5626,1,GREEN,6.0,3,YELLOW,3.0
5627,1,GREEN,5.9,3,YELLOW,2.9
5628,1,GREEN,5.9,3,YELLOW,2.9
5629,1,GREEN,5.9,3,YELLOW,2.9
5630,1,GREEN,5.8,3,YELLOW,2.8
5631,1,GREEN,5.8,3,YELLOW,2.8
5632,1,GREEN,5.8,3,YELLOW,2.8
5633,1,GREEN,5.7,3,YELLOW,2.7
5634,1,GREEN,5.7,3,YELLOW,2.7
5635,1,GREEN,5.7,3,YELLOW,2.7
5636,1,GREEN,5.6,3,YELLOW,2.6
5637,1,GREEN,5.6,3,YELLOW,2.6
5638,1,GREEN,5.6,3,YELLOW,2.6
5639,1,GREEN,5.5,3,YELLOW,2.5
5640,1,GREEN,5.5,3,YELLOW,2.5
5641,1,GREEN,5.5,3,YELLOW,2.5
5642,1,GREEN,5.4,3,YELLOW,2.4
5643,1,GREEN,5.4,3,YELLOW,2.4
5644,1,GREEN,5.4,3,YELLOW,2.4
5645,1,GREEN,5.3,3,YELLOW,2.3
5646,1,GREEN,5.3,3,YELLOW,2.3
5647,1,GREEN,5.3,3,YELLOW,2.3
5648,1,GREEN,5.2,3,YELLOW,2.2
5649,1,GREEN,5.2,3,YELLOW,2.2
5650,1,GREEN,5.2,3,YELLOW,2.2
5651,1,GREEN,5.1,3,YELLOW,2.1
5652,1,GREEN,5.1,3,YELLOW,2.1
5653,1,GREEN,5.1,3,YELLOW,2.1
5654,1,GREEN,5.0,3,YELLOW,2.0
5655,1,GREEN,5.0,3,YELLOW,2.0
5656,1,GREEN,5.0,3,YELLOW,2.0
5657,1,GREEN,4.9,3,YELLOW,1.9
5658,1,GREEN,4.9,3,YELLOW,1.9
5659,1,GREEN,4.9,3,YELLOW,1.9
5660,1,GREEN,4.8,3,YELLOW,1.8
5661,1,GREEN,4.8,3,YELLOW,1.8
5662,1,GREEN,4.8,3,YELLOW,1.8
5663,1,GREEN,4.7,3,YELLOW,1.7
5664,1,GREEN,4.7,3,YELLOW,1.7
5665,1,GREEN,4.7,3,YELLOW,1.7
5666,1,GREEN,4.6,3,YELLOW,1.6
5667,1,GREEN,4.6,3,YELLOW,1.6
5668,1,GREEN,4.6,3,YELLOW,1.6
5669,1,GREEN,4.5,3,YELLOW,1.5
5670,1,GREEN,4.5,3,YELLOW,1.5
5671,1,GREEN,4.5,3,YELLOW,1.5
5672,1,GREEN,4.4,3,YELLOW,1.4
5673,1,GREEN,4.4,3,YELLOW,1.4
5674,1,GREEN,4.4,3,YELLOW,1.4
5675,1,GREEN,4.3,3,YELLOW,1.3
5676,1,GREEN,4.3,3,YELLOW,1.3
5677,1,GREEN,4.3,3,YELLOW,1.3
5678,1,GREEN,4.2,3,YELLOW,1.2
5679,1,GREEN,4.2,3,YELLOW,1.2
5680,1,GREEN,4.2,3,YELLOW,1.2
5681,1,GREEN,4.1,3,YELLOW,1.1
5682,1,GREEN,4.1,3,YELLOW,1.1
5683,1,GREEN,4.1,3,YELLOW,1.1
5684,1,GREEN,4.0,3,YELLOW,1.0
5685,1,GREEN,4.0,3,YELLOW,1.0
5686,1,GREEN,4.0,3,YELLOW,1.0
5687,1,GREEN,3.9,3,YELLOW,0.9
5688,1,GREEN,3.9,3,YELLOW,0.9
5689,1,GREEN,3.9,3,YELLOW,0.9
5690,1,GREEN,3.8,3,YELLOW,0.8
5691,1,GREEN,3.8,3,YELLOW,0.8
5692,1,GREEN,3.8,3,YELLOW,0.8
5693,1,GREEN,3.7,3,YELLOW,0.7
5694,1,GREEN,3.7,3,YELLOW,0.7
5695,1,GREEN,3.7,3,YELLOW,0.7
5696,1,GREEN,3.6,3,YELLOW,0.6
5697,1,GREEN,3.6,3,YELLOW,0.6
5698,1,GREEN,3.6,3,YELLOW,0.6
5699,1,GREEN,3.5,3,YELLOW,0.5
5700,1,GREEN,3.5,3,YELLOW,0.5
5701,1,GREEN,3.5,3,YELLOW,0.5
5702,1,GREEN,3.4,3,YELLOW,0.4
5703,1,GREEN,3.4,3,YELLOW,0.4
5704,1,GREEN,3.4,3,YELLOW,0.4
5705,1,GREEN,3.3,3,YELLOW,0.3
5706,1,GREEN,3.3,3,YELLOW,0.3
5707,1,GREEN,3.3,3,YELLOW,0.3
5708,1,GREEN,3.2,3,YELLOW,0.2
5709,1,GREEN,3.2,3,YELLOW,0.2
5710,1,GREEN,3.2,3,YELLOW,0.2
5711,1,GREEN,3.1,3,YELLOW,0.1
5712,1,GREEN,3.1,3,YELLOW,0.1
5713,1,GREEN,3.1,3,YELLOW,0.1
5714,1,GREEN,3.0,3,YELLOW,0.0
5715,1,GREEN,3.0,4,GREEN,27.0
5716,1,GREEN,3.0,4,GREEN,30.0
5717,1,GREEN,2.9,4,GREEN,29.9
5718,1,GREEN,2.9,4,GREEN,29.9
5719,1,GREEN,2.9,4,GREEN,29.9
5720,1,GREEN,2.8,4,GREEN,29.8
5721,1,GREEN,2.8,4,GREEN,29.8
5722,1,GREEN,2.8,4,GREEN,29.8
5723,1,GREEN,2.7,4,GREEN,29.7
5724,1,GREEN,2.7,4,GREEN,29.7
5725,1,GREEN,2.7,4,GREEN,29.7
5726,1,GREEN,2.6,4,GREEN,29.6
5727,1,GREEN,2.6,4,GREEN,29.6
5728,1,GREEN,2.6,4,GREEN,29.6
5729,1,GREEN,2.5,4,GREEN,29.5
5730,1,GREEN,2.5,4,GREEN,29.5
5731,1,GREEN,2.5,4,GREEN,29.5
5732,1,GREEN,2.4,4,GREEN,29.4
5733,1,GREEN,2.4,4,GREEN,29.4
5734,1,GREEN,2.4,4,GREEN,29.4
5735,1,GREEN,2.3,4,GREEN,29.3
5736,1,GREEN,2.3,4,GREEN,29.3
5737,1,GREEN,2.3,4,GREEN,29.3
5738,1,GREEN,2.2,4,GREEN,29.2
5739,1,GREEN,2.2,4,GREEN,29.2
5740,1,GREEN,2.2,4,GREEN,29.2
5741,1,GREEN,2.1,4,GREEN,29.1
5742,1,GREEN,2.1,4,GREEN,29.1
5743,1,GREEN,2.1,4,GREEN,29.1
5744,1,GREEN,2.0,4,GREEN,29.0
5745,1,GREEN,2.0,4,GREEN,29.0
5746,1,GREEN,2.0,4,GREEN,29.0
5747,1,GREEN,1.9,4,GREEN,28.9
5748,1,GREEN,1.9,4,GREEN,28.9
5749,1,GREEN,1.9,4,GREEN,28.9
5750,1,GREEN,1.8,4,GREEN,28.8
5751,1,GREEN,1.8,4,GREEN,28.8
5752,1,GREEN,1.8,4,GREEN,28.8
5753,1,GREEN,1.7,4,GREEN,28.7
5754,1,GREEN,1.7,4,GREEN,28.7
5755,1,GREEN,1.7,4,GREEN,28.7
5756,1,GREEN,1.6,4,GREEN,28.6
5757,1,GREEN,1.6,4,GREEN,28.6
5758,1,GREEN,1.6,4,GREEN,28.6
5759,1,GREEN,1.5,4,GREEN,28.5
5760,1,GREEN,1.5,4,GREEN,28.5
5761,1,GREEN,1.5,4,GREEN,28.5
5762,1,GREEN,1.4,4,GREEN,28.4
5763,1,GREEN,1.4,4,GREEN,28.4
5764,1,GREEN,1.4,4,GREEN,28.4
5765,1,GREEN,1.3,4,GREEN,28.3
5766,1,GREEN,1.3,4,GREEN,28.3
5767,1,GREEN,1.3,4,GREEN,28.3
5768,1,GREEN,1.2,4,GREEN,28.2
5769,1,GREEN,1.2,4,GREEN,28.2
5770,1,GREEN,1.2,4,GREEN,28.2
5771,1,GREEN,1.1,4,GREEN,28.1
5772,1,GREEN,1.1,4,GREEN,28.1
5773,1,GREEN,1.1,4,GREEN,28.1
5774,1,GREEN,1.0,4,GREEN,28.0
5775,1,GREEN,1.0,4,GREEN,28.0
5776,1,GREEN,1.0,4,GREEN,28.0
5777,1,GREEN,0.9,4,GREEN,27.9
5778,1,GREEN,0.9,4,GREEN,27.9
5779,1,GREEN,0.9,4,GREEN,27.9
5780,1,GREEN,0.8,4,GREEN,27.8
5781,1,GREEN,0.8,4,GREEN,27.8
5782,1,GREEN,0.8,4,GREEN,27.8
5783,1,GREEN,0.7,4,GREEN,27.7
5784,1,GREEN,0.7,4,GREEN,27.7
5785,1,GREEN,0.7,4,GREEN,27.7
5786,1,GREEN,0.6,4,GREEN,27.6
5787,1,GREEN,0.6,4,GREEN,27.6
5788,1,GREEN,0.6,4,GREEN,27.6
5789,1,GREEN,0.5,4,GREEN,27.5
5790,1,GREEN,0.5,4,GREEN,27.5
5791,1,GREEN,0.5,4,GREEN,27.5
5792,1,GREEN,0.4,4,GREEN,27.4
5793,1,GREEN,0.4,4,GREEN,27.4
5794,1,GREEN,0.4,4,GREEN,27.4
5795,1,GREEN,0.3,4,GREEN,27.3
5796,1,GREEN,0.3,4,GREEN,27.3
5797,1,GREEN,0.3,4,GREEN,27.3
5798,1,GREEN,0.2,4,GREEN,27.2
5799,1,GREEN,0.2,4,GREEN,27.2
5800,1,GREEN,0.2,4,GREEN,27.2
5801,1,GREEN,0.1,4,GREEN,27.1
5802,1,GREEN,0.1,4,GREEN,27.1
5803,1,GREEN,0.1,4,GREEN,27.1
5804,1,GREEN,0.0,4,GREEN,27.0
5805,1,YELLOW,0.0,4,GREEN,27.0
5806,1,YELLOW,3.0,4,GREEN,27.0
5807,1,YELLOW,2.9,4,GREEN,26.9
5808,1,YELLOW,2.9,4,GREEN,26.9
5809,1,YELLOW,2.9,4,GREEN,26.9
5810,1,YELLOW,2.8,4,GREEN,26.8
5811,1,YELLOW,2.8,4,GREEN,26.8
5812,1,YELLOW,2.8,4,GREEN,26.8
5813,1,YELLOW,2.7,4,GREEN,26.7
5814,1,YELLOW,2.7,4,GREEN,26.7
5815,1,YELLOW,2.7,4,GREEN,26.7
5816,1,YELLOW,2.6,4,GREEN,26.6
5817,1,YELLOW,2.6,4,GREEN,26.6
5818,1,YELLOW,2.6,4,GREEN,26.6
5819,1,YELLOW,2.5,4,GREEN,26.5
5820,1,YELLOW,2.5,4,GREEN,26.5
5821,1,YELLOW,2.5,4,GREEN,26.5
5822,1,YELLOW,2.4,4,GREEN,26.4
5823,1,YELLOW,2.4,4,GREEN,26.4
5824,1,YELLOW,2.4,4,GREEN,26.4
5825,1,YELLOW,2.3,4,GREEN,26.3
5826,1,YELLOW,2.3,4,GREEN,26.3
5827,1,YELLOW,2.3,4,GREEN,26.3
5828,1,YELLOW,2.2,4,GREEN,26.2
5829,1,YELLOW,2.2,4,GREEN,26.2
5830,1,YELLOW,2.2,4,GREEN,26.2
5831,1,YELLOW,2.1,4,GREEN,26.1
5832,1,YELLOW,2.1,4,GREEN,26.1
5833,1,YELLOW,2.1,4,GREEN,26.1
5834,1,YELLOW,2.0,4,GREEN,26.0
5835,1,YELLOW,2.0,4,GREEN,26.0
5836,1,YELLOW,2.0,4,GREEN,26.0
5837,1,YELLOW,1.9,4,GREEN,25.9
5838,1,YELLOW,1.9,4,GREEN,25.9
5839,1,YELLOW,1.9,4,GREEN,25.9
5840,1,YELLOW,1.8,4,GREEN,25.8
5841,1,YELLOW,1.8,4,GREEN,25.8
5842,1,YELLOW,1.8,4,GREEN,25.8
5843,1,YELLOW,1.7,4,GREEN,25.7
5844,1,YELLOW,1.7,4,GREEN,25.7
5845,1,YELLOW,1.7,4,GREEN,25.7
5846,1,YELLOW,1.6,4,GREEN,25.6
5847,1,YELLOW,1.6,4,GREEN,25.6
5848,1,YELLOW,1.6,4,GREEN,25.6
5849,1,YELLOW,1.5,4,GREEN,25.5
5850,1,YELLOW,1.5,4,GREEN,25.5
5851,1,YELLOW,1.5,4,GREEN,25.5
5852,1,YELLOW,1.4,4,GREEN,25.4
5853,1,YELLOW,1.4,4,GREEN,25.4
5854,1,YELLOW,1.4,4,GREEN,25.4
5855,1,YELLOW,1.3,4,GREEN,25.3
5856,1,YELLOW,1.3,4,GREEN,25.3
5857,1,YELLOW,1.3,4,GREEN,25.3
5858,1,YELLOW,1.2,4,GREEN,25.2
5859,1,YELLOW,1.2,4,GREEN,25.2
5860,1,YELLOW,1.2,4,GREEN,25.2
5861,1,YELLOW,1.1,4,GREEN,25.1
5862,1,YELLOW,1.1,4,GREEN,25.1
5863,1,YELLOW,1.1,4,GREEN,25.1
5864,1,YELLOW,1.0,4,GREEN,25.0
5865,1,YELLOW,1.0,4,GREEN,25.0
5866,1,YELLOW,1.0,4,GREEN,25.0
5867,1,YELLOW,0.9,4,GREEN,24.9
5868,1,YELLOW,0.9,4,GREEN,24.9
5869,1,YELLOW,0.9,4,GREEN,24.9
5870,1,YELLOW,0.8,4,GREEN,24.8
5871,1,YELLOW,0.8,4,GREEN,24.8
5872,1,YELLOW,0.8,4,GREEN,24.8
5873,1,YELLOW,0.7,4,GREEN,24.7
5874,1,YELLOW,0.7,4,GREEN,24.7
5875,1,YELLOW,0.7,4,GREEN,24.7
5876,1,YELLOW,0.6,4,GREEN,24.6
5877,1,YELLOW,0.6,4,GREEN,24.6
5878,1,YELLOW,0.6,4,GREEN,24.6
5879,1,YELLOW,0.5,4,GREEN,24.5
5880,1,YELLOW,0.5,4,GREEN,24.5
5881,1,YELLOW,0.5,4,GREEN,24.5
5882,1,YELLOW,0.4,4,GREEN,24.4
5883,1,YELLOW,0.4,4,GREEN,24.4
5884,1,YELLOW,0.4,4,GREEN,24.4
5885,1,YELLOW,0.3,4,GREEN,24.3
5886,1,YELLOW,0.3,4,GREEN,24.3
5887,1,YELLOW,0.3,4,GREEN,24.3
5888,1,YELLOW,0.2,4,GREEN,24.2
5889,1,YELLOW,0.2,4,GREEN,24.2
5890,1,YELLOW,0.2,4,GREEN,24.2
5891,1,YELLOW,0.1,4,GREEN,24.1
5892,1,YELLOW,0.1,4,GREEN,24.1
5893,1,YELLOW,0.1,4,GREEN,24.1
5894,1,YELLOW,0.0,4,GREEN,24.0
5895,2,GREEN,2.0,4,GREEN,24.0
5896,2,GREEN,5.0,4,GREEN,24.0
5897,2,GREEN,4.9,4,GREEN,23.9
5898,2,GREEN,4.9,4,GREEN,23.9
5899,2,GREEN,4.9,4,GREEN,23.9
5900,2,GREEN,4.8,4,GREEN,23.8
5901,2,GREEN,4.8,4,GREEN,23.8
5902,2,GREEN,4.8,4,GREEN,23.8
5903,2,GREEN,4.7,4,GREEN,23.7
5904,2,GREEN,4.7,4,GREEN,23.7
5905,2,GREEN,4.7,4,GREEN,23.7
5906,2,GREEN,4.6,4,GREEN,23.6
5907,2,GREEN,4.6,4,GREEN,23.6
5908,2,GREEN,4.6,4,GREEN,23.6
5909,2,GREEN,4.5,4,GREEN,23.5
5910,2,GREEN,4.5,4,GREEN,23.5
5911,2,GREEN,4.5,4,GREEN,23.5
5912,2,GREEN,4.4,4,GREEN,23.4
5913,2,GREEN,4.4,4,GREEN,23.4
5914,2,GREEN,4.4,4,GREEN,23.4
5915,2,GREEN,4.3,4,GREEN,23.3
5916,2,GREEN,4.3,4,GREEN,23.3
5917,2,GREEN,4.3,4,GREEN,23.3
5918,2,GREEN,4.2,4,GREEN,23.2
5919,2,GREEN,4.2,4,GREEN,23.2
5920,2,GREEN,4.2,4,GREEN,23.2
5921,2,GREEN,4.1,4,GREEN,23.1
5922,2,GREEN,4.1,4,GREEN,23.1
5923,2,GREEN,4.1,4,GREEN,23.1
5924,2,GREEN,4.0,4,GREEN,23.0
5925,2,GREEN,4.0,4,GREEN,23.0
5926,2,GREEN,4.0,4,GREEN,23.0
5927,2,GREEN,3.9,4,GREEN,22.9
5928,2,GREEN,3.9,4,GREEN,22.9
5929,2,GREEN,3.9,4,GREEN,22.9
5930,2,GREEN,3.8,4,GREEN,22.8
5931,2,GREEN,3.8,4,GREEN,22.8
5932,2,GREEN,3.8,4,GREEN,22.8
5933,2,GREEN,3.7,4,GREEN,22.7
5934,2,GREEN,3.7,4,GREEN,22.7
5935,2,GREEN,3.7,4,GREEN,22.7
5936,2,GREEN,3.6,4,GREEN,22.6
5937,2,GREEN,3.6,4,GREEN,22.6
5938,2,GREEN,3.6,4,GREEN,22.6
5939,2,GREEN,3.5,4,GREEN,22.5
5940,2,GREEN,3.5,4,GREEN,22.5
5941,2,GREEN,3.5,4,GREEN,22.5
5942,2,GREEN,3.4,4,GREEN,22.4
5943,2,GREEN,3.4,4,GREEN,22.4
5944,2,GREEN,3.4,4,GREEN,22.4
5945,2,GREEN,3.3,4,GREEN,22.3
5946,2,GREEN,3.3,4,GREEN,22.3
5947,2,GREEN,3.3,4,GREEN,22.3
5948,2,GREEN,3.2,4,GREEN,22.2
5949,2,GREEN,3.2,4,GREEN,22.2
5950,2,GREEN,3.2,4,GREEN,22.2
5951,2,GREEN,3.1,4,GREEN,22.1
5952,2,GREEN,3.1,4,GREEN,22.1
5953,2,GREEN,3.1,4,GREEN,22.1
5954,2,GREEN,3.0,4,GREEN,22.0
5955,2,GREEN,3.0,4,GREEN,22.0
5956,2,GREEN,3.0,4,GREEN,22.0
5957,2,GREEN,2.9,4,GREEN,21.9
5958,2,GREEN,2.9,4,GREEN,21.9
5959,2,GREEN,2.9,4,GREEN,21.9
5960,2,GREEN,2.8,4,GREEN,21.8
5961,2,GREEN,2.8,4,GREEN,21.8
5962,2,GREEN,2.8,4,GREEN,21.8
5963,2,GREEN,2.7,4,GREEN,21.7
5964,2,GREEN,2.7,4,GREEN,21.7
5965,2,GREEN,2.7,4,GREEN,21.7
5966,2,GREEN,2.6,4,GREEN,21.6
5967,2,GREEN,2.6,4,GREEN,21.6
5968,2,GREEN,2.6,4,GREEN,21.6
5969,2,GREEN,2.5,4,GREEN,21.5
5970,2,GREEN,2.5,4,GREEN,21.5
5971,2,GREEN,2.5,4,GREEN,21.5
5972,2,GREEN,2.4,4,GREEN,21.4
5973,2,GREEN,2.4,4,GREEN,21.4
5974,2,GREEN,2.4,4,GREEN,21.4
5975,2,GREEN,2.3,4,GREEN,21.3
5976,2,GREEN,2.3,4,GREEN,21.3
5977,2,GREEN,2.3,4,GREEN,21.3
5978,2,GREEN,2.2,4,GREEN,21.2
5979,2,GREEN,2.2,4,GREEN,21.2
5980,2,GREEN,2.2,4,GREEN,21.2
5981,2,GREEN,2.1,4,GREEN,21.1
5982,2,GREEN,2.1,4,GREEN,21.1
5983,2,GREEN,2.1,4,GREEN,21.1
5984,2,GREEN,2.0,4,GREEN,21.0
5985,2,GREEN,2.0,4,GREEN,21.0
5986,2,GREEN,2.0,4,GREEN,21.0
5987,2,GREEN,1.9,4,GREEN,20.9
5988,2,GREEN,1.9,4,GREEN,20.9
5989,2,GREEN,1.9,4,GREEN,20.9
5990,2,GREEN,1.8,4,GREEN,20.8
5991,2,GREEN,1.8,4,GREEN,20.8
5992,2,GREEN,1.8,4,GREEN,20.8
5993,2,GREEN,1.7,4,GREEN,20.7
5994,2,GREEN,1.7,4,GREEN,20.7
5995,2,GREEN,1.7,4,GREEN,20.7
5996,2,GREEN,1.6,4,GREEN,20.6
5997,2,GREEN,1.6,4,GREEN,20.6
5998,2,GREEN,1.6,4,GREEN,20.6
5999,2,GREEN,1.5,4,GREEN,20.5
6000,2,GREEN,1.5,4,GREEN,20.5
6001,2,GREEN,1.5,4,GREEN,20.5
6002,2,GREEN,1.4,4,GREEN,20.4
6003,2,GREEN,1.4,4,GREEN,20.4
6004,2,GREEN,1.4,4,GREEN,20.4
6005,2,GREEN,1.3,4,GREEN,20.3
6006,2,GREEN,1.3,4,GREEN,20.3
6007,2,GREEN,1.3,4,GREEN,20.3
6008,2,GREEN,1.2,4,GREEN,20.2
6009,2,GREEN,1.2,4,GREEN,20.2
6010,2,GREEN,1.2,4,GREEN,20.2
6011,2,GREEN,1.1,4,GREEN,20.1
6012,2,GREEN,1.1,4,GREEN,20.1
6013,2,GREEN,1.1,4,GREEN,20.1
6014,2,GREEN,1.0,4,GREEN,20.0
6015,2,GREEN,1.0,4,GREEN,20.0
6016,2,GREEN,1.0,4,GREEN,20.0
6017,2,GREEN,0.9,4,GREEN,19.9
6018,2,GREEN,0.9,4,GREEN,19.9
6019,2,GREEN,0.9,4,GREEN,19.9
6020,2,GREEN,0.8,4,GREEN,19.8
6021,2,GREEN,0.8,4,GREEN,19.8
6022,2,GREEN,0.8,4,GREEN,19.8
6023,2,GREEN,0.7,4,GREEN,19.7
6024,2,GREEN,0.7,4,GREEN,19.7
6025,2,GREEN,0.7,4,GREEN,19.7
6026,2,GREEN,0.6,4,GREEN,19.6
6027,2,GREEN,0.6,4,GREEN,19.6
6028,2,GREEN,0.6,4,GREEN,19.6
6029,2,GREEN,0.5,4,GREEN,19.5
6030,2,GREEN,0.5,4,GREEN,19.5
6031,2,GREEN,0.5,4,GREEN,19.5
6032,2,GREEN,0.4,4,GREEN,19.4
6033,2,GREEN,0.4,4,GREEN,19.4
6034,2,GREEN,0.4,4,GREEN,19.4
6035,2,GREEN,0.3,4,GREEN,19.3
6036,2,GREEN,0.3,4,GREEN,19.3
6037,2,GREEN,0.3,4,GREEN,19.3
6038,2,GREEN,0.2,4,GREEN,19.2
6039,2,GREEN,0.2,4,GREEN,19.2
6040,2,GREEN,0.2,4,GREEN,19.2
6041,2,GREEN,0.1,4,GREEN,19.1
6042,2,GREEN,0.1,4,GREEN,19.1
6043,2,GREEN,0.1,4,GREEN,19.1
6044,2,GREEN,0.0,4,GREEN,19.0
6045,2,YELLOW,0.0,4,GREEN,19.0
6046,2,YELLOW,3.0,4,GREEN,19.0
6047,2,YELLOW,2.9,4,GREEN,18.9
6048,2,YELLOW,2.9,4,GREEN,18.9
6049,2,YELLOW,2.9,4,GREEN,18.9
6050,2,YELLOW,2.8,4,GREEN,18.8
6051,2,YELLOW,2.8,4,GREEN,18.8
6052,2,YELLOW,2.8,4,GREEN,18.8
6053,2,YELLOW,2.7,4,GREEN,18.7
6054,2,YELLOW,2.7,4,GREEN,18.7
6055,2,YELLOW,2.7,4,GREEN,18.7
6056,2,YELLOW,2.6,4,GREEN,18.6
6057,2,YELLOW,2.6,4,GREEN,18.6
6058,2,YELLOW,2.6,4,GREEN,18.6
6059,2,YELLOW,2.5,4,GREEN,18.5
6060,2,YELLOW,2.5,4,GREEN,18.5
6061,2,YELLOW,2.5,4,GREEN,18.5
6062,2,YELLOW,2.4,4,GREEN,18.4
6063,2,YELLOW,2.4,4,GREEN,18.4
6064,2,YELLOW,2.4,4,GREEN,18.4
6065,2,YELLOW,2.3,4,GREEN,18.3
6066,2,YELLOW,2.3,4,GREEN,18.3
6067,2,YELLOW,2.3,4,GREEN,18.3
6068,2,YELLOW,2.2,4,GREEN,18.2
6069,2,YELLOW,2.2,4,GREEN,18.2
6070,2,YELLOW,2.2,4,GREEN,18.2
6071,2,YELLOW,2.1,4,GREEN,18.1
6072,2,YELLOW,2.1,4,GREEN,18.1
6073,2,YELLOW,2.1,4,GREEN,18.1
6074,2,YELLOW,2.0,4,GREEN,18.0
6075,2,YELLOW,2.0,4,GREEN,18.0
6076,2,YELLOW,2.0,4,GREEN,18.0
6077,2,YELLOW,1.9,4,GREEN,17.9
6078,2,YELLOW,1.9,4,GREEN,17.9
6079,2,YELLOW,1.9,4,GREEN,17.9
6080,2,YELLOW,1.8,4,GREEN,17.8
6081,2,YELLOW,1.8,4,GREEN,17.8
6082,2,YELLOW,1.8,4,GREEN,17.8
6083,2,YELLOW,1.7,4,GREEN,17.7
6084,2,YELLOW,1.7,4,GREEN,17.7
6085,2,YELLOW,1.7,4,GREEN,17.7
6086,2,YELLOW,1.6,4,GREEN,17.6
6087,2,YELLOW,1.6,4,GREEN,17.6
6088,2,YELLOW,1.6,4,GREEN,17.6
6089,2,YELLOW,1.5,4,GREEN,17.5
6090,2,YELLOW,1.5,4,GREEN,17.5
6091,2,YELLOW,1.5,4,GREEN,17.5
6092,2,YELLOW,1.4,4,GREEN,17.4
6093,2,YELLOW,1.4,4,GREEN,17.4
6094,2,YELLOW,1.4,4,GREEN,17.4
6095,2,YELLOW,1.3,4,GREEN,17.3
6096,2,YELLOW,1.3,4,GREEN,17.3
6097,2,YELLOW,1.3,4,GREEN,17.3
6098,2,YELLOW,1.2,4,GREEN,17.2
6099,2,YELLOW,1.2,4,GREEN,17.2
6100,2,YELLOW,1.2,4,GREEN,17.2
6101,2,YELLOW,1.1,4,GREEN,17.1
6102,2,YELLOW,1.1,4,GREEN,17.1
6103,2,YELLOW,1.1,4,GREEN,17.1
6104,2,YELLOW,1.0,4,GREEN,17.0
6105,2,YELLOW,1.0,4,GREEN,17.0
6106,2,YELLOW,1.0,4,GREEN,17.0
6107,2,YELLOW,0.9,4,GREEN,16.9
6108,2,YELLOW,0.9,4,GREEN,16.9
6109,2,YELLOW,0.9,4,GREEN,16.9
6110,2,YELLOW,0.8,4,GREEN,16.8
6111,2,YELLOW,0.8,4,GREEN,16.8
6112,2,YELLOW,0.8,4,GREEN,16.8
6113,2,YELLOW,0.7,4,GREEN,16.7
6114,2,YELLOW,0.7,4,GREEN,16.7
6115,2,YELLOW,0.7,4,GREEN,16.7
6116,2,YELLOW,0.6,4,GREEN,16.6
6117,2,YELLOW,0.6,4,GREEN,16.6
6118,2,YELLOW,0.6,4,GREEN,16.6
6119,2,YELLOW,0.5,4,GREEN,16.5
6120,2,YELLOW,0.5,4,GREEN,16.5
6121,2,YELLOW,0.5,4,GREEN,16.5
6122,2,YELLOW,0.4,4,GREEN,16.4
6123,2,YELLOW,0.4,4,GREEN,16.4
6124,2,YELLOW,0.4,4,GREEN,16.4
6125,2,YELLOW,0.3,4,GREEN,16.3
6126,2,YELLOW,0.3,4,GREEN,16.3
6127,2,YELLOW,0.3,4,GREEN,16.3
6128,2,YELLOW,0.2,4,GREEN,16.2
6129,2,YELLOW,0.2,4,GREEN,16.2
6130,2,YELLOW,0.2,4,GREEN,16.2
6131,2,YELLOW,0.1,4,GREEN,16.1
6132,2,YELLOW,0.1,4,GREEN,16.1
6133,2,YELLOW,0.1,4,GREEN,16.1
6134,2,YELLOW,0.0,4,GREEN,16.0
6135,3,GREEN,17.0,4,GREEN,16.0
6136,3,GREEN,20.0,4,GREEN,16.0
6137,3,GREEN,19.9,4,GREEN,15.9
6138,3,GREEN,19.9,4,GREEN,15.9
6139,3,GREEN,19.9,4,GREEN,15.9
6140,3,GREEN,19.8,4,GREEN,15.8
6141,3,GREEN,19.8,4,GREEN,15.8
6142,3,GREEN,19.8,4,GREEN,15.8
6143,3,GREEN,19.7,4,GREEN,15.7
6144,3,GREEN,19.7,4,GREEN,15.7
6145,3,GREEN,19.7,4,GREEN,15.7
6146,3,GREEN,19.6,4,GREEN,15.6
6147,3,GREEN,19.6,4,GREEN,15.6
6148,3,GREEN,19.6,4,GREEN,15.6
6149,3,GREEN,19.5,4,GREEN,15.5
6150,3,GREEN,19.5,4,GREEN,15.5
6151,3,GREEN,19.5,4,GREEN,15.5
6152,3,GREEN,19.4,4,GREEN,15.4
6153,3,GREEN,19.4,4,GREEN,15.4
6154,3,GREEN,19.4,4,GREEN,15.4
6155,3,GREEN,19.3,4,GREEN,15.3
6156,3,GREEN,19.3,4,GREEN,15.3
6157,3,GREEN,19.3,4,GREEN,15.3
6158,3,GREEN,19.2,4,GREEN,15.2
6159,3,GREEN,19.2,4,GREEN,15.2
6160,3,GREEN,19.2,4,GREEN,15.2
6161,3,GREEN,19.1,4,GREEN,15.1
6162,3,GREEN,19.1,4,GREEN,15.1
6163,3,GREEN,19.1,4,GREEN,15.1
6164,3,GREEN,19.0,4,GREEN,15.0
6165,3,GREEN,19.0,4,GREEN,15.0
6166,3,GREEN,19.0,4,GREEN,15.0
6167,3,GREEN,18.9,4,GREEN,14.9
6168,3,GREEN,18.9,4,GREEN,14.9
6169,3,GREEN,18.9,4,GREEN,14.9
6170,3,GREEN,18.8,4,GREEN,14.8
6171,3,GREEN,18.8,4,GREEN,14.8
6172,3,GREEN,18.8,4,GREEN,14.8
6173,3,GREEN,18.7,4,GREEN,14.7
6174,3,GREEN,18.7,4,GREEN,14.7
6175,3,GREEN,18.7,4,GREEN,14.7
6176,3,GREEN,18.6,4,GREEN,14.6
6177,3,GREEN,18.6,4,GREEN,14.6
6178,3,GREEN,18.6,4,GREEN,14.6
6179,3,GREEN,18.5,4,GREEN,14.5
6180,3,GREEN,18.5,4,GREEN,14.5
6181,3,GREEN,18.5,4,GREEN,14.5
6182,3,GREEN,18.4,4,GREEN,14.4
6183,3,GREEN,18.4,4,GREEN,14.4
6184,3,GREEN,18.4,4,GREEN,14.4
6185,3,GREEN,18.3,4,GREEN,14.3
6186,3,GREEN,18.3,4,GREEN,14.3
6187,3,GREEN,18.3,4,GREEN,14.3
6188,3,GREEN,18.2,4,GREEN,14.2
6189,3,GREEN,18.2,4,GREEN,14.2
6190,3,GREEN,18.2,4,GREEN,14.2
6191,3,GREEN,18.1,4,GREEN,14.1
6192,3,GREEN,18.1,4,GREEN,14.1
6193,3,GREEN,18.1,4,GREEN,14.1
6194,3,GREEN,18.0,4,GREEN,14.0
6195,3,GREEN,18.0,4,GREEN,14.0
6196,3,GREEN,18.0,4,GREEN,14.0
6197,3,GREEN,17.9,4,GREEN,13.9
6198,3,GREEN,17.9,4,GREEN,13.9
6199,3,GREEN,17.9,4,GREEN,13.9
6200,3,GREEN,17.8,4,GREEN,13.8
6201,3,GREEN,17.8,4,GREEN,13.8
6202,3,GREEN,17.8,4,GREEN,13.8
6203,3,GREEN,17.7,4,GREEN,13.7
6204,3,GREEN,17.7,4,GREEN,13.7
6205,3,GREEN,17.7,4,GREEN,13.7
6206,3,GREEN,17.6,4,GREEN,13.6
6207,3,GREEN,17.6,4,GREEN,13.6
6208,3,GREEN,17.6,4,GREEN,13.6
6209,3,GREEN,17.5,4,GREEN,13.5
6210,3,GREEN,17.5,4,GREEN,13.5
6211,3,GREEN,17.5,4,GREEN,13.5
6212,3,GREEN,17.4,4,GREEN,13.4
6213,3,GREEN,17.4,4,GREEN,13.4
6214,3,GREEN,17.4,4,GREEN,13.4
6215,3,GREEN,17.3,4,GREEN,13.3
6216,3,GREEN,17.3,4,GREEN,13.3
6217,3,GREEN,17.3,4,GREEN,13.3
6218,3,GREEN,17.2,4,GREEN,13.2
6219,3,GREEN,17.2,4,GREEN,13.2
6220,3,GREEN,17.2,4,GREEN,13.2
6221,3,GREEN,17.1,4,GREEN,13.1
6222,3,GREEN,17.1,4,GREEN,13.1
6223,3,GREEN,17.1,4,GREEN,13.1
6224,3,GREEN,17.0,4,GREEN,13.0
6225,3,GREEN,17.0,4,GREEN,13.0
6226,3,GREEN,17.0,4,GREEN,13.0
6227,3,GREEN,16.9,4,GREEN,12.9
6228,3,GREEN,16.9,4,GREEN,12.9
6229,3,GREEN,16.9,4,GREEN,12.9
6230,3,GREEN,16.8,4,GREEN,12.8
6231,3,GREEN,16.8,4,GREEN,12.8
6232,3,GREEN,16.8,4,GREEN,12.8
6233,3,GREEN,16.7,4,GREEN,12.7
6234,3,GREEN,16.7,4,GREEN,12.7
6235,3,GREEN,16.7,4,GREEN,12.7
6236,3,GREEN,16.6,4,GREEN,12.6
6237,3,GREEN,16.6,4,GREEN,12.6
6238,3,GREEN,16.6,4,GREEN,12.6
6239,3,GREEN,16.5,4,GREEN,12.5
6240,3,GREEN,16.5,4,GREEN,12.5
6241,3,GREEN,16.5,4,GREEN,12.5
6242,3,GREEN,16.4,4,GREEN,12.4
6243,3,GREEN,16.4,4,GREEN,12.4
6244,3,GREEN,16.4,4,GREEN,12.4
6245,3,GREEN,16.3,4,GREEN,12.3
6246,3,GREEN,16.3,4,GREEN,12.3
6247,3,GREEN,16.3,4,GREEN,12.3
6248,3,GREEN,16.2,4,GREEN,12.2
6249,3,GREEN,16.2,4,GREEN,12.2
6250,3,GREEN,16.2,4,GREEN,12.2
6251,3,GREEN,16.1,4,GREEN,12.1
6252,3,GREEN,16.1,4,GREEN,12.1
6253,3,GREEN,16.1,4,GREEN,12.1
6254,3,GREEN,16.0,4,GREEN,12.0
6255,3,GREEN,16.0,4,GREEN,12.0
6256,3,GREEN,16.0,4,GREEN,12.0
6257,3,GREEN,15.9,4,GREEN,11.9
6258,3,GREEN,15.9,4,GREEN,11.9
6259,3,GREEN,15.9,4,GREEN,11.9
6260,3,GREEN,15.8,4,GREEN,11.8
6261,3,GREEN,15.8,4,GREEN,11.8
6262,3,GREEN,15.8,4,GREEN,11.8
6263,3,GREEN,15.7,4,GREEN,11.7
6264,3,GREEN,15.7,4,GREEN,11.7
6265,3,GREEN,15.7,4,GREEN,11.7
6266,3,GREEN,15.6,4,GREEN,11.6
6267,3,GREEN,15.6,4,GREEN,11.6
6268,3,GREEN,15.6,4,GREEN,11.6
6269,3,GREEN,15.5,4,GREEN,11.5
6270,3,GREEN,15.5,4,GREEN,11.5
6271,3,GREEN,15.5,4,GREEN,11.5
6272,3,GREEN,15.4,4,GREEN,11.4
6273,3,GREEN,15.4,4,GREEN,11.4
6274,3,GREEN,15.4,4,GREEN,11.4
6275,3,GREEN,15.3,4,GREEN,11.3
6276,3,GREEN,15.3,4,GREEN,11.3
6277,3,GREEN,15.3,4,GREEN,11.3
6278,3,GREEN,15.2,4,GREEN,11.2
6279,3,GREEN,15.2,4,GREEN,11.2
6280,3,GREEN,15.2,4,GREEN,11.2
6281,3,GREEN,15.1,4,GREEN,11.1
6282,3,GREEN,15.1,4,GREEN,11.1
6283,3,GREEN,15.1,4,GREEN,11.1
6284,3,GREEN,15.0,4,GREEN,11.0
6285,3,GREEN,15.0,4,GREEN,11.0
6286,3,GREEN,15.0,4,GREEN,11.0
6287,3,GREEN,14.9,4,GREEN,10.9
6288,3,GREEN,14.9,4,GREEN,10.9
6289,3,GREEN,14.9,4,GREEN,10.9
6290,3,GREEN,14.8,4,GREEN,10.8
6291,3,GREEN,14.8,4,GREEN,10.8
6292,3,GREEN,14.8,4,GREEN,10.8
6293,3,GREEN,14.7,4,GREEN,10.7
6294,3,GREEN,14.7,4,GREEN,10.7
6295,3,GREEN,14.7,4,GREEN,10.7
6296,3,GREEN,14.6,4,GREEN,10.6
6297,3,GREEN,14.6,4,GREEN,10.6
6298,3,GREEN,14.6,4,GREEN,10.6
6299,3,GREEN,14.5,4,GREEN,10.5
6300,3,GREEN,14.5,4,GREEN,10.5
6301,3,GREEN,14.5,4,GREEN,10.5
6302,3,GREEN,14.4,4,GREEN,10.4
6303,3,GREEN,14.4,4,GREEN,10.4
6304,3,GREEN,14.4,4,GREEN,10.4
6305,3,GREEN,14.3,4,GREEN,10.3
6306,3,GREEN,14.3,4,GREEN,10.3
6307,3,GREEN,14.3,4,GREEN,10.3
6308,3,GREEN,14.2,4,GREEN,10.2
6309,3,GREEN,14.2,4,GREEN,10.2
6310,3,GREEN,14.2,4,GREEN,10.2
6311,3,GREEN,14.1,4,GREEN,10.1
6312,3,GREEN,14.1,4,GREEN,10.1
6313,3,GREEN,14.1,4,GREEN,10.1
6314,3,GREEN,14.0,4,GREEN,10.0
6315,3,GREEN,14.0,4,GREEN,10.0
6316,3,GREEN,14.0,4,GREEN,10.0
6317,3,GREEN,13.9,4,GREEN,9.9
6318,3,GREEN,13.9,4,GREEN,9.9
6319,3,GREEN,13.9,4,GREEN,9.9
6320,3,GREEN,13.8,4,GREEN,9.8
6321,3,GREEN,13.8,4,GREEN,9.8
6322,3,GREEN,13.8,4,GREEN,9.8
6323,3,GREEN,13.7,4,GREEN,9.7
6324,3,GREEN,13.7,4,GREEN,9.7
6325,3,GREEN,13.7,4,GREEN,9.7
6326,3,GREEN,13.6,4,GREEN,9.6
6327,3,GREEN,13.6,4,GREEN,9.6
6328,3,GREEN,13.6,4,GREEN,9.6
6329,3,GREEN,13.5,4,GREEN,9.5
6330,3,GREEN,13.5,4,GREEN,9.5
6331,3,GREEN,13.5,4,GREEN,9.5
6332,3,GREEN,13.4,4,GREEN,9.4
6333,3,GREEN,13.4,4,GREEN,9.4
6334,3,GREEN,13.4,4,GREEN,9.4
6335,3,GREEN,13.3,4,GREEN,9.3
6336,3,GREEN,13.3,4,GREEN,9.3
6337,3,GREEN,13.3,4,GREEN,9.3
6338,3,GREEN,13.2,4,GREEN,9.2
6339,3,GREEN,13.2,4,GREEN,9.2
6340,3,GREEN,13.2,4,GREEN,9.2
6341,3,GREEN,13.1,4,GREEN,9.1
6342,3,GREEN,13.1,4,GREEN,9.1
6343,3,GREEN,13.1,4,GREEN,9.1
6344,3,GREEN,13.0,4,GREEN,9.0
6345,3,GREEN,13.0,4,GREEN,9.0
6346,3,GREEN,13.0,4,GREEN,9.0
6347,3,GREEN,12.9,4,GREEN,8.9
6348,3,GREEN,12.9,4,GREEN,8.9
6349,3,GREEN,12.9,4,GREEN,8.9
6350,3,GREEN,12.8,4,GREEN,8.8
6351,3,GREEN,12.8,4,GREEN,8.8
6352,3,GREEN,12.8,4,GREEN,8.8
6353,3,GREEN,12.7,4,GREEN,8.7
6354,3,GREEN,12.7,4,GREEN,8.7
6355,3,GREEN,12.7,4,GREEN,8.7
6356,3,GREEN,12.6,4,GREEN,8.6
6357,3,GREEN,12.6,4,GREEN,8.6
6358,3,GREEN,12.6,4,GREEN,8.6
6359,3,GREEN,12.5,4,GREEN,8.5
6360,3,GREEN,12.5,4,GREEN,8.5
6361,3,GREEN,12.5,4,GREEN,8.5
6362,3,GREEN,12.4,4,GREEN,8.4
6363,3,GREEN,12.4,4,GREEN,8.4
6364,3,GREEN,12.4,4,GREEN,8.4
6365,3,GREEN,12.3,4,GREEN,8.3
6366,3,GREEN,12.3,4,GREEN,8.3
6367,3,GREEN,12.3,4,GREEN,8.3
6368,3,GREEN,12.2,4,GREEN,8.2
6369,3,GREEN,12.2,4,GREEN,8.2
6370,3,GREEN,12.2,4,GREEN,8.2
6371,3,GREEN,12.1,4,GREEN,8.1
6372,3,GREEN,12.1,4,GREEN,8.1
6373,3,GREEN,12.1,4,GREEN,8.1
6374,3,GREEN,12.0,4,GREEN,8.0
6375,3,GREEN,12.0,4,GREEN,8.0
6376,3,GREEN,12.0,4,GREEN,8.0
6377,3,GREEN,11.9,4,GREEN,7.9
6378,3,GREEN,11.9,4,GREEN,7.9
6379,3,GREEN,11.9,4,GREEN,7.9
6380,3,GREEN,11.8,4,GREEN,7.8
6381,3,GREEN,11.8,4,GREEN,7.8
6382,3,GREEN,11.8,4,GREEN,7.8
6383,3,GREEN,11.7,4,GREEN,7.7
6384,3,GREEN,11.7,4,GREEN,7.7
6385,3,GREEN,11.7,4,GREEN,7.7
6386,3,GREEN,11.6,4,GREEN,7.6
6387,3,GREEN,11.6,4,GREEN,7.6
6388,3,GREEN,11.6,4,GREEN,7.6
6389,3,GREEN,11.5,4,GREEN,7.5
6390,3,GREEN,11.5,4,GREEN,7.5
6391,3,GREEN,11.5,4,GREEN,7.5
6392,3,GREEN,11.4,4,GREEN,7.4
6393,3,GREEN,11.4,4,GREEN,7.4
6394,3,GREEN,11.4,4,GREEN,7.4
6395,3,GREEN,11.3,4,GREEN,7.3
6396,3,GREEN,11.3,4,GREEN,7.3
6397,3,GREEN,11.3,4,GREEN,7.3
6398,3,GREEN,11.2,4,GREEN,7.2
6399,3,GREEN,11.2,4,GREEN,7.2
6400,3,GREEN,11.2,4,GREEN,7.2
6401,3,GREEN,11.1,4,GREEN,7.1
6402,3,GREEN,11.1,4,GREEN,7.1
6403,3,GREEN,11.1,4,GREEN,7.1
6404,3,GREEN,11.0,4,GREEN,7.0
6405,3,GREEN,11.0,4,GREEN,7.0
6406,3,GREEN,11.0,4,GREEN,7.0
6407,3,GREEN,10.9,4,GREEN,6.9
6408,3,GREEN,10.9,4,GREEN,6.9
6409,3,GREEN,10.9,4,GREEN,6.9
6410,3,GREEN,10.8,4,GREEN,6.8
6411,3,GREEN,10.8,4,GREEN,6.8
6412,3,GREEN,10.8,4,GREEN,6.8
6413,3,GREEN,10.7,4,GREEN,6.7
6414,3,GREEN,10.7,4,GREEN,6.7
6415,3,GREEN,10.7,4,GREEN,6.7
6416,3,GREEN,10.6,4,GREEN,6.6
6417,3,GREEN,10.6,4,GREEN,6.6
6418,3,GREEN,10.6,4,GREEN,6.6
6419,3,GREEN,10.5,4,GREEN,6.5
6420,3,GREEN,10.5,4,GREEN,6.5
6421,3,GREEN,10.5,4,GREEN,6.5
6422,3,GREEN,10.4,4,GREEN,6.4
6423,3,GREEN,10.4,4,GREEN,6.4
6424,3,GREEN,10.4,4,GREEN,6.4
6425,3,GREEN,10.3,4,GREEN,6.3
6426,3,GREEN,10.3,4,GREEN,6.3
6427,3,GREEN,10.3,4,GREEN,6.3
6428,3,GREEN,10.2,4,GREEN,6.2
6429,3,GREEN,10.2,4,GREEN,6.2
6430,3,GREEN,10.2,4,GREEN,6.2
6431,3,GREEN,10.1,4,GREEN,6.1
6432,3,GREEN,10.1,4,GREEN,6.1
6433,3,GREEN,10.1,4,GREEN,6.1
6434,3,GREEN,10.0,4,GREEN,6.0
6435,3,GREEN,10.0,4,GREEN,6.0
6436,3,GREEN,10.0,4,GREEN,6.0
6437,3,GREEN,9.9,4,GREEN,5.9
6438,3,GREEN,9.9,4,GREEN,5.9
6439,3,GREEN,9.9,4,GREEN,5.9
6440,3,GREEN,9.8,4,GREEN,5.8
6441,3,GREEN,9.8,4,GREEN,5.8
6442,3,GREEN,9.8,4,GREEN,5.8
6443,3,GREEN,9.7,4,GREEN,5.7
6444,3,GREEN,9.7,4,GREEN,5.7
6445,3,GREEN,9.7,4,GREEN,5.7
6446,3,GREEN,9.6,4,GREEN,5.6
6447,3,GREEN,9.6,4,GREEN,5.6
6448,3,GREEN,9.6,4,GREEN,5.6
6449,3,GREEN,9.5,4,GREEN,5.5
6450,3,GREEN,9.5,4,GREEN,5.5
6451,3,GREEN,9.5,4,GREEN,5.5
6452,3,GREEN,9.4,4,GREEN,5.4
6453,3,GREEN,9.4,4,GREEN,5.4
6454,3,GREEN,9.4,4,GREEN,5.4
6455,3,GREEN,9.3,4,GREEN,5.3
6456,3,GREEN,9.3,4,GREEN,5.3
6457,3,GREEN,9.3,4,GREEN,5.3
6458,3,GREEN,9.2,4,GREEN,5.2
6459,3,GREEN,9.2,4,GREEN,5.2
6460,3,GREEN,9.2,4,GREEN,5.2
6461,3,GREEN,9.1,4,GREEN,5.1
6462,3,GREEN,9.1,4,GREEN,5.1
6463,3,GREEN,9.1,4,GREEN,5.1
6464,3,GREEN,9.0,4,GREEN,5.0
6465,3,GREEN,9.0,4,GREEN,5.0
6466,3,GREEN,9.0,4,GREEN,5.0
6467,3,GREEN,8.9,4,GREEN,4.9
6468,3,GREEN,8.9,4,GREEN,4.9
6469,3,GREEN,8.9,4,GREEN,4.9
6470,3,GREEN,8.8,4,GREEN,4.8
6471,3,GREEN,8.8,4,GREEN,4.8
6472,3,GREEN,8.8,4,GREEN,4.8
6473,3,GREEN,8.7,4,GREEN,4.7
6474,3,GREEN,8.7,4,GREEN,4.7
6475,3,GREEN,8.7,4,GREEN,4.7
6476,3,GREEN,8.6,4,GREEN,4.6
6477,3,GREEN,8.6,4,GREEN,4.6
6478,3,GREEN,8.6,4,GREEN,4.6
6479,3,GREEN,8.5,4,GREEN,4.5
6480,3,GREEN,8.5,4,GREEN,4.5
6481,3,GREEN,8.5,4,GREEN,4.5
6482,3,GREEN,8.4,4,GREEN,4.4
6483,3,GREEN,8.4,4,GREEN,4.4
6484,3,GREEN,8.4,4,GREEN,4.4
6485,3,GREEN,8.3,4,GREEN,4.3
6486,3,GREEN,8.3,4,GREEN,4.3
6487,3,GREEN,8.3,4,GREEN,4.3
6488,3,GREEN,8.2,4,GREEN,4.2
6489,3,GREEN,8.2,4,GREEN,4.2
6490,3,GREEN,8.2,4,GREEN,4.2
6491,3,GREEN,8.1,4,GREEN,4.1
6492,3,GREEN,8.1,4,GREEN,4.1
6493,3,GREEN,8.1,4,GREEN,4.1
6494,3,GREEN,8.0,4,GREEN,4.0
6495,3,GREEN,8.0,4,GREEN,4.0
6496,3,GREEN,8.0,4,GREEN,4.0
6497,3,GREEN,7.9,4,GREEN,3.9
6498,3,GREEN,7.9,4,GREEN,3.9
6499,3,GREEN,7.9,4,GREEN,3.9
6500,3,GREEN,7.8,4,GREEN,3.8
6501,3,GREEN,7.8,4,GREEN,3.8
6502,3,GREEN,7.8,4,GREEN,3.8
6503,3,GREEN,7.7,4,GREEN,3.7
6504,3,GREEN,7.7,4,GREEN,3.7
6505,3,GREEN,7.7,4,GREEN,3.7
6506,3,GREEN,7.6,4,GREEN,3.6
6507,3,GREEN,7.6,4,GREEN,3.6
6508,3,GREEN,7.6,4,GREEN,3.6
6509,3,GREEN,7.5,4,GREEN,3.5
6510,3,GREEN,7.5,4,GREEN,3.5
6511,3,GREEN,7.5,4,GREEN,3.5
6512,3,GREEN,7.4,4,GREEN,3.4
6513,3,GREEN,7.4,4,GREEN,3.4
6514,3,GREEN,7.4,4,GREEN,3.4
6515,3,GREEN,7.3,4,GREEN,3.3
6516,3,GREEN,7.3,4,GREEN,3.3
6517,3,GREEN,7.3,4,GREEN,3.3
6518,3,GREEN,7.2,4,GREEN,3.2
6519,3,GREEN,7.2,4,GREEN,3.2
6520,3,GREEN,7.2,4,GREEN,3.2
6521,3,GREEN,7.1,4,GREEN,3.1
6522,3,GREEN,7.1,4,GREEN,3.1
6523,3,GREEN,7.1,4,GREEN,3.1
6524,3,GREEN,7.0,4,GREEN,3.0
6525,3,GREEN,7.0,4,GREEN,3.0
6526,3,GREEN,7.0,4,GREEN,3.0
6527,3,GREEN,6.9,4,GREEN,2.9
6528,3,GREEN,6.9,4,GREEN,2.9
6529,3,GREEN,6.9,4,GREEN,2.9
6530,3,GREEN,6.8,4,GREEN,2.8
6531,3,GREEN,6.8,4,GREEN,2.8
6532,3,GREEN,6.8,4,GREEN,2.8
6533,3,GREEN,6.7,4,GREEN,2.7
6534,3,GREEN,6.7,4,GREEN,2.7
6535,3,GREEN,6.7,4,GREEN,2.7
6536,3,GREEN,6.6,4,GREEN,2.6
6537,3,GREEN,6.6,4,GREEN,2.6
6538,3,GREEN,6.6,4,GREEN,2.6
6539,3,GREEN,6.5,4,GREEN,2.5
6540,3,GREEN,6.5,4,GREEN,2.5
6541,3,GREEN,6.5,4,GREEN,2.5
6542,3,GREEN,6.4,4,GREEN,2.4
6543,3,GREEN,6.4,4,GREEN,2.4
6544,3,GREEN,6.4,4,GREEN,2.4
6545,3,GREEN,6.3,4,GREEN,2.3
6546,3,GREEN,6.3,4,GREEN,2.3
6547,3,GREEN,6.3,4,GREEN,2.3
6548,3,GREEN,6.2,4,GREEN,2.2
6549,3,GREEN,6.2,4,GREEN,2.2
6550,3,GREEN,6.2,4,GREEN,2.2
6551,3,GREEN,6.1,4,GREEN,2.1
6552,3,GREEN,6.1,4,GREEN,2.1
6553,3,GREEN,6.1,4,GREEN,2.1
6554,3,GREEN,6.0,4,GREEN,2.0
6555,3,GREEN,6.0,4,GREEN,2.0
6556,3,GREEN,6.0,4,GREEN,2.0
6557,3,GREEN,5.9,4,GREEN,1.9
6558,3,GREEN,5.9,4,GREEN,1.9
6559,3,GREEN,5.9,4,GREEN,1.9
6560,3,GREEN,5.8,4,GREEN,1.8
6561,3,GREEN,5.8,4,GREEN,1.8
6562,3,GREEN,5.8,4,GREEN,1.8
6563,3,GREEN,5.7,4,GREEN,1.7
6564,3,GREEN,5.7,4,GREEN,1.7
6565,3,GREEN,5.7,4,GREEN,1.7
6566,3,GREEN,5.6,4,GREEN,1.6
6567,3,GREEN,5.6,4,GREEN,1.6
6568,3,GREEN,5.6,4,GREEN,1.6
6569,3,GREEN,5.5,4,GREEN,1.5
6570,3,GREEN,5.5,4,GREEN,1.5
6571,3,GREEN,5.5,4,GREEN,1.5
6572,3,GREEN,5.4,4,GREEN,1.4
6573,3,GREEN,5.4,4,GREEN,1.4
6574,3,GREEN,5.4,4,GREEN,1.4
6575,3,GREEN,5.3,4,GREEN,1.3
6576,3,GREEN,5.3,4,GREEN,1.3
6577,3,GREEN,5.3,4,GREEN,1.3
6578,3,GREEN,5.2,4,GREEN,1.2
6579,3,GREEN,5.2,4,GREEN,1.2
6580,3,GREEN,5.2,4,GREEN,1.2
6581,3,GREEN,5.1,4,GREEN,1.1
6582,3,GREEN,5.1,4,GREEN,1.1
6583,3,GREEN,5.1,4,GREEN,1.1
6584,3,GREEN,5.0,4,GREEN,1.0
6585,3,GREEN,5.0,4,GREEN,1.0
6586,3,GREEN,5.0,4,GREEN,1.0
6587,3,GREEN,4.9,4,GREEN,0.9
6588,3,GREEN,4.9,4,GREEN,0.9
6589,3,GREEN,4.9,4,GREEN,0.9
6590,3,GREEN,4.8,4,GREEN,0.8
6591,3,GREEN,4.8,4,GREEN,0.8
6592,3,GREEN,4.8,4,GREEN,0.8
6593,3,GREEN,4.7,4,GREEN,0.7
6594,3,GREEN,4.7,4,GREEN,0.7
6595,3,GREEN,4.7,4,GREEN,0.7
6596,3,GREEN,4.6,4,GREEN,0.6
6597,3,GREEN,4.6,4,GREEN,0.6
6598,3,GREEN,4.6,4,GREEN,0.6
6599,3,GREEN,4.5,4,GREEN,0.5
6600,3,GREEN,4.5,4,GREEN,0.5
6601,3,GREEN,4.5,4,GREEN,0.5
6602,3,GREEN,4.4,4,GREEN,0.4
6603,3,GREEN,4.4,4,GREEN,0.4
6604,3,GREEN,4.4,4,GREEN,0.4
6605,3,GREEN,4.3,4,GREEN,0.3
6606,3,GREEN,4.3,4,GREEN,0.3
6607,3,GREEN,4.3,4,GREEN,0.3
6608,3,GREEN,4.2,4,GREEN,0.2
6609,3,GREEN,4.2,4,GREEN,0.2
6610,3,GREEN,4.2,4,GREEN,0.2
6611,3,GREEN,4.1,4,GREEN,0.1
6612,3,GREEN,4.1,4,GREEN,0.1
6613,3,GREEN,4.1,4,GREEN,0.1
6614,3,GREEN,4.0,4,GREEN,0.0
6615,3,GREEN,4.0,4,YELLOW,0.0
6616,3,GREEN,4.0,4,YELLOW,3.0
6617,3,GREEN,3.9,4,YELLOW,2.9
6618,3,GREEN,3.9,4,YELLOW,2.9
6619,3,GREEN,3.9,4,YELLOW,2.9
6620,3,GREEN,3.8,4,YELLOW,2.8
6621,3,GREEN,3.8,4,YELLOW,2.8
6622,3,GREEN,3.8,4,YELLOW,2.8
6623,3,GREEN,3.7,4,YELLOW,2.7
6624,3,GREEN,3.7,4,YELLOW,2.7
6625,3,GREEN,3.7,4,YELLOW,2.7
6626,3,GREEN,3.6,4,YELLOW,2.6
6627,3,GREEN,3.6,4,YELLOW,2.6
6628,3,GREEN,3.6,4,YELLOW,2.6
6629,3,GREEN,3.5,4,YELLOW,2.5
6630,3,GREEN,3.5,4,YELLOW,2.5
6631,3,GREEN,3.5,4,YELLOW,2.5
6632,3,GREEN,3.4,4,YELLOW,2.4
6633,3,GREEN,3.4,4,YELLOW,2.4
6634,3,GREEN,3.4,4,YELLOW,2.4
6635,3,GREEN,3.3,4,YELLOW,2.3
6636,3,GREEN,3.3,4,YELLOW,2.3
6637,3,GREEN,3.3,4,YELLOW,2.3
6638,3,GREEN,3.2,4,YELLOW,2.2
6639,3,GREEN,3.2,4,YELLOW,2.2
6640,3,GREEN,3.2,4,YELLOW,2.2
6641,3,GREEN,3.1,4,YELLOW,2.1
6642,3,GREEN,3.1,4,YELLOW,2.1
6643,3,GREEN,3.1,4,YELLOW,2.1
6644,3,GREEN,3.0,4,YELLOW,2.0
6645,3,GREEN,3.0,4,YELLOW,2.0
6646,3,GREEN,3.0,4,YELLOW,2.0
6647,3,GREEN,2.9,4,YELLOW,1.9
6648,3,GREEN,2.9,4,YELLOW,1.9
6649,3,GREEN,2.9,4,YELLOW,1.9
6650,3,GREEN,2.8,4,YELLOW,1.8
6651,3,GREEN,2.8,4,YELLOW,1.8
6652,3,GREEN,2.8,4,YELLOW,1.8
6653,3,GREEN,2.7,4,YELLOW,1.7
6654,3,GREEN,2.7,4,YELLOW,1.7
6655,3,GREEN,2.7,4,YELLOW,1.7
6656,3,GREEN,2.6,4,YELLOW,1.6
6657,3,GREEN,2.6,4,YELLOW,1.6
6658,3,GREEN,2.6,4,YELLOW,1.6
6659,3,GREEN,2.5,4,YELLOW,1.5
6660,3,GREEN,2.5,4,YELLOW,1.5
6661,3,GREEN,2.5,4,YELLOW,1.5
6662,3,GREEN,2.4,4,YELLOW,1.4
6663,3,GREEN,2.4,4,YELLOW,1.4
6664,3,GREEN,2.4,4,YELLOW,1.4
6665,3,GREEN,2.3,4,YELLOW,1.3
6666,3,GREEN,2.3,4,YELLOW,1.3
6667,3,GREEN,2.3,4,YELLOW,1.3
6668,3,GREEN,2.2,4,YELLOW,1.2
6669,3,GREEN,2.2,4,YELLOW,1.2
6670,3,GREEN,2.2,4,YELLOW,1.2
6671,3,GREEN,2.1,4,YELLOW,1.1
6672,3,GREEN,2.1,4,YELLOW,1.1
6673,3,GREEN,2.1,4,YELLOW,1.1
6674,3,GREEN,2.0,4,YELLOW,1.0
6675,3,GREEN,2.0,4,YELLOW,1.0
6676,3,GREEN,2.0,4,YELLOW,1.0
6677,3,GREEN,1.9,4,YELLOW,0.9
6678,3,GREEN,1.9,4,YELLOW,0.9
6679,3,GREEN,1.9,4,YELLOW,0.9
6680,3,GREEN,1.8,4,YELLOW,0.8
6681,3,GREEN,1.8,4,YELLOW,0.8
6682,3,GREEN,1.8,4,YELLOW,0.8
6683,3,GREEN,1.7,4,YELLOW,0.7
6684,3,GREEN,1.7,4,YELLOW,0.7
6685,3,GREEN,1.7,4,YELLOW,0.7
6686,3,GREEN,1.6,4,YELLOW,0.6
6687,3,GREEN,1.6,4,YELLOW,0.6
6688,3,GREEN,1.6,4,YELLOW,0.6
6689,3,GREEN,1.5,4,YELLOW,0.5
6690,3,GREEN,1.5,4,YELLOW,0.5
6691,3,GREEN,1.5,4,YELLOW,0.5
6692,3,GREEN,1.4,4,YELLOW,0.4
6693,3,GREEN,1.4,4,YELLOW,0.4
6694,3,GREEN,1.4,4,YELLOW,0.4
6695,3,GREEN,1.3,4,YELLOW,0.3
6696,3,GREEN,1.3,4,YELLOW,0.3
6697,3,GREEN,1.3,4,YELLOW,0.3
6698,3,GREEN,1.2,4,YELLOW,0.2
6699,3,GREEN,1.2,4,YELLOW,0.2
6700,3,GREEN,1.2,4,YELLOW,0.2
6701,3,GREEN,1.1,4,YELLOW,0.1
6702,3,GREEN,1.1,4,YELLOW,0.1
6703,3,GREEN,1.1,4,YELLOW,0.1
6704,3,GREEN,1.0,4,YELLOW,0.0
6705,3,GREEN,1.0,5,GREEN,12.0
6706,3,GREEN,1.0,5,GREEN,15.0
6707,3,GREEN,0.9,5,GREEN,14.9
6708,3,GREEN,0.9,5,GREEN,14.9
6709,3,GREEN,0.9,5,GREEN,14.9
6710,3,GREEN,0.8,5,GREEN,14.8
6711,3,GREEN,0.8,5,GREEN,14.8
6712,3,GREEN,0.8,5,GREEN,14.8
6713,3,GREEN,0.7,5,GREEN,14.7
6714,3,GREEN,0.7,5,GREEN,14.7
6715,3,GREEN,0.7,5,GREEN,14.7
6716,3,GREEN,0.6,5,GREEN,14.6
6717,3,GREEN,0.6,5,GREEN,14.6
6718,3,GREEN,0.6,5,GREEN,14.6
6719,3,GREEN,0.5,5,GREEN,14.5
6720,3,GREEN,0.5,5,GREEN,14.5
6721,3,GREEN,0.5,5,GREEN,14.5
6722,3,GREEN,0.4,5,GREEN,14.4
6723,3,GREEN,0.4,5,GREEN,14.4
6724,3,GREEN,0.4,5,GREEN,14.4
6725,3,GREEN,0.3,5,GREEN,14.3
6726,3,GREEN,0.3,5,GREEN,14.3
6727,3,GREEN,0.3,5,GREEN,14.3
6728,3,GREEN,0.2,5,GREEN,14.2
6729,3,GREEN,0.2,5,GREEN,14.2
6730,3,GREEN,0.2,5,GREEN,14.2
6731,3,GREEN,0.1,5,GREEN,14.1
6732,3,GREEN,0.1,5,GREEN,14.1
6733,3,GREEN,0.1,5,GREEN,14.1
6734,3,GREEN,0.0,5,GREEN,14.0
6735,3,YELLOW,0.0,5,GREEN,14.0
6736,3,YELLOW,3.0,5,GREEN,14.0
6737,3,YELLOW,2.9,5,GREEN,13.9
6738,3,YELLOW,2.9,5,GREEN,13.9
6739,3,YELLOW,2.9,5,GREEN,13.9
6740,3,YELLOW,2.8,5,GREEN,13.8
6741,3,YELLOW,2.8,5,GREEN,13.8
6742,3,YELLOW,2.8,5,GREEN,13.8
6743,3,YELLOW,2.7,5,GREEN,13.7
6744,3,YELLOW,2.7,5,GREEN,13.7
6745,3,YELLOW,2.7,5,GREEN,13.7
6746,3,YELLOW,2.6,5,GREEN,13.6
6747,3,YELLOW,2.6,5,GREEN,13.6
6748,3,YELLOW,2.6,5,GREEN,13.6
6749,3,YELLOW,2.5,5,GREEN,13.5
6750,3,YELLOW,2.5,5,GREEN,13.5
6751,3,YELLOW,2.5,5,GREEN,13.5
6752,3,YELLOW,2.4,5,GREEN,13.4
6753,3,YELLOW,2.4,5,GREEN,13.4
6754,3,YELLOW,2.4,5,GREEN,13.4
6755,3,YELLOW,2.3,5,GREEN,13.3
6756,3,YELLOW,2.3,5,GREEN,13.3
6757,3,YELLOW,2.3,5,GREEN,13.3
6758,3,YELLOW,2.2,5,GREEN,13.2
6759,3,YELLOW,2.2,5,GREEN,13.2
6760,3,YELLOW,2.2,5,GREEN,13.2
6761,3,YELLOW,2.1,5,GREEN,13.1
6762,3,YELLOW,2.1,5,GREEN,13.1
6763,3,YELLOW,2.1,5,GREEN,13.1
6764,3,YELLOW,2.0,5,GREEN,13.0
6765,3,YELLOW,2.0,5,GREEN,13.0
6766,3,YELLOW,2.0,5,GREEN,13.0
6767,3,YELLOW,1.9,5,GREEN,12.9
6768,3,YELLOW,1.9,5,GREEN,12.9
6769,3,YELLOW,1.9,5,GREEN,12.9
6770,3,YELLOW,1.8,5,GREEN,12.8
6771,3,YELLOW,1.8,5,GREEN,12.8
6772,3,YELLOW,1.8,5,GREEN,12.8
6773,3,YELLOW,1.7,5,GREEN,12.7
6774,3,YELLOW,1.7,5,GREEN,12.7
6775,3,YELLOW,1.7,5,GREEN,12.7
6776,3,YELLOW,1.6,5,GREEN,12.6
6777,3,YELLOW,1.6,5,GREEN,12.6
6778,3,YELLOW,1.6,5,GREEN,12.6
6779,3,YELLOW,1.5,5,GREEN,12.5
6780,3,YELLOW,1.5,5,GREEN,12.5
6781,3,YELLOW,1.5,5,GREEN,12.5
6782,3,YELLOW,1.4,5,GREEN,12.4
6783,3,YELLOW,1.4,5,GREEN,12.4
6784,3,YELLOW,1.4,5,GREEN,12.4
6785,3,YELLOW,1.3,5,GREEN,12.3
6786,3,YELLOW,1.3,5,GREEN,12.3
6787,3,YELLOW,1.3,5,GREEN,12.3
6788,3,YELLOW,1.2,5,GREEN,12.2
6789,3,YELLOW,1.2,5,GREEN,12.2
6790,3,YELLOW,1.2,5,GREEN,12.2
6791,3,YELLOW,1.1,5,GREEN,12.1
6792,3,YELLOW,1.1,5,GREEN,12.1
6793,3,YELLOW,1.1,5,GREEN,12.1
6794,3,YELLOW,1.0,5,GREEN,12.0
6795,3,YELLOW,1.0,5,GREEN,12.0
6796,3,YELLOW,1.0,5,GREEN,12.0
6797,3,YELLOW,0.9,5,GREEN,11.9
6798,3,YELLOW,0.9,5,GREEN,11.9
6799,3,YELLOW,0.9,5,GREEN,11.9
6800,3,YELLOW,0.8,5,GREEN,11.8
6801,3,YELLOW,0.8,5,GREEN,11.8
6802,3,YELLOW,0.8,5,GREEN,11.8
6803,3,YELLOW,0.7,5,GREEN,11.7
6804,3,YELLOW,0.7,5,GREEN,11.7
6805,3,YELLOW,0.7,5,GREEN,11.7
6806,3,YELLOW,0.6,5,GREEN,11.6
6807,3,YELLOW,0.6,5,GREEN,11.6
6808,3,YELLOW,0.6,5,GREEN,11.6
6809,3,YELLOW,0.5,5,GREEN,11.5
6810,3,YELLOW,0.5,5,GREEN,11.5
6811,3,YELLOW,0.5,5,GREEN,11.5
6812,3,YELLOW,0.4,5,GREEN,11.4
6813,3,YELLOW,0.4,5,GREEN,11.4
6814,3,YELLOW,0.4,5,GREEN,11.4
6815,3,YELLOW,0.3,5,GREEN,11.3
6816,3,YELLOW,0.3,5,GREEN,11.3
6817,3,YELLOW,0.3,5,GREEN,11.3
6818,3,YELLOW,0.2,5,GREEN,11.2
6819,3,YELLOW,0.2,5,GREEN,11.2
6820,3,YELLOW,0.2,5,GREEN,11.2
6821,3,YELLOW,0.1,5,GREEN,11.1
6822,3,YELLOW,0.1,5,GREEN,11.1
6823,3,YELLOW,0.1,5,GREEN,11.1
6824,3,YELLOW,0.0,5,GREEN,11.0
6825,4,GREEN,27.0,5,GREEN,11.0
6826,4,GREEN,30.0,5,GREEN,11.0
6827,4,GREEN,29.9,5,GREEN,10.9
6828,4,GREEN,29.9,5,GREEN,10.9
6829,4,GREEN,29.9,5,GREEN,10.9
6830,4,GREEN,29.8,5,GREEN,10.8
6831,4,GREEN,29.8,5,GREEN,10.8
6832,4,GREEN,29.8,5,GREEN,10.8
6833,4,GREEN,29.7,5,GREEN,10.7
6834,4,GREEN,29.7,5,GREEN,10.7
6835,4,GREEN,29.7,5,GREEN,10.7
6836,4,GREEN,29.6,5,GREEN,10.6
6837,4,GREEN,29.6,5,GREEN,10.6
6838,4,GREEN,29.6,5,GREEN,10.6
6839,4,GREEN,29.5,5,GREEN,10.5
6840,4,GREEN,29.5,5,GREEN,10.5
6841,4,GREEN,29.5,5,GREEN,10.5
6842,4,GREEN,29.4,5,GREEN,10.4
6843,4,GREEN,29.4,5,GREEN,10.4
6844,4,GREEN,29.4,5,GREEN,10.4
6845,4,GREEN,29.3,5,GREEN,10.3
6846,4,GREEN,29.3,5,GREEN,10.3
6847,4,GREEN,29.3,5,GREEN,10.3
6848,4,GREEN,29.2,5,GREEN,10.2
6849,4,GREEN,29.2,5,GREEN,10.2
6850,4,GREEN,29.2,5,GREEN,10.2
6851,4,GREEN,29.1,5,GREEN,10.1
6852,4,GREEN,29.1,5,GREEN,10.1
6853,4,GREEN,29.1,5,GREEN,10.1
6854,4,GREEN,29.0,5,GREEN,10.0
6855,4,GREEN,29.0,5,GREEN,10.0
6856,4,GREEN,29.0,5,GREEN,10.0
6857,4,GREEN,28.9,5,GREEN,9.9
6858,4,GREEN,28.9,5,GREEN,9.9
6859,4,GREEN,28.9,5,GREEN,9.9
6860,4,GREEN,28.8,5,GREEN,9.8
6861,4,GREEN,28.8,5,GREEN,9.8
6862,4,GREEN,28.8,5,GREEN,9.8
6863,4,GREEN,28.7,5,GREEN,9.7
6864,4,GREEN,28.7,5,GREEN,9.7
6865,4,GREEN,28.7,5,GREEN,9.7
6866,4,GREEN,28.6,5,GREEN,9.6
6867,4,GREEN,28.6,5,GREEN,9.6
6868,4,GREEN,28.6,5,GREEN,9.6
6869,4,GREEN,28.5,5,GREEN,9.5
6870,4,GREEN,28.5,5,GREEN,9.5
6871,4,GREEN,28.5,5,GREEN,9.5
6872,4,GREEN,28.4,5,GREEN,9.4
6873,4,GREEN,28.4,5,GREEN,9.4
6874,4,GREEN,28.4,5,GREEN,9.4
6875,4,GREEN,28.3,5,GREEN,9.3
6876,4,GREEN,28.3,5,GREEN,9.3
6877,4,GREEN,28.3,5,GREEN,9.3
6878,4,GREEN,28.2,5,GREEN,9.2
6879,4,GREEN,28.2,5,GREEN,9.2
6880,4,GREEN,28.2,5,GREEN,9.2
6881,4,GREEN,28.1,5,GREEN,9.1
6882,4,GREEN,28.1,5,GREEN,9.1
6883,4,GREEN,28.1,5,GREEN,9.1
6884,4,GREEN,28.0,5,GREEN,9.0
6885,4,GREEN,28.0,5,GREEN,9.0
6886,4,GREEN,28.0,5,GREEN,9.0
6887,4,GREEN,27.9,5,GREEN,8.9
6888,4,GREEN,27.9,5,GREEN,8.9
6889,4,GREEN,27.9,5,GREEN,8.9
6890,4,GREEN,27.8,5,GREEN,8.8
6891,4,GREEN,27.8,5,GREEN,8.8
6892,4,GREEN,27.8,5,GREEN,8.8
6893,4,GREEN,27.7,5,GREEN,8.7
6894,4,GREEN,27.7,5,GREEN,8.7
6895,4,GREEN,27.7,5,GREEN,8.7
6896,4,GREEN,27.6,5,GREEN,8.6
6897,4,GREEN,27.6,5,GREEN,8.6
6898,4,GREEN,27.6,5,GREEN,8.6
6899,4,GREEN,27.5,5,GREEN,8.5
6900,4,GREEN,27.5,5,GREEN,8.5
6901,4,GREEN,27.5,5,GREEN,8.5
6902,4,GREEN,27.4,5,GREEN,8.4
6903,4,GREEN,27.4,5,GREEN,8.4
6904,4,GREEN,27.4,5,GREEN,8.4
6905,4,GREEN,27.3,5,GREEN,8.3
6906,4,GREEN,27.3,5,GREEN,8.3
6907,4,GREEN,27.3,5,GREEN,8.3
6908,4,GREEN,27.2,5,GREEN,8.2
6909,4,GREEN,27.2,5,GREEN,8.2
6910,4,GREEN,27.2,5,GREEN,8.2
6911,4,GREEN,27.1,5,GREEN,8.1
6912,4,GREEN,27.1,5,GREEN,8.1
6913,4,GREEN,27.1,5,GREEN,8.1
6914,4,GREEN,27.0,5,GREEN,8.0
6915,4,GREEN,27.0,5,GREEN,8.0
6916,4,GREEN,27.0,5,GREEN,8.0
6917,4,GREEN,26.9,5,GREEN,7.9
6918,4,GREEN,26.9,5,GREEN,7.9
6919,4,GREEN,26.9,5,GREEN,7.9
6920,4,GREEN,26.8,5,GREEN,7.8
6921,4,GREEN,26.8,5,GREEN,7.8
6922,4,GREEN,26.8,5,GREEN,7.8
6923,4,GREEN,26.7,5,GREEN,7.7
6924,4,GREEN,26.7,5,GREEN,7.7
6925,4,GREEN,26.7,5,GREEN,7.7
6926,4,GREEN,26.6,5,GREEN,7.6
6927,4,GREEN,26.6,5,GREEN,7.6
6928,4,GREEN,26.6,5,GREEN,7.6
6929,4,GREEN,26.5,5,GREEN,7.5
6930,4,GREEN,26.5,5,GREEN,7.5
6931,4,GREEN,26.5,5,GREEN,7.5
6932,4,GREEN,26.4,5,GREEN,7.4
6933,4,GREEN,26.4,5,GREEN,7.4
6934,4,GREEN,26.4,5,GREEN,7.4
6935,4,GREEN,26.3,5,GREEN,7.3
6936,4,GREEN,26.3,5,GREEN,7.3
6937,4,GREEN,26.3,5,GREEN,7.3
6938,4,GREEN,26.2,5,GREEN,7.2
6939,4,GREEN,26.2,5,GREEN,7.2
6940,4,GREEN,26.2,5,GREEN,7.2
6941,4,GREEN,26.1,5,GREEN,7.1
6942,4,GREEN,26.1,5,GREEN,7.1
6943,4,GREEN,26.1,5,GREEN,7.1
6944,4,GREEN,26.0,5,GREEN,7.0
6945,4,GREEN,26.0,5,GREEN,7.0
6946,4,GREEN,26.0,5,GREEN,7.0
6947,4,GREEN,25.9,5,GREEN,6.9
6948,4,GREEN,25.9,5,GREEN,6.9
6949,4,GREEN,25.9,5,GREEN,6.9
6950,4,GREEN,25.8,5,GREEN,6.8
6951,4,GREEN,25.8,5,GREEN,6.8
6952,4,GREEN,25.8,5,GREEN,6.8
6953,4,GREEN,25.7,5,GREEN,6.7
6954,4,GREEN,25.7,5,GREEN,6.7
6955,4,GREEN,25.7,5,GREEN,6.7
6956,4,GREEN,25.6,5,GREEN,6.6
6957,4,GREEN,25.6,5,GREEN,6.6
6958,4,GREEN,25.6,5,GREEN,6.6
6959,4,GREEN,25.5,5,GREEN,6.5
6960,4,GREEN,25.5,5,GREEN,6.5
6961,4,GREEN,25.5,5,GREEN,6.5
6962,4,GREEN,25.4,5,GREEN,6.4
6963,4,GREEN,25.4,5,GREEN,6.4
6964,4,GREEN,25.4,5,GREEN,6.4
6965,4,GREEN,25.3,5,GREEN,6.3
6966,4,GREEN,25.3,5,GREEN,6.3
6967,4,GREEN,25.3,5,GREEN,6.3
6968,4,GREEN,25.2,5,GREEN,6.2
6969,4,GREEN,25.2,5,GREEN,6.2
6970,4,GREEN,25.2,5,GREEN,6.2
6971,4,GREEN,25.1,5,GREEN,6.1
6972,4,GREEN,25.1,5,GREEN,6.1
6973,4,GREEN,25.1,5,GREEN,6.1
6974,4,GREEN,25.0,5,GREEN,6.0
6975,4,GREEN,25.0,5,GREEN,6.0
6976,4,GREEN,25.0,5,GREEN,6.0
6977,4,GREEN,24.9,5,GREEN,5.9
6978,4,GREEN,24.9,5,GREEN,5.9
6979,4,GREEN,24.9,5,GREEN,5.9
6980,4,GREEN,24.8,5,GREEN,5.8
6981,4,GREEN,24.8,5,GREEN,5.8
6982,4,GREEN,24.8,5,GREEN,5.8
6983,4,GREEN,24.7,5,GREEN,5.7
6984,4,GREEN,24.7,5,GREEN,5.7
6985,4,GREEN,24.7,5,GREEN,5.7
6986,4,GREEN,24.6,5,GREEN,5.6
6987,4,GREEN,24.6,5,GREEN,5.6
6988,4,GREEN,24.6,5,GREEN,5.6
6989,4,GREEN,24.5,5,GREEN,5.5
6990,4,GREEN,24.5,5,GREEN,5.5
6991,4,GREEN,24.5,5,GREEN,5.5
6992,4,GREEN,24.4,5,GREEN,5.4
6993,4,GREEN,24.4,5,GREEN,5.4
6994,4,GREEN,24.4,5,GREEN,5.4
6995,4,GREEN,24.3,5,GREEN,5.3
6996,4,GREEN,24.3,5,GREEN,5.3
6997,4,GREEN,24.3,5,GREEN,5.3
6998,4,GREEN,24.2,5,GREEN,5.2
6999,4,GREEN,24.2,5,GREEN,5.2
7000,4,GREEN,24.2,5,GREEN,5.2
7001,4,GREEN,24.1,5,GREEN,5.1
7002,4,GREEN,24.1,5,GREEN,5.1
7003,4,GREEN,24.1,5,GREEN,5.1
7004,4,GREEN,24.0,5,GREEN,5.0
7005,4,GREEN,24.0,5,GREEN,5.0
7006,4,GREEN,24.0,5,GREEN,5.0
7007,4,GREEN,23.9,5,GREEN,4.9
7008,4,GREEN,23.9,5,GREEN,4.9
7009,4,GREEN,23.9,5,GREEN,4.9
7010,4,GREEN,23.8,5,GREEN,4.8
7011,4,GREEN,23.8,5,GREEN,4.8
7012,4,GREEN,23.8,5,GREEN,4.8
7013,4,GREEN,23.7,5,GREEN,4.7
7014,4,GREEN,23.7,5,GREEN,4.7
7015,4,GREEN,23.7,5,GREEN,4.7
7016,4,GREEN,23.6,5,GREEN,4.6
7017,4,GREEN,23.6,5,GREEN,4.6
7018,4,GREEN,23.6,5,GREEN,4.6
7019,4,GREEN,23.5,5,GREEN,4.5
7020,4,GREEN,23.5,5,GREEN,4.5
7021,4,GREEN,23.5,5,GREEN,4.5
7022,4,GREEN,23.4,5,GREEN,4.4
7023,4,GREEN,23.4,5,GREEN,4.4
7024,4,GREEN,23.4,5,GREEN,4.4
7025,4,GREEN,23.3,5,GREEN,4.3
7026,4,GREEN,23.3,5,GREEN,4.3
7027,4,GREEN,23.3,5,GREEN,4.3
7028,4,GREEN,23.2,5,GREEN,4.2
7029,4,GREEN,23.2,5,GREEN,4.2
7030,4,GREEN,23.2,5,GREEN,4.2
7031,4,GREEN,23.1,5,GREEN,4.1
7032,4,GREEN,23.1,5,GREEN,4.1
7033,4,GREEN,23.1,5,GREEN,4.1
7034,4,GREEN,23.0,5,GREEN,4.0
7035,4,GREEN,23.0,5,GREEN,4.0
7036,4,GREEN,23.0,5,GREEN,4.0
7037,4,GREEN,22.9,5,GREEN,3.9
7038,4,GREEN,22.9,5,GREEN,3.9
7039,4,GREEN,22.9,5,GREEN,3.9
7040,4,GREEN,22.8,5,GREEN,3.8
7041,4,GREEN,22.8,5,GREEN,3.8
7042,4,GREEN,22.8,5,GREEN,3.8
7043,4,GREEN,22.7,5,GREEN,3.7
7044,4,GREEN,22.7,5,GREEN,3.7
7045,4,GREEN,22.7,5,GREEN,3.7
7046,4,GREEN,22.6,5,GREEN,3.6
7047,4,GREEN,22.6,5,GREEN,3.6
7048,4,GREEN,22.6,5,GREEN,3.6
7049,4,GREEN,22.5,5,GREEN,3.5
7050,4,GREEN,22.5,5,GREEN,3.5
7051,4,GREEN,22.5,5,GREEN,3.5
7052,4,GREEN,22.4,5,GREEN,3.4
7053,4,GREEN,22.4,5,GREEN,3.4
7054,4,GREEN,22.4,5,GREEN,3.4
7055,4,GREEN,22.3,5,GREEN,3.3
7056,4,GREEN,22.3,5,GREEN,3.3
7057,4,GREEN,22.3,5,GREEN,3.3
7058,4,GREEN,22.2,5,GREEN,3.2
7059,4,GREEN,22.2,5,GREEN,3.2
7060,4,GREEN,22.2,5,GREEN,3.2
7061,4,GREEN,22.1,5,GREEN,3.1
7062,4,GREEN,22.1,5,GREEN,3.1
7063,4,GREEN,22.1,5,GREEN,3.1
7064,4,GREEN,22.0,5,GREEN,3.0
7065,4,GREEN,22.0,5,GREEN,3.0
7066,4,GREEN,22.0,5,GREEN,3.0
7067,4,GREEN,21.9,5,GREEN,2.9
7068,4,GREEN,21.9,5,GREEN,2.9
7069,4,GREEN,21.9,5,GREEN,2.9
7070,4,GREEN,21.8,5,GREEN,2.8
7071,4,GREEN,21.8,5,GREEN,2.8
7072,4,GREEN,21.8,5,GREEN,2.8
7073,4,GREEN,21.7,5,GREEN,2.7
7074,4,GREEN,21.7,5,GREEN,2.7
7075,4,GREEN,21.7,5,GREEN,2.7
7076,4,GREEN,21.6,5,GREEN,2.6
7077,4,GREEN,21.6,5,GREEN,2.6
7078,4,GREEN,21.6,5,GREEN,2.6
7079,4,GREEN,21.5,5,GREEN,2.5
7080,4,GREEN,21.5,5,GREEN,2.5
7081,4,GREEN,21.5,5,GREEN,2.5
7082,4,GREEN,21.4,5,GREEN,2.4
7083,4,GREEN,21.4,5,GREEN,2.4
7084,4,GREEN,21.4,5,GREEN,2.4
7085,4,GREEN,21.3,5,GREEN,2.3
7086,4,GREEN,21.3,5,GREEN,2.3
7087,4,GREEN,21.3,5,GREEN,2.3
7088,4,GREEN,21.2,5,GREEN,2.2
7089,4,GREEN,21.2,5,GREEN,2.2
7090,4,GREEN,21.2,5,GREEN,2.2
7091,4,GREEN,21.1,5,GREEN,2.1
7092,4,GREEN,21.1,5,GREEN,2.1
7093,4,GREEN,21.1,5,GREEN,2.1
7094,4,GREEN,21.0,5,GREEN,2.0
