frame,North_Straight,North_Left,South_Straight,South_Left,East_Straight,East_Left,West_Straight,West_Left,Center
46,0,0,0,0,1,2,0,1,0
47,0,0,0,0,1,2,0,1,0
48,0,0,0,0,3,2,0,3,0
49,0,0,0,0,1,1,0,1,0
50,0,0,0,0,1,1,0,1,0
51,0,0,0,0,2,2,0,3,0
52,0,0,0,0,3,2,0,3,0
53,0,0,0,0,3,3,0,3,0
54,1,0,0,0,5,3,2,5,1
55,1,0,0,0,5,3,2,5,1
56,1,0,0,0,6,6,4,5,1
57,1,0,0,0,6,7,5,5,1
58,0,0,0,0,6,7,4,5,1
59,0,1,0,0,8,9,6,6,2
60,0,1,0,0,8,9,6,6,2
61,0,2,0,1,10,9,11,6,4
62,0,2,0,1,10,9,11,6,4
63,0,2,0,2,10,9,9,6,4
64,0,2,0,2,11,10,9,6,4
65,0,2,0,2,11,10,9,6,4
66,0,2,0,2,11,10,9,6,5
67,0,2,0,2,11,10,9,6,5
68,0,2,0,2,11,10,9,6,5
69,0,2,0,2,11,10,9,6,6
70,0,2,0,2,11,10,9,6,6
71,1,3,0,2,11,10,9,6,5
72,1,3,0,2,11,10,9,6,5
73,1,3,0,2,11,10,9,6,5
74,1,3,1,2,11,10,9,6,5
75,1,3,1,2,11,10,9,6,5
76,1,4,1,2,11,10,9,6,4
77,1,4,1,2,11,10,9,6,4
78,1,4,1,2,11,9,10,6,3
79,1,3,1,2,11,9,10,6,3
80,1,3,1,2,11,9,10,6,2
81,1,3,2,2,11,9,10,6,2
82,1,3,2,2,11,9,10,6,2
83,1,4,2,2,11,9,10,6,2
84,1,4,2,2,11,9,10,6,2
85,1,4,2,2,11,9,10,6,2
86,1,4,1,2,11,9,10,6,2
87,1,4,1,2,11,9,10,6,2
88,1,3,1,2,10,9,10,6,3
89,1,3,1,2,10,9,10,6,3
90,1,3,1,2,10,9,10,6,3
91,1,3,0,2,10,9,10,6,3
92,1,3,0,2,10,9,10,6,3
93,1,3,0,2,10,9,10,6,4
94,1,3,0,2,10,9,10,6,4
95,1,4,0,2,10,9,10,6,4
96,0,4,0,2,10,9,10,6,5
97,0,4,0,2,10,9,10,6,5
98,0,4,0,2,10,9,9,6,4
99,0,4,0,2,10,9,9,6,4
100,0,4,0,2,10,9,9,6,4
101,0,4,1,2,10,9,10,6,5
102,0,4,1,2,10,9,10,6,5
103,0,4,1,2,10,9,9,6,5
104,0,4,1,2,10,9,9,6,5
105,0,4,1,2,10,9,9,6,5
106,0,4,1,2,10,9,8,6,5
107,0,4,1,2,10,9,8,6,5
108,0,4,1,2,10,10,8,6,5
109,1,4,1,2,10,10,8,6,5
110,1,4,1,2,10,10,8,6,5
111,2,4,1,2,10,9,8,6,5
112,2,4,1,2,10,9,8,6,5
113,2,4,0,2,10,10,8,6,5
114,2,4,0,2,10,10,8,6,5
115,2,4,0,2,10,10,8,6,5
116,2,4,0,2,10,10,8,6,6
117,2,4,0,2,10,10,8,6,6
118,2,4,0,2,10,10,8,6,6
119,3,4,0,2,10,10,8,6,6
120,3,4,0,2,10,10,8,6,6
121,3,4,0,2,10,10,9,6,6
122,3,4,0,2,10,10,9,6,6
123,2,4,0,2,10,10,9,6,6
124,2,4,0,2,10,10,9,6,6
125,2,4,0,2,10,10,9,6,6
126,1,4,0,2,10,10,8,6,5
127,1,4,0,2,10,10,8,6,5
128,1,4,0,2,10,10,8,6,4
129,1,4,0,2,10,10,9,6,4
130,1,4,0,2,10,10,9,6,4
131,1,4,1,2,10,10,8,6,4
132,1,4,1,2,10,10,8,6,4
133,1,4,1,2,10,10,9,6,5
134,1,4,1,2,10,10,9,6,5
135,1,4,1,2,10,10,10,6,5
136,1,4,1,2,10,10,9,6,5
137,1,4,1,2,10,10,9,6,5
138,1,4,1,2,10,10,10,6,5
139,1,4,1,2,10,10,10,6,5
140,1,4,1,2,10,10,10,6,5
141,1,4,1,2,10,10,9,6,5
142,1,4,1,2,10,10,9,6,5
143,1,4,0,2,10,10,8,6,4
144,1,4,0,2,10,10,8,6,4
145,1,4,0,2,10,10,8,6,4
146,2,4,1,2,10,10,8,6,6
147,2,4,1,2,10,10,8,6,6
148,0,4,1,2,10,10,8,6,6
149,1,4,1,2,10,10,8,6,6
150,1,4,1,2,10,10,8,6,6
151,1,4,1,2,10,10,8,6,6
152,1,4,1,2,10,10,8,6,6
153,1,4,1,2,10,10,9,6,7
154,1,4,1,2,10,10,9,6,7
155,1,4,1,2,10,10,9,6,7
156,1,4,1,2,10,10,9,6,6
157,1,4,1,2,10,10,9,6,6
158,1,4,0,2,10,10,9,6,6
159,1,4,0,2,10,10,9,6,6
160,1,4,0,2,10,10,9,6,7
161,1,4,0,2,10,10,9,6,7
162,1,4,0,2,10,10,9,6,7
163,0,4,0,2,10,10,9,6,7
164,0,4,0,2,10,10,9,6,7
165,0,4,0,2,10,10,9,6,7
166,0,4,0,2,10,9,9,6,7
167,0,4,0,2,10,10,9,6,7
168,0,4,0,2,10,10,9,6,8
169,0,4,0,2,10,10,9,6,8
170,0,4,0,2,10,10,9,6,8
171,0,4,0,2,9,11,9,6,8
172,0,4,0,2,9,11,9,6,8
173,0,4,0,2,9,10,9,6,7
174,1,4,1,2,9,10,9,6,7
175,1,4,1,2,9,10,9,6,6
176,1,4,1,2,9,10,9,6,6
177,1,4,1,2,9,10,9,6,6
178,1,4,1,2,9,10,9,6,7
179,1,4,1,2,9,10,9,6,7
180,1,4,1,2,9,10,9,6,6
181,2,4,1,2,9,10,9,6,6
182,2,4,1,2,9,10,9,6,6
183,2,4,0,2,9,10,8,6,6
184,2,4,0,2,9,10,8,6,6
185,2,4,0,2,9,10,8,6,6
186,1,4,0,2,9,10,8,6,5
187,1,4,0,2,9,10,8,6,5
188,1,4,0,2,9,10,8,6,5
189,1,4,0,2,9,10,8,6,5
190,1,4,0,2,9,10,9,6,5
191,1,4,0,2,9,10,10,6,6
192,1,4,0,2,9,10,10,6,5
193,0,4,0,2,9,10,9,6,6
194,0,4,0,2,9,10,9,6,6
195,0,4,0,2,9,10,9,6,5
196,0,4,0,2,9,10,9,6,5
197,0,4,0,2,9,10,9,6,5
198,0,4,0,2,9,10,9,6,6
199,0,4,0,2,9,10,9,6,6
200,0,4,0,2,9,10,10,6,6
201,0,4,0,2,9,10,9,6,5
202,0,4,0,2,9,10,9,6,5
203,0,4,0,2,9,10,9,6,5
204,0,4,0,2,9,10,9,6,5
205,0,4,0,2,9,10,9,6,5
206,0,4,0,2,9,10,10,6,5
207,0,4,0,2,9,10,10,6,5
208,0,4,0,2,9,10,9,6,5
209,1,4,0,2,9,10,9,6,5
210,1,4,0,2,9,10,9,6,5
211,3,4,0,2,9,10,9,6,5
212,3,4,0,2,9,10,9,6,5
213,3,4,0,2,9,10,9,6,5
214,3,4,0,2,9,10,9,6,5
215,3,4,0,2,9,10,10,6,5
216,3,4,0,2,9,10,10,6,5
217,3,4,0,2,9,10,10,6,5
218,3,4,0,2,9,10,10,6,4
219,3,4,0,2,9,10,10,6,4
220,3,4,0,2,9,10,10,6,4
221,3,4,0,2,9,10,10,6,4
222,3,4,0,2,9,10,10,6,4
223,1,4,0,2,9,10,10,6,3
224,1,4,0,2,9,10,10,6,3
225,1,4,0,2,9,10,10,6,3
226,1,4,0,2,9,10,8,6,2
227,1,4,0,2,9,10,8,6,2
228,0,4,0,2,9,10,9,6,4
229,0,4,0,2,9,10,8,6,4
230,0,4,0,2,9,10,8,6,4
231,0,4,0,2,9,9,8,6,4
232,0,4,0,2,9,9,8,6,4
233,0,4,0,2,9,9,8,6,4
234,1,4,0,2,9,9,8,6,4
235,1,4,0,2,9,9,8,6,4
236,2,4,0,2,9,9,8,6,4
237,2,4,0,2,9,9,8,6,4
238,2,4,0,2,9,9,8,6,5
239,2,4,0,2,9,10,8,6,5
240,2,4,0,2,9,9,8,6,5
241,2,4,0,2,9,9,9,6,5
242,2,4,0,2,9,9,9,6,5
243,2,4,0,2,9,9,9,6,5
244,2,4,0,2,9,9,9,6,5
245,2,4,0,2,9,9,9,6,5
246,2,4,0,2,9,9,9,6,5
247,2,4,0,2,9,9,9,6,5
248,1,4,0,2,9,9,9,6,3
249,2,4,0,2,9,9,9,6,3
250,2,4,0,2,9,9,9,6,3
251,2,4,0,2,9,9,9,6,3
252,2,4,0,2,9,9,9,6,3
253,2,4,0,2,9,9,9,6,4
254,2,4,0,2,9,9,9,6,4
255,2,4,0,2,9,9,9,6,4
256,1,4,0,2,9,9,9,6,4
257,1,4,0,2,9,9,9,6,4
258,1,3,0,2,8,10,9,6,4
259,1,3,0,2,8,10,9,6,4
260,1,3,0,2,8,10,9,6,4
261,1,3,0,2,8,10,11,6,4
262,1,3,0,2,8,10,11,6,4
263,0,3,0,2,8,10,11,6,5
264,0,3,0,2,8,10,11,6,5
265,0,3,0,2,8,10,11,6,5
266,0,3,1,2,8,10,11,6,5
267,0,3,1,2,8,10,11,6,5
268,0,3,1,2,8,10,11,6,6
269,1,3,1,2,8,10,11,6,6
270,1,3,1,2,8,10,11,6,6
271,1,2,1,2,8,10,11,6,6
272,1,2,1,2,8,10,11,6,6
273,1,2,1,2,8,10,11,6,7
274,1,2,1,2,8,10,11,6,7
275,1,2,1,2,8,10,11,6,7
276,1,2,1,2,9,10,11,6,6
277,1,2,1,2,9,10,11,6,6
278,1,2,1,2,9,10,10,6,6
279,1,2,1,2,9,10,10,6,6
280,1,2,1,2,9,10,10,6,6
281,1,2,1,2,9,10,10,6,6
282,1,2,1,2,9,10,10,6,6
283,1,2,1,2,9,10,10,6,6
284,1,2,1,2,9,10,10,6,6
285,1,2,1,2,9,10,10,6,6
286,1,2,2,2,9,10,9,6,5
287,1,2,1,2,9,10,9,6,5
288,1,2,2,2,9,10,10,6,5
289,1,2,2,2,9,10,10,6,5
290,1,2,2,2,9,10,11,6,5
291,0,2,1,2,9,10,11,6,5
292,0,2,1,2,9,10,11,6,5
293,0,2,2,2,9,10,9,6,6
294,0,2,2,2,9,10,9,6,6
295,0,2,2,2,9,10,9,6,6
296,0,2,2,2,9,10,9,6,6
297,0,2,2,2,9,10,9,6,6
298,0,2,2,2,9,10,9,6,7
299,1,2,2,2,9,10,9,6,7
300,1,2,2,2,9,10,10,6,7
301,1,2,1,2,9,10,10,6,7
302,1,2,1,2,9,10,10,6,7
303,1,2,1,2,9,10,9,6,6
304,1,2,1,2,9,10,9,6,6
305,1,2,1,2,9,10,9,6,6
306,2,1,2,2,9,10,10,6,7
307,2,1,2,2,9,10,10,6,7
308,2,1,2,2,9,10,9,6,6
309,2,1,2,2,9,10,9,6,6
310,2,2,2,2,9,10,9,6,6
311,2,2,2,2,9,10,10,6,6
312,2,2,2,2,9,10,10,6,6
313,2,2,1,2,9,10,10,6,7
314,2,2,1,2,9,10,10,6,7
315,2,2,1,2,9,10,10,6,7
316,1,2,1,2,9,10,10,6,6
317,1,2,1,2,9,10,10,6,6
318,0,2,1,2,9,10,11,6,6
319,0,2,1,2,9,10,11,6,6
320,0,2,2,2,9,10,11,6,6
321,0,2,1,2,8,10,11,6,6
322,0,2,1,2,9,10,11,6,6
323,0,2,2,2,8,10,10,6,6
324,0,2,2,2,8,10,10,6,6
325,0,2,2,2,8,10,10,6,6
326,0,2,1,2,8,10,11,6,6
327,0,2,1,2,8,10,11,6,6
328,0,2,1,2,8,11,10,6,6
329,0,2,1,2,8,11,10,6,6
330,0,2,1,2,8,11,10,6,6
331,1,2,1,2,8,11,10,6,6
332,1,2,1,2,8,11,10,6,6
333,1,2,1,2,8,10,10,6,6
334,2,3,1,2,8,10,10,6,6
335,2,3,1,2,8,10,10,6,6
336,2,3,1,2,8,11,10,6,5
337,2,3,2,2,8,11,10,6,5
338,2,3,2,2,8,10,10,6,5
339,2,3,2,2,8,10,10,6,5
340,2,3,2,2,8,10,10,6,5
341,2,2,2,2,8,11,10,6,5
342,2,2,2,2,8,11,10,6,5
343,1,1,1,2,8,10,11,6,5
344,1,1,1,2,8,10,11,6,5
345,1,1,1,2,8,10,11,6,5
346,1,1,1,2,8,11,10,6,6
347,1,1,1,2,8,11,10,6,6
348,1,1,1,2,8,11,11,6,6
349,1,1,1,2,8,11,11,6,6
350,1,1,1,2,8,11,11,6,6
351,0,0,1,2,8,11,10,6,7
352,0,0,1,2,8,11,10,6,7
353,0,0,1,2,8,10,9,6,7
354,0,1,1,2,8,10,9,6,7
355,0,1,1,2,8,10,9,6,7
356,0,1,1,2,8,10,9,6,7
357,0,1,1,2,8,10,9,6,7
358,0,1,1,2,8,10,9,6,8
359,1,1,1,2,8,10,9,6,8
360,1,1,1,2,8,10,9,6,8
361,1,1,1,2,8,10,9,6,9
362,1,2,1,2,8,10,9,6,9
363,1,2,1,2,8,10,9,6,8
364,1,2,1,2,8,10,9,6,8
365,1,2,1,2,8,10,9,6,8
366,1,2,1,2,8,10,9,6,8
367,1,2,1,2,8,10,9,6,8
368,1,2,1,2,8,10,9,6,8
369,1,2,1,2,8,10,9,6,8
370,1,2,1,2,8,10,9,6,8
371,0,2,1,2,9,10,9,6,7
372,0,2,1,2,9,10,9,6,7
373,0,2,1,2,8,10,9,6,6
374,1,2,1,2,8,10,9,6,6
375,1,2,1,2,8,10,9,6,6
376,1,2,1,2,7,11,9,6,7
377,1,2,1,2,7,11,9,6,7
378,1,2,2,2,7,10,9,6,7
379,1,2,2,2,7,10,9,6,7
380,1,2,2,2,7,10,9,6,7
381,1,1,2,2,8,10,9,6,7
382,1,1,2,2,8,10,9,6,7
383,1,1,2,2,8,9,9,6,7
384,1,1,2,2,8,10,9,6,7
385,1,1,2,2,8,9,9,6,7
386,1,0,2,2,8,10,9,6,6
387,1,0,2,2,8,10,9,6,6
388,1,0,2,2,8,10,9,6,6
389,1,0,2,2,8,10,9,6,6
390,1,0,2,2,8,10,9,6,6
391,1,0,2,2,8,10,9,6,6
392,1,0,2,2,8,10,9,6,6
393,0,0,2,2,8,10,9,6,6
394,0,0,2,2,8,10,9,6,6
395,0,0,2,2,8,10,9,6,6
396,0,1,2,2,8,10,9,6,6
397,0,1,2,2,8,10,9,6,6
398,0,1,2,2,8,10,9,6,6
399,0,1,2,2,8,10,9,6,6
400,0,1,2,2,8,10,9,6,6
401,0,2,2,2,8,10,9,6,7
402,0,2,2,2,8,10,9,6,7
403,0,2,2,2,8,10,9,6,7
404,0,2,2,2,8,10,9,6,7
405,0,2,2,2,8,10,9,6,7
406,0,2,2,2,8,10,9,6,7
407,0,2,2,2,8,10,9,6,7
408,0,2,2,2,8,9,9,6,7
409,0,2,2,2,8,9,9,6,7
410,0,2,2,2,8,9,9,6,7
411,0,2,2,2,8,9,9,6,7
412,0,2,2,2,8,9,9,6,7
413,0,2,2,2,8,9,9,6,7
414,0,2,2,2,8,9,9,6,7
415,0,2,2,2,8,9,9,6,7
416,2,1,2,2,8,10,9,6,7
417,2,1,2,2,8,10,9,6,7
418,2,1,2,2,8,9,9,6,7
419,2,1,2,2,8,9,9,6,7
420,2,1,2,2,8,9,9,6,7
421,2,1,2,2,8,9,10,6,7
422,2,1,2,2,8,9,10,6,7
423,2,0,1,2,8,9,11,6,8
424,2,0,1,2,8,9,11,6,8
425,2,0,1,2,8,10,11,6,8
426,1,0,1,2,8,9,11,6,6
427,1,0,1,2,8,9,11,6,6
428,0,0,2,2,7,9,11,6,6
429,0,1,2,2,7,9,11,6,6
430,0,1,2,2,7,9,11,6,6
431,0,1,2,2,7,9,12,6,7
432,0,1,2,2,7,9,12,6,7
433,0,1,2,2,7,10,12,6,8
434,0,1,2,2,7,10,12,6,8
435,0,1,2,2,7,10,12,6,8
436,0,1,2,2,7,9,12,6,8
437,0,1,2,2,7,9,12,6,8
438,0,0,2,2,7,8,12,6,8
439,0,0,2,2,7,9,12,6,8
440,0,1,2,2,7,10,12,6,8
441,0,0,2,2,7,9,12,6,8
442,0,0,2,2,7,9,12,6,8
443,0,1,2,2,7,9,12,6,8
444,0,1,2,2,7,9,12,6,8
445,0,1,2,2,7,9,12,6,8
446,0,0,1,2,7,9,12,6,8
447,0,0,1,2,7,9,12,6,8
448,0,0,1,2,7,9,12,6,8
449,0,0,1,2,7,9,12,6,8
450,0,0,1,2,7,9,12,6,8
451,1,0,1,2,7,9,12,6,7
452,1,0,1,2,7,9,12,6,7
453,1,0,2,2,7,10,12,6,8
454,1,0,2,2,7,10,12,6,8
455,1,0,2,2,7,10,12,6,8
456,1,0,2,2,6,10,12,6,8
457,1,0,2,2,6,10,12,6,8
458,1,0,1,2,6,9,12,6,8
459,1,0,1,2,6,9,12,6,8
460,1,0,1,2,6,9,12,6,8
461,0,0,1,2,6,10,12,6,8
462,0,0,1,2,6,10,12,6,8
463,0,0,1,2,6,9,12,6,7
464,0,0,1,2,7,9,12,6,7
465,0,0,1,2,7,9,12,6,7
466,0,0,1,2,7,9,12,6,8
467,0,0,1,2,7,9,12,6,8
468,0,0,1,2,7,9,13,6,7
469,0,1,1,2,7,9,13,6,7
470,0,1,1,2,7,9,13,6,7
471,0,1,1,2,7,10,13,6,7
472,0,1,1,2,7,10,13,6,7
473,0,1,1,2,7,10,12,6,7
474,0,1,1,2,7,10,12,6,7
475,0,1,1,2,7,10,12,6,7
476,0,1,1,2,7,10,12,6,7
477,0,1,1,2,7,10,12,6,7
478,0,1,1,2,7,9,13,6,6
479,0,1,1,2,7,9,13,6,6
480,0,1,1,2,7,9,13,6,6
481,0,1,1,2,7,9,13,6,5
482,0,1,1,2,7,9,13,6,5
483,0,1,1,2,7,9,13,6,5
484,0,1,1,2,7,9,13,6,5
485,0,1,1,2,7,9,13,6,5
486,0,1,1,2,7,10,13,6,4
487,0,1,1,2,7,10,13,6,4
488,0,0,1,2,7,10,13,6,4
489,0,0,1,2,7,10,13,6,4
490,0,0,1,2,7,10,13,6,4
491,0,0,1,2,7,8,13,6,4
492,0,0,1,2,7,8,13,6,4
493,0,0,1,2,7,9,13,6,4
494,0,0,1,2,7,9,13,6,4
495,0,0,1,2,7,10,13,6,4
496,0,0,1,2,7,10,13,6,5
497,0,0,1,2,7,9,13,6,5
498,0,0,1,2,7,10,13,6,4
499,1,0,1,2,7,10,13,6,4
500,1,0,1,2,7,10,13,6,4
501,1,0,1,2,7,10,13,6,4
502,1,0,1,2,7,10,13,6,4
503,1,0,1,2,7,10,12,6,4
504,1,0,1,2,7,10,12,6,4
505,1,0,1,2,7,10,13,6,4
506,1,0,1,2,7,10,13,6,4
507,1,0,1,2,7,10,13,6,4
508,1,0,1,2,7,10,13,6,4
509,1,0,1,2,7,8,13,6,4
510,1,0,1,2,7,8,13,6,4
511,0,0,1,2,7,10,12,6,3
512,0,0,1,2,7,10,12,6,3
513,0,0,1,2,7,10,12,6,3
514,0,0,1,2,7,9,12,6,2
515,0,0,1,2,7,9,12,6,2
516,0,0,1,2,7,9,12,6,3
517,0,0,1,2,7,9,12,6,3
518,0,1,1,2,7,9,12,6,3
519,0,1,1,2,7,9,12,6,3
520,0,1,1,2,7,9,12,6,3
521,0,1,1,2,7,9,13,6,3
522,0,1,1,2,7,9,13,6,3
523,0,1,1,2,7,10,13,6,3
524,1,1,1,2,7,11,13,6,3
525,1,1,1,2,7,11,13,6,3
526,1,1,1,2,7,11,13,6,4
527,2,2,1,2,7,11,13,6,4
528,2,2,1,2,7,11,13,6,4
529,2,2,1,2,7,11,13,6,4
530,2,2,1,2,7,11,13,6,4
531,2,2,1,2,7,11,13,6,4
532,2,3,1,2,7,11,13,6,4
533,2,3,1,2,7,11,12,6,4
534,1,2,1,2,7,9,12,6,4
535,1,2,1,2,7,9,12,6,4
536,0,1,1,2,7,9,12,6,4
537,0,1,1,2,7,9,12,6,4
538,0,0,1,2,7,9,12,6,4
539,0,0,1,2,7,9,13,6,4
540,0,0,1,2,7,9,13,6,4
541,0,0,1,2,7,10,12,6,5
542,0,0,1,2,7,10,12,6,5
543,0,0,1,2,7,10,12,6,5
544,0,0,1,2,7,10,12,6,6
545,0,0,1,2,7,10,12,6,6
546,0,0,2,2,7,10,12,6,6
547,0,0,2,2,7,10,12,6,6
548,0,0,2,2,7,10,12,6,6
549,0,0,1,2,7,9,12,6,6
550,0,0,1,2,7,9,12,6,6
551,0,0,1,2,7,9,12,6,6
552,0,0,1,2,7,9,12,6,6
553,0,0,1,2,7,10,12,6,6
554,0,0,1,2,7,10,12,6,6
555,0,0,1,2,7,10,12,6,6
556,0,0,1,2,7,10,13,6,6
557,0,0,1,2,7,10,13,6,6
558,0,0,1,2,7,10,13,6,6
559,0,0,1,2,7,10,13,6,6
560,0,0,1,2,7,10,13,6,6
561,0,0,2,2,7,11,13,6,6
562,0,0,2,2,8,12,13,6,6
563,0,0,2,2,8,12,13,6,6
564,0,1,2,2,8,10,13,6,6
565,0,1,2,2,8,10,13,6,6
566,0,1,1,2,8,10,13,6,5
567,0,1,2,2,8,10,13,6,5
568,0,1,2,2,8,10,13,6,5
569,0,1,2,2,8,10,13,6,5
570,0,1,2,2,8,10,13,6,5
571,0,1,2,2,8,9,13,6,5
572,0,1,2,2,8,9,13,6,5
573,0,1,2,2,8,9,13,6,5
574,1,1,2,2,8,9,13,6,5
575,1,1,2,2,8,9,13,6,5
576,1,1,1,2,8,9,13,6,3
577,1,1,2,2,8,9,13,6,3
578,1,1,1,2,8,9,13,6,3
579,1,1,1,2,8,9,13,6,3
580,1,1,1,2,8,9,13,6,3
581,0,0,1,2,8,9,13,6,3
582,0,0,1,2,8,9,13,6,3
583,0,0,1,2,8,9,13,6,3
584,0,1,1,2,8,8,13,7,3
585,0,1,1,2,8,8,13,7,3
586,0,1,1,2,8,10,13,7,4
587,1,1,1,2,8,10,13,7,4
588,1,1,1,2,8,11,13,7,4
589,1,1,1,2,8,11,13,7,5
590,1,1,1,2,8,11,13,7,5
591,1,1,1,2,8,11,13,7,5
592,1,1,1,2,8,11,13,7,5
593,1,1,1,2,8,11,13,7,5
594,1,1,1,2,8,11,13,7,4
595,1,1,1,2,8,11,13,7,4
596,0,0,1,2,8,10,13,7,4
597,0,0,1,2,8,10,13,7,4
598,0,0,1,2,8,10,13,7,4
599,0,0,1,2,8,9,13,7,5
600,0,0,1,2,8,10,13,7,5
601,0,0,1,2,8,9,12,7,5
602,0,0,1,2,8,9,12,7,5
603,0,0,1,2,8,9,12,7,5
604,0,0,1,2,8,9,12,7,6
605,0,0,1,2,8,9,12,7,6
606,0,0,1,2,8,8,12,7,6
607,0,0,1,2,8,8,12,7,6
608,0,0,1,2,8,8,12,7,6
609,0,0,1,2,8,8,12,7,6
610,0,0,1,2,8,8,12,7,6
611,0,0,1,2,9,9,12,7,6
612,0,1,1,2,9,9,12,7,6
613,0,1,1,2,9,9,12,7,6
614,0,1,1,2,9,9,12,7,6
615,0,1,1,2,9,9,12,7,6
616,0,1,1,2,9,9,12,7,6
617,0,1,2,2,9,9,12,7,6
618,0,1,1,2,9,9,12,7,6
619,0,1,2,2,9,9,12,7,6
620,0,1,2,2,9,9,12,7,6
621,0,1,1,2,9,9,12,7,6
622,0,1,1,2,9,9,12,7,6
623,0,1,1,2,9,10,12,7,6
624,0,1,1,2,9,10,12,7,6
625,0,1,1,2,9,10,12,7,6
626,0,1,1,2,9,10,12,8,4
627,0,1,1,2,9,10,12,8,4
628,0,1,1,2,9,10,12,8,4
629,0,0,1,2,9,10,12,7,4
630,0,0,1,2,9,10,12,7,4
631,0,0,1,2,9,10,12,7,3
632,0,0,1,2,9,10,12,7,3
633,0,0,1,2,9,10,12,7,3
634,0,0,1,2,9,10,12,7,3
635,0,0,1,2,9,10,12,7,3
636,0,0,2,2,9,10,12,7,4
637,0,0,1,2,9,10,12,7,4
638,0,0,1,2,9,10,12,7,4
639,0,0,2,2,9,10,12,7,4
640,0,0,2,2,9,10,12,7,4
641,0,0,2,2,9,11,12,7,3
642,0,0,2,2,9,11,12,7,3
643,0,0,2,2,9,11,12,7,3
644,0,1,2,2,9,11,12,8,3
645,0,1,2,2,9,11,12,8,3
646,0,1,3,2,9,11,12,8,3
647,0,1,3,2,9,11,12,8,3
648,0,1,3,2,9,11,12,8,3
649,0,1,3,2,9,11,12,8,3
650,0,1,3,2,9,11,12,8,3
651,0,1,2,2,9,10,12,8,3
652,0,1,2,2,9,10,12,8,3
653,0,1,2,2,9,10,12,8,3
654,0,1,2,2,9,10,12,8,3
655,0,1,2,2,9,10,12,8,3
656,0,1,3,2,9,11,12,8,3
657,0,1,3,2,9,10,12,8,3
658,0,1,3,2,9,10,12,8,3
659,0,0,2,2,9,10,12,8,3
660,0,0,2,2,9,10,12,8,3
661,0,0,3,2,9,10,12,8,3
662,0,0,3,2,9,10,12,8,3
663,0,0,3,2,9,10,12,8,3
664,0,0,3,2,9,10,12,8,2
665,0,0,3,2,9,10,12,8,2
666,0,0,3,2,9,10,12,8,3
667,0,0,3,2,9,10,12,8,3
668,0,0,3,2,9,10,12,8,3
669,0,0,3,2,9,10,12,8,3
670,0,0,3,2,9,10,12,8,3
671,0,0,3,2,9,11,12,8,3
672,1,0,3,2,9,11,12,8,3
673,1,0,3,2,9,11,12,8,3
674,1,0,3,2,9,10,12,8,3
675,1,0,3,2,9,11,12,8,3
676,1,0,3,2,9,11,12,8,3
677,1,0,3,2,9,11,12,8,3
678,1,0,3,2,9,11,12,8,3
679,1,0,3,2,10,10,12,8,3
680,1,0,3,2,10,10,12,8,3
681,0,0,3,2,10,9,12,9,2
682,0,0,3,2,10,9,12,8,2
683,0,0,3,2,10,9,12,9,2
684,0,0,3,2,10,10,12,8,3
685,0,0,3,2,10,10,12,8,3
686,0,0,3,2,9,11,12,8,3
687,0,1,3,2,9,11,12,9,3
688,0,1,3,2,9,11,12,8,3
689,0,1,3,2,10,10,12,9,3
690,0,1,3,2,10,10,12,9,3
691,0,1,3,2,10,10,12,9,3
692,0,1,3,2,10,10,12,9,3
693,0,1,3,2,10,10,12,9,3
694,0,1,3,2,10,9,12,9,3
695,0,1,3,2,10,9,12,9,3
696,0,1,3,2,9,11,12,9,3
697,0,1,3,2,9,10,12,9,3
698,0,1,3,2,9,11,12,9,3
699,0,0,3,2,9,11,12,9,3
700,0,0,3,2,9,11,12,9,3
701,0,0,3,2,10,10,12,9,3
702,0,0,3,2,10,10,12,8,3
703,0,0,3,2,10,10,12,8,3
704,0,0,3,2,10,10,12,8,3
705,0,0,3,2,10,9,12,9,3
706,0,0,3,2,10,9,12,9,4
707,0,0,3,2,10,9,12,9,4
708,0,0,3,2,10,9,12,9,4
709,0,0,3,2,9,10,12,9,4
710,0,0,3,2,9,10,12,8,4
711,0,0,3,2,9,11,12,9,4
712,0,0,3,2,9,11,12,9,4
713,0,0,3,2,9,11,12,9,4
714,0,0,3,2,9,10,12,8,4
715,0,0,3,2,9,10,12,8,4
716,0,0,3,2,9,11,12,8,4
717,0,0,3,2,9,11,12,8,4
718,0,0,3,2,9,11,12,8,4
719,0,0,3,2,9,10,12,8,3
720,0,0,3,2,9,10,12,8,3
721,0,0,3,2,9,11,12,8,3
722,0,0,3,2,9,11,12,8,3
723,0,0,3,2,9,11,12,8,3
724,0,0,3,2,9,11,12,8,2
725,0,0,3,2,9,11,12,8,2
726,0,0,3,2,9,11,12,8,1
727,0,0,3,2,9,11,12,8,1
728,0,0,3,2,9,11,12,8,1
729,0,0,3,2,9,11,12,8,1
730,0,0,3,2,9,11,12,8,1
731,0,0,3,2,9,11,12,8,1
732,0,0,3,2,9,11,12,8,1
733,0,0,3,2,9,11,12,8,1
734,0,0,3,2,9,11,12,8,1
735,0,0,3,2,9,11,12,8,1
736,0,0,3,2,9,11,12,8,1
737,0,1,3,2,9,11,12,8,1
738,0,1,3,2,9,11,12,8,1
739,0,1,3,2,9,11,12,8,1
740,0,1,3,2,9,11,12,8,1
741,0,1,3,2,9,11,12,8,1
742,0,1,3,2,9,11,12,8,1
743,0,1,3,2,9,11,12,8,1
744,0,0,3,2,9,11,12,8,1
745,0,0,3,2,9,11,12,8,1
746,0,0,3,2,9,11,12,8,1
747,0,0,3,2,9,11,12,8,1
748,0,0,3,2,9,11,12,8,1
749,0,0,3,2,9,11,12,8,1
750,0,0,3,2,9,11,12,8,1
751,0,0,3,2,9,11,12,8,2
752,0,0,3,2,9,11,12,8,2
753,0,0,3,2,9,11,12,8,2
754,0,0,3,2,9,11,12,8,2
755,0,0,3,2,9,11,12,8,2
756,0,0,3,2,9,11,12,8,2
757,0,0,3,2,9,11,12,8,2
758,0,0,3,2,9,11,12,8,2
759,0,0,3,2,9,11,12,8,2
760,0,0,3,2,9,11,12,8,2
761,0,0,2,2,9,11,12,8,1
762,0,0,2,2,9,11,12,8,1
763,0,0,2,2,9,11,12,8,1
764,0,0,2,2,9,11,12,8,1
765,0,0,2,2,9,11,12,8,1
766,0,0,2,2,9,11,12,8,1
767,0,1,2,2,9,11,12,8,1
768,0,1,2,2,9,11,12,8,1
769,0,1,2,2,9,11,12,8,1
770,0,1,2,2,9,11,12,8,1
771,0,1,2,2,9,11,12,8,1
772,0,1,2,2,9,11,12,8,1
773,0,1,2,2,9,11,12,8,1
774,0,1,2,2,9,11,12,8,1
775,0,1,2,2,9,11,12,8,1
776,0,1,3,2,9,11,12,8,1
777,0,1,3,2,9,11,12,8,1
778,0,1,3,2,9,11,12,8,1
779,0,1,2,2,9,11,12,8,1
780,0,1,2,2,9,11,12,8,1
781,0,0,3,2,9,11,12,8,1
782,0,0,3,2,9,11,12,8,1
783,0,0,3,2,9,11,12,8,1
784,0,0,3,2,9,11,12,8,1
785,0,0,3,2,9,11,12,8,1
786,0,0,2,2,9,11,12,8,2
787,0,0,2,2,9,11,12,8,2
788,0,0,2,2,9,11,12,8,2
789,0,0,2,2,9,11,12,8,2
790,0,0,2,2,9,11,12,8,2
791,0,0,2,2,9,11,12,8,2
792,0,0,2,2,9,11,12,8,2
793,0,0,2,2,9,11,12,8,2
794,0,1,2,2,9,11,12,8,2
795,0,1,2,2,9,11,12,8,2
796,0,1,2,2,9,11,12,8,2
797,0,1,2,2,9,11,12,8,2
798,0,1,2,2,9,11,12,8,2
799,0,1,2,2,9,11,12,8,2
800,0,1,2,2,9,11,12,8,2
801,0,1,2,2,9,11,12,8,2
802,0,1,2,2,9,11,12,8,2
803,0,1,2,2,9,11,12,8,2
804,0,1,2,2,9,11,12,8,1
805,0,1,2,2,9,11,12,8,1
806,0,1,2,2,9,11,12,8,2
807,1,1,2,2,9,11,12,8,2
808,1,1,2,2,9,11,12,8,2
809,1,0,2,2,9,11,12,8,2
810,1,0,2,2,9,11,12,8,2
811,1,0,2,2,9,11,12,8,2
812,1,0,2,2,9,11,12,8,2
813,1,0,2,2,9,11,12,8,2
814,1,0,2,2,9,11,12,8,3
815,1,0,2,2,9,11,12,8,3
816,1,0,2,2,9,11,12,8,3
817,1,0,2,2,9,11,12,8,3
818,1,0,2,2,9,11,12,8,3
819,0,0,2,2,9,11,12,8,3
820,0,0,2,2,9,11,12,8,3
821,0,0,3,2,9,11,12,8,4
822,0,0,3,2,9,11,12,8,4
823,0,0,2,2,9,11,12,8,4
824,0,0,2,2,9,11,12,8,3
825,0,0,2,2,9,11,12,8,3
826,0,0,2,2,9,11,12,8,3
827,0,0,2,2,9,11,12,8,3
828,0,0,2,2,9,11,12,8,3
829,0,0,2,2,9,11,12,8,3
830,0,0,2,2,9,11,12,8,3
831,0,0,2,2,9,11,12,8,3
832,0,0,2,2,9,11,12,8,3
833,0,0,2,2,9,11,12,8,3
834,1,0,2,2,9,11,12,8,3
835,1,0,2,2,9,11,12,8,3
836,1,0,2,2,9,11,12,8,3
837,1,0,2,2,9,11,12,8,3
838,1,0,2,2,9,11,12,8,3
839,1,0,3,2,9,11,12,8,3
840,0,0,2,2,9,11,12,8,3
841,0,0,3,2,9,11,12,8,3
842,1,0,3,2,9,11,12,8,3
843,2,0,3,2,9,11,12,8,3
844,2,0,3,2,9,11,12,8,3
845,2,0,3,2,9,11,12,8,3
846,1,0,3,2,9,11,12,8,3
847,1,1,3,2,9,11,12,8,3
848,1,1,3,2,9,11,12,8,3
849,0,1,3,2,9,11,12,8,3
850,0,1,3,2,9,11,12,8,3
851,0,1,3,2,9,11,12,8,4
852,0,1,3,2,9,11,12,8,4
853,0,1,3,2,9,11,12,8,5
854,0,1,3,2,9,11,12,8,5
855,0,1,3,2,9,11,12,8,5
856,0,1,3,2,9,11,12,8,4
857,1,1,3,2,9,11,12,8,4
858,1,1,3,2,9,11,12,8,3
859,2,1,3,2,9,11,12,8,3
860,2,1,3,2,9,11,12,8,3
861,0,1,3,2,9,11,12,8,4
862,0,1,3,2,9,11,12,8,4
863,0,1,3,2,9,11,12,8,3
864,0,0,2,2,9,11,12,8,3
865,0,0,2,2,9,11,12,8,3
866,0,0,3,2,9,11,12,8,4
867,0,0,3,2,9,11,12,8,4
868,0,0,3,2,9,11,12,8,3
869,0,0,3,2,9,11,12,8,4
870,0,0,3,2,9,11,12,8,4
871,0,0,3,2,9,11,12,8,5
872,0,0,3,2,9,11,12,8,5
873,0,0,3,2,9,11,12,8,7
874,0,0,3,2,9,11,12,8,6
875,0,0,3,2,9,11,12,8,5
876,0,0,3,2,9,11,12,8,5
877,0,1,3,2,9,11,12,8,6
878,0,1,3,2,9,11,12,8,7
879,0,1,3,2,9,11,12,8,6
880,0,1,3,2,9,11,12,8,5
881,0,1,3,2,9,11,12,8,4
882,0,1,3,2,9,11,12,8,4
883,0,1,3,2,9,11,12,8,4
884,0,1,3,2,9,11,12,8,4
885,0,1,3,2,9,11,12,8,5
886,0,1,3,2,9,11,12,8,5
887,1,1,3,2,9,11,12,8,4
888,1,1,3,2,9,11,12,8,4
889,2,1,3,2,9,11,12,8,2
890,2,1,3,2,9,11,12,8,1
891,1,1,3,2,9,11,12,8,1
892,2,1,3,2,9,11,12,8,2
893,2,1,3,2,9,11,12,8,3
894,1,0,3,2,9,11,12,8,2
895,1,0,3,2,9,11,12,8,1
896,1,0,3,2,9,11,12,8,2
897,2,0,3,2,9,11,12,8,2
898,2,0,3,2,9,11,12,8,2
899,1,0,3,2,9,11,12,8,3
900,1,0,3,2,9,12,12,8,3
901,1,0,3,2,9,12,12,8,3
902,1,0,3,2,9,12,12,8,3
903,1,0,3,2,9,12,12,8,3
904,1,0,3,2,9,12,12,8,4
905,1,0,3,2,9,12,12,8,4
906,0,0,3,2,9,11,12,8,4
907,0,0,3,2,9,11,12,8,4
908,0,0,3,2,9,11,12,8,4
909,0,0,3,2,9,11,12,8,4
910,0,0,3,2,9,11,12,8,4
911,0,0,3,2,9,11,12,8,5
912,0,0,3,2,9,11,12,8,5
913,0,0,3,2,9,11,12,8,5
914,0,0,3,2,9,11,12,8,5
915,0,0,3,2,9,11,12,8,5
916,0,0,3,2,9,11,12,8,5
917,0,0,3,2,9,11,12,8,5
918,0,0,3,2,9,11,12,8,5
919,0,0,3,2,9,11,12,8,5
920,0,0,3,2,9,11,12,8,5
921,0,0,3,2,9,11,12,8,5
922,0,0,3,2,9,11,12,8,5
923,0,0,3,2,9,11,12,8,5
924,0,0,3,2,9,11,12,8,5
925,0,0,3,2,9,11,12,8,5
926,0,0,3,2,9,12,12,8,3
927,0,0,3,2,9,12,12,8,3
928,0,0,3,2,9,12,12,8,3
929,0,0,3,2,9,11,12,8,3
930,0,0,3,2,9,11,12,8,3
931,0,0,3,2,9,11,12,8,3
932,0,0,3,2,9,11,12,8,3
933,0,0,3,2,9,11,12,8,3
934,0,0,3,2,11,10,12,8,3
935,0,0,3,2,11,10,12,8,3
936,0,0,3,2,10,11,12,8,3
937,0,1,3,2,10,11,12,8,3
938,0,1,3,2,10,11,12,8,3
939,0,1,3,2,11,10,12,8,3
940,0,1,3,2,11,10,12,8,3
941,0,1,3,2,11,10,12,8,3
942,0,1,3,2,11,10,12,8,3
943,0,1,3,2,11,10,12,8,3
944,0,1,3,2,11,10,12,9,3
945,0,1,3,2,11,10,12,9,3
946,0,1,3,2,11,10,12,9,2
947,0,1,3,2,11,10,12,9,2
948,0,1,3,2,11,10,12,9,2
949,0,0,3,2,11,10,12,9,2
950,0,0,3,2,11,10,12,9,2
951,0,0,3,2,11,10,12,9,2
952,1,0,3,2,11,10,12,9,2
953,1,0,3,2,11,10,12,9,2
954,1,0,3,2,11,10,12,9,3
955,1,0,3,2,11,10,12,9,3
956,0,0,3,2,11,10,12,9,2
957,0,0,3,2,11,10,12,9,2
958,0,0,3,2,11,10,12,9,2
959,0,0,3,2,11,10,12,8,2
960,0,0,3,2,11,10,12,8,2
961,0,0,3,2,11,10,12,8,3
962,0,0,3,2,11,10,12,8,3
963,0,0,3,2,11,10,12,8,3
964,1,0,3,2,10,11,12,8,3
965,1,0,3,2,10,11,12,8,3
966,1,0,3,2,9,12,12,8,3
967,1,0,3,2,9,12,12,8,3
968,1,0,3,2,9,12,12,8,3
969,1,0,3,2,10,11,12,8,3
970,1,0,3,2,10,11,12,8,3
971,1,0,3,2,9,11,12,8,3
972,1,0,3,2,9,11,12,8,3
973,1,0,3,2,9,11,12,8,3
974,0,0,3,2,9,12,12,8,3
975,0,0,3,2,9,12,12,8,3
976,0,0,3,2,9,12,12,8,4
977,0,0,3,2,9,12,12,8,4
978,0,0,3,2,9,12,12,8,4
979,0,0,3,2,9,12,12,8,4
980,0,0,3,2,9,12,12,8,4
981,0,0,3,2,9,12,12,8,4
982,0,0,3,2,9,12,12,8,4
983,0,0,3,2,9,12,12,8,4
984,0,0,3,2,9,12,12,8,4
985,0,0,3,2,9,12,12,8,4
986,0,0,3,2,9,12,12,8,3
987,1,0,3,2,9,12,12,8,3
988,1,0,3,2,9,12,12,8,3
989,2,0,3,2,9,12,12,8,3
990,2,0,3,2,9,12,12,8,3
991,0,0,3,2,9,12,12,8,3
992,0,0,3,2,10,11,12,8,3
993,0,0,3,2,9,12,12,8,3
994,0,0,3,2,10,11,12,8,2
995,0,0,3,2,10,11,12,8,2
996,0,0,3,2,9,12,12,9,3
997,0,0,3,2,9,12,12,9,3
998,0,0,3,2,9,12,12,9,3
999,0,0,3,2,9,12,12,9,3
1000,0,0,3,2,9,12,12,9,3
1001,0,0,3,2,9,12,12,9,3
1002,0,0,3,2,9,12,12,9,3
1003,0,0,3,2,9,12,12,9,3
1004,0,0,3,2,9,12,12,8,4
1005,0,0,3,2,9,12,12,8,4
1006,0,0,3,2,9,12,12,8,4
1007,0,0,3,2,9,12,12,8,3
1008,0,0,3,2,9,12,12,8,3
1009,0,0,3,2,9,12,12,8,3
1010,0,0,3,2,9,11,12,8,3
1011,0,0,3,2,9,12,12,8,3
1012,0,0,3,2,10,10,12,8,3
1013,0,0,3,2,10,11,12,8,3
1014,0,0,3,2,10,11,12,8,3
1015,0,0,3,2,10,11,12,8,2
1016,0,0,3,2,10,11,12,8,2
1017,0,0,3,2,11,9,12,8,2
1018,0,0,3,2,11,9,12,8,2
1019,0,0,3,2,10,10,12,8,2
1020,0,0,3,2,10,10,12,8,1
1021,0,0,3,2,10,10,12,8,1
1022,0,0,3,2,9,11,12,8,1
1023,0,0,3,2,9,11,12,8,1
1024,0,0,3,2,9,11,12,8,0
1025,0,0,3,2,9,10,12,8,0
1026,0,0,3,2,9,11,12,8,0
1027,0,0,3,2,9,10,12,8,0
1028,0,0,3,2,9,10,12,8,0
1029,0,0,3,2,9,10,12,8,0
1030,0,0,3,2,9,10,12,8,0
1031,0,0,3,2,9,10,12,8,0
1032,0,0,3,2,9,10,12,8,0
1033,0,0,3,2,9,10,12,8,0
1034,0,0,3,2,9,9,12,8,0
1035,0,0,3,2,9,9,12,8,0
1036,0,0,3,2,9,9,12,8,0
1037,0,0,3,2,9,9,12,8,0
1038,0,0,3,2,9,9,12,8,0
1039,0,0,3,2,9,10,12,8,0
1040,0,0,3,2,9,10,12,8,0
1041,0,0,3,2,9,10,12,8,0
1042,0,0,3,2,9,10,12,8,0
1043,0,0,3,2,9,10,12,8,0
1044,0,0,3,2,9,9,12,8,0
1045,0,0,3,2,9,9,12,8,0
1046,0,0,3,2,9,9,12,8,0
1047,0,0,3,2,9,9,12,8,0
1048,0,0,3,2,9,9,12,8,0
1049,0,0,3,2,9,9,12,8,0
1050,0,0,3,2,9,9,12,8,0
1051,0,0,3,2,9,9,12,8,0
1052,0,0,3,2,9,9,12,8,0
1053,0,0,3,2,9,9,12,8,0
1054,0,0,3,2,9,9,12,8,0
1055,0,0,3,2,9,10,12,8,0
1056,0,0,3,2,9,9,12,8,0
1057,0,1,3,2,10,9,12,8,0
1058,0,1,3,2,10,9,12,8,0
1059,0,1,3,2,9,10,12,8,0
1060,0,1,3,2,9,9,12,8,0
1061,0,1,3,2,9,9,12,8,0
1062,0,1,3,2,9,10,12,8,0
1063,0,1,3,2,9,10,12,8,0
1064,0,1,3,2,10,10,12,8,0
1065,0,1,3,2,10,10,12,8,0
1066,0,1,3,2,10,10,12,8,0
1067,0,1,3,2,10,11,12,8,0
1068,0,1,3,2,10,11,12,8,0
1069,0,1,3,2,10,11,12,8,0
1070,0,1,3,2,10,11,12,8,0
1071,0,1,3,2,10,11,12,8,0
1072,0,1,3,2,10,11,12,8,0
1073,0,1,3,2,10,11,12,8,0
1074,0,1,3,2,10,11,12,8,0
1075,0,1,3,2,10,11,12,8,0
1076,0,1,3,2,10,11,12,8,0
1077,0,1,3,2,9,12,12,8,0
1078,0,1,3,2,10,11,12,8,0
1079,0,1,3,2,9,12,12,8,0
1080,0,1,3,2,9,12,12,8,0
1081,0,1,3,2,9,12,12,8,0
1082,0,1,3,2,9,12,12,8,0
1083,0,1,3,2,9,12,12,8,0
1084,0,1,3,2,9,12,12,8,0
1085,0,1,3,2,9,12,12,8,0
1086,0,1,3,2,9,12,12,8,0
1087,0,1,3,2,9,11,12,8,0
1088,0,1,3,2,9,11,12,8,0
1089,0,1,3,2,9,11,12,8,0
1090,0,1,3,2,9,11,12,8,0
1091,0,1,3,2,9,12,12,8,0
1092,0,1,3,2,9,11,12,8,0
1093,0,1,3,2,9,11,12,8,0
1094,0,1,3,2,9,11,12,8,0
1095,0,1,3,2,9,11,12,8,0
1096,0,1,3,2,9,11,12,8,0
1097,0,1,3,2,9,11,12,8,1
1098,0,1,3,2,9,11,12,8,1
1099,0,1,3,2,9,11,12,8,1
1100,0,1,3,2,9,11,12,8,1
1101,0,1,3,2,9,11,12,8,1
1102,0,1,3,2,9,11,12,8,1
1103,0,1,3,2,9,11,12,8,1
1104,0,1,3,2,9,10,12,8,1
1105,0,1,3,2,9,10,12,8,1
1106,0,1,3,2,9,10,12,8,1
1107,0,1,3,2,10,10,12,8,1
1108,0,1,3,2,10,10,12,8,1
1109,0,1,3,2,10,10,12,8,1
1110,0,1,3,2,10,10,12,8,1
1111,0,1,3,2,10,10,12,8,1
1112,0,1,3,2,9,10,12,8,1
1113,0,1,3,2,9,10,12,8,1
1114,0,1,3,2,9,10,12,7,1
1115,1,1,3,2,9,10,12,7,1
1116,1,1,3,2,10,10,12,7,1
1117,2,1,3,2,10,10,12,7,0
1118,2,1,3,2,10,10,12,7,0
1119,2,1,3,2,10,10,12,7,0
1120,2,1,3,2,10,10,12,7,0
1121,2,1,3,2,10,10,12,7,0
1122,2,1,3,2,9,10,12,7,0
1123,2,1,3,2,9,10,12,7,0
1124,2,1,3,2,9,10,12,6,0
1125,2,1,3,2,9,10,12,6,0
1126,2,1,3,2,9,10,12,6,0
1127,2,1,3,2,9,10,12,6,1
1128,2,1,3,2,9,10,12,6,1
1129,2,1,3,2,9,9,12,6,2
1130,2,1,3,2,9,9,12,6,2
1131,2,1,3,2,9,9,12,6,2
1132,2,1,3,2,9,9,12,6,2
1133,2,1,3,2,9,9,12,6,2
1134,2,1,3,2,10,8,12,6,3
1135,2,1,3,2,10,8,12,6,3
1136,2,1,3,2,10,8,12,6,3
1137,2,1,3,2,9,9,12,7,3
1138,2,1,3,2,9,9,12,7,3
1139,2,1,3,2,10,7,12,6,3
1140,2,1,3,2,10,7,12,6,3
1141,2,1,3,2,10,7,12,6,3
1142,2,1,3,2,10,6,12,7,4
1143,2,1,3,2,10,6,12,7,4
1144,2,1,3,2,11,7,12,7,4
1145,2,1,3,2,11,7,12,7,4
1146,2,1,3,2,11,7,12,7,4
1147,2,1,3,2,10,6,12,6,4
1148,2,1,3,2,10,6,12,6,4
1149,2,1,3,2,10,7,12,7,4
1150,2,1,3,2,10,7,12,7,4
1151,2,1,3,2,10,7,12,7,4
1152,2,1,3,2,10,6,12,7,4
1153,2,1,3,2,10,6,12,7,4
1154,2,1,3,2,10,7,12,7,4
1155,2,1,3,2,10,7,12,7,4
1156,2,1,3,2,10,7,12,7,4
1157,2,1,3,2,10,8,12,7,4
1158,2,1,3,2,10,8,12,7,4
1159,2,1,3,2,10,7,12,7,5
1160,2,1,3,2,9,7,12,7,5
1161,2,1,3,2,10,7,12,7,5
1162,2,1,3,2,9,8,12,7,5
1163,2,1,3,2,9,8,12,7,5
1164,2,1,3,2,9,8,12,7,5
1165,2,1,3,2,9,8,12,7,5
1166,2,1,3,2,9,8,12,7,5
1167,2,1,3,2,10,7,12,7,5
1168,2,1,3,2,10,7,12,7,5
1169,2,1,3,2,9,5,12,7,5
1170,2,1,3,2,9,5,12,7,5
1171,2,1,3,2,9,5,12,7,5
1172,2,1,3,2,10,5,12,7,5
1173,2,1,3,2,10,5,12,7,5
1174,2,1,3,2,10,6,12,7,5
1175,2,1,3,2,10,6,12,7,5
1176,2,1,3,2,10,6,12,7,5
1177,2,1,3,2,10,5,12,6,5
1178,2,1,3,2,10,5,12,6,5
1179,2,1,2,2,11,5,12,6,6
1180,2,1,2,2,11,5,12,6,6
1181,2,1,2,2,11,5,12,6,6
1182,2,1,3,2,11,5,12,5,6
1183,2,1,3,2,11,5,12,5,6
1184,2,1,3,2,11,4,12,5,6
1185,2,1,3,2,11,5,12,5,6
1186,2,1,3,2,11,5,12,6,6
1187,2,2,3,2,12,5,12,6,6
1188,2,2,3,2,12,5,12,6,6
1189,2,2,3,2,12,5,12,5,6
1190,2,2,3,2,12,5,12,5,6
1191,2,2,3,2,12,5,12,5,6
1192,2,2,3,2,12,5,11,5,7
1193,2,2,3,2,12,5,11,5,7
1194,2,2,3,2,12,6,11,5,7
1195,2,2,3,2,12,6,11,5,7
1196,2,2,3,2,12,6,11,5,7
1197,2,2,3,2,12,6,11,5,6
1198,2,2,3,2,12,6,11,5,6
1199,2,2,3,2,12,6,11,4,7
1200,2,2,3,2,12,6,11,4,7
1201,2,2,3,2,12,6,11,4,7
1202,2,2,3,2,12,6,11,4,7
1203,2,2,3,2,12,6,11,4,7
1204,2,2,3,2,11,6,11,4,7
1205,2,2,3,2,11,6,11,4,7
1206,2,2,3,2,11,6,11,4,7
1207,2,2,3,2,11,6,11,4,7
1208,2,2,3,2,11,6,11,4,7
1209,2,2,3,2,11,6,11,4,8
1210,2,2,3,2,11,6,11,5,8
1211,2,2,3,2,12,6,11,5,8
1212,2,2,3,2,12,5,11,5,8
1213,2,2,3,2,12,5,11,5,8
1214,2,2,3,2,12,5,11,5,7
1215,2,2,3,2,12,5,11,5,7
1216,2,2,3,2,12,5,11,5,7
1217,2,2,3,2,12,5,11,5,7
1218,2,2,3,2,12,5,11,5,7
1219,2,2,3,2,12,5,11,5,8
1220,2,2,3,2,12,5,11,5,8
1221,2,2,3,2,12,5,11,5,8
1222,2,2,3,2,12,5,11,5,7
1223,2,2,3,2,12,5,11,5,7
1224,2,2,3,2,12,5,12,5,6
1225,2,2,3,2,12,5,12,5,6
1226,2,2,3,2,12,5,12,5,6
1227,2,2,3,2,12,5,11,5,6
1228,2,2,3,2,12,5,11,5,6
1229,2,2,3,2,12,5,11,5,5
1230,2,2,3,2,12,5,11,5,5
1231,2,2,3,2,12,5,11,5,5
1232,2,2,3,2,12,5,12,4,5
1233,2,2,3,2,11,6,12,4,5
1234,2,2,3,2,12,5,12,4,6
1235,2,2,3,2,12,6,12,4,6
1236,2,2,3,2,12,6,12,4,6
1237,2,2,3,2,12,6,12,4,6
1238,2,2,3,2,12,6,12,4,6
1239,2,2,3,2,12,5,12,4,7
1240,2,2,3,2,12,5,12,4,7
1241,2,2,3,2,12,5,12,4,7
1242,2,2,3,2,12,6,12,4,7
1243,2,2,3,2,12,6,12,4,7
1244,2,2,3,2,12,5,12,4,7
1245,2,2,3,2,12,5,12,4,7
1246,2,2,3,2,12,5,12,4,7
1247,2,2,3,2,12,5,12,4,7
1248,2,2,3,2,12,5,12,4,7
1249,2,2,3,2,11,5,12,4,7
1250,2,2,3,2,11,5,12,4,7
1251,2,2,3,2,11,5,12,4,7
1252,2,2,3,2,11,5,12,4,7
1253,2,2,3,2,11,5,12,4,7
1254,2,2,3,2,11,4,12,4,7
1255,2,2,3,2,11,4,12,4,7
1256,2,2,3,2,11,4,12,4,7
1257,2,2,3,2,12,4,12,4,7
1258,2,2,3,2,12,4,12,4,7
1259,2,2,3,2,12,4,12,3,6
1260,2,2,3,2,12,4,12,3,6
1261,2,2,3,2,12,4,12,3,6
1262,2,2,3,2,12,4,12,3,6
1263,2,2,3,2,12,4,12,3,6
1264,2,2,3,2,12,3,12,3,7
1265,2,2,3,2,12,3,12,3,7
1266,2,2,3,2,12,3,12,3,7
1267,2,2,3,2,12,4,12,3,8
1268,2,2,3,2,12,4,12,3,8
1269,2,2,3,2,12,4,12,2,8
1270,2,2,3,2,12,4,12,2,8
1271,2,2,3,2,12,4,12,2,8
1272,2,2,3,2,12,4,12,2,7
1273,2,2,3,2,12,4,12,2,7
1274,2,2,3,2,12,4,12,2,8
1275,2,2,3,2,12,4,12,2,8
1276,2,2,3,2,12,4,12,2,8
1277,2,2,3,2,12,4,12,2,9
1278,2,2,3,2,12,4,12,2,9
1279,2,2,3,2,12,4,12,2,9
1280,2,2,3,2,12,4,12,2,9
1281,2,2,3,2,12,4,12,2,9
1282,2,2,3,2,12,4,12,3,9
1283,2,2,3,2,12,4,12,3,9
1284,2,2,3,2,12,5,12,3,8
1285,2,2,3,2,12,5,12,3,8
1286,2,2,3,2,12,5,12,3,8
1287,2,2,3,2,12,6,12,3,8
1288,2,2,3,2,12,6,12,3,8
1289,2,2,3,2,12,5,12,3,7
1290,2,2,3,2,12,5,12,3,7
1291,2,2,3,2,12,5,12,3,7
1292,2,2,3,2,12,5,12,3,8
1293,2,2,3,2,12,5,12,3,8
1294,2,2,3,2,12,5,12,3,8
1295,2,2,3,2,12,5,12,3,8
1296,2,2,3,2,12,5,12,3,8
1297,3,2,3,2,12,4,12,3,8
1298,3,2,3,2,12,4,12,3,8
1299,3,2,3,2,12,4,12,3,8
1300,3,2,3,2,12,4,12,3,8
1301,3,2,3,2,12,4,12,3,8
1302,3,2,3,2,12,4,12,3,9
1303,3,2,3,2,12,4,12,3,9
1304,3,2,3,2,12,3,12,3,8
1305,3,2,3,2,12,3,12,3,8
1306,3,2,3,2,12,3,12,3,8
1307,3,2,3,2,12,4,12,3,8
1308,3,2,3,2,12,4,12,3,8
1309,3,2,3,2,12,4,12,3,8
1310,3,2,3,2,12,4,12,3,8
1311,3,2,3,2,12,4,12,3,8
1312,3,2,3,2,12,5,12,2,8
1313,3,2,3,2,12,5,12,2,8
1314,3,2,3,2,12,4,12,2,8
1315,3,2,3,2,12,4,12,2,8
1316,3,2,3,2,12,4,12,2,8
1317,3,2,3,2,12,4,12,2,8
1318,3,2,3,2,12,4,12,2,8
1319,3,2,3,2,12,4,12,2,8
1320,3,2,3,2,12,4,12,2,8
1321,3,2,3,2,12,4,12,2,8
1322,3,2,3,2,12,4,12,3,8
1323,3,2,3,2,12,4,12,3,8
1324,3,2,3,2,12,3,12,3,8
1325,3,2,3,2,12,3,12,3,8
1326,3,2,3,2,12,3,12,3,8
1327,3,2,3,2,12,3,12,2,7
1328,3,2,3,2,12,3,12,2,7
1329,3,2,3,2,12,3,12,2,7
1330,3,2,3,2,12,3,12,2,7
1331,3,2,3,2,12,3,12,2,7
1332,3,2,3,2,12,3,12,2,7
1333,3,2,3,2,12,3,12,2,7
1334,3,2,3,2,12,3,12,2,8
1335,3,2,3,2,12,4,12,2,9
1336,3,2,3,2,12,4,12,2,9
1337,3,2,3,2,12,4,12,2,10
1338,3,2,3,2,12,4,12,2,10
1339,3,2,3,2,12,4,12,2,10
1340,3,2,3,2,12,4,12,2,10
1341,3,2,3,2,12,4,12,2,9
1342,3,2,3,2,12,4,12,2,9
1343,3,2,3,2,12,4,12,2,10
1344,3,2,3,2,12,4,12,2,9
1345,3,2,3,2,12,4,12,2,9
1346,3,2,3,2,12,4,12,2,8
1347,3,2,3,2,12,4,12,2,8
1348,3,2,3,2,12,4,12,2,8
1349,3,2,3,2,12,4,12,2,7
1350,3,2,3,2,12,5,12,2,7
1351,3,2,3,2,12,5,12,2,7
1352,3,2,3,2,12,4,12,2,7
1353,3,2,3,2,12,4,12,2,7
1354,3,2,3,2,12,4,12,2,7
1355,3,2,3,2,12,4,12,2,7
1356,3,2,3,2,12,4,12,2,7
1357,3,2,3,2,12,4,12,2,7
1358,3,2,3,2,12,4,12,2,7
1359,3,2,3,2,12,4,12,2,7
1360,3,2,3,2,12,4,12,2,7
1361,3,2,3,2,12,4,12,2,7
1362,3,2,3,2,12,4,12,2,8
1363,3,2,3,2,12,4,12,2,8
1364,3,2,3,2,12,4,12,2,6
1365,3,2,3,2,12,4,12,2,6
1366,3,2,3,2,12,4,12,2,6
1367,3,2,3,2,12,4,12,2,5
1368,3,2,3,2,12,4,12,2,5
1369,3,2,3,2,12,4,12,2,5
1370,3,2,3,2,12,4,12,2,5
1371,3,2,3,2,12,4,12,2,5
1372,3,2,3,2,12,3,12,2,5
1373,3,2,3,2,12,3,12,2,5
1374,3,2,3,2,11,3,12,2,5
1375,3,2,3,2,11,3,12,2,5
1376,3,2,3,2,11,3,12,2,5
1377,3,2,3,2,11,3,12,2,5
1378,3,2,3,2,11,3,12,2,5
1379,3,2,3,2,11,2,12,1,6
1380,3,2,3,2,11,2,12,1,6
1381,3,2,3,2,11,2,12,1,6
1382,3,2,3,2,11,2,12,1,7
1383,3,2,3,2,11,2,12,1,7
1384,3,2,3,2,11,3,12,1,6
1385,3,2,3,2,11,3,12,1,6
1386,3,2,3,2,11,3,12,1,6
1387,3,2,3,2,11,2,12,1,8
1388,3,2,3,2,11,2,12,1,8
1389,3,2,3,2,11,2,12,1,7
1390,3,2,3,2,11,2,12,1,7
1391,3,2,3,2,11,2,12,1,7
1392,3,2,3,2,10,3,12,1,7
1393,3,2,3,2,10,3,12,1,7
1394,3,2,3,2,10,3,12,1,7
1395,3,2,3,2,10,3,12,1,7
1396,3,2,3,2,10,3,12,1,7
1397,3,2,3,2,11,3,12,1,7
1398,3,2,3,2,11,3,12,1,7
1399,3,2,3,2,10,3,12,1,6
1400,3,2,3,2,10,3,12,1,6
1401,3,2,3,2,10,3,12,1,6
1402,3,2,3,2,10,3,12,1,6
1403,3,2,3,2,10,3,12,1,6
1404,3,2,3,2,10,3,12,1,7
1405,3,2,3,2,10,3,12,1,7
1406,3,2,3,2,10,3,12,1,7
1407,3,2,3,2,10,3,12,1,7
1408,3,2,3,2,10,2,12,1,7
1409,3,2,3,2,10,4,12,0,7
1410,3,2,3,2,10,4,12,0,7
1411,3,2,3,2,10,4,12,0,7
1412,3,2,3,2,10,3,12,1,7
1413,3,2,3,2,10,3,12,1,7
1414,3,2,3,2,10,2,12,1,7
1415,3,2,3,2,10,2,12,1,7
1416,3,2,3,2,10,2,12,1,7
1417,3,2,3,2,10,2,12,1,7
1418,3,2,3,2,10,2,12,1,7
1419,3,2,3,2,10,2,12,0,7
1420,3,2,3,2,10,2,12,0,7
1421,3,2,3,2,10,2,12,0,7
1422,3,2,3,2,10,2,12,0,6
1423,3,2,3,2,10,2,12,0,6
1424,3,2,3,2,10,2,12,0,6
1425,3,2,3,2,10,2,12,0,6
1426,3,2,3,2,10,2,12,0,6
1427,3,2,3,2,10,3,12,0,6
1428,3,2,3,2,10,3,12,0,6
1429,3,2,3,2,10,3,12,0,6
1430,3,2,3,2,10,3,12,0,6
1431,3,2,3,2,10,3,12,0,6
1432,3,2,3,2,9,4,12,0,7
1433,3,2,3,2,9,4,12,0,7
1434,3,2,3,2,10,3,12,0,7
1435,3,2,3,2,10,3,12,0,7
1436,3,2,3,2,10,3,12,0,7
1437,3,2,3,2,10,3,12,0,7
1438,3,2,3,2,10,3,12,0,7
1439,3,2,3,2,10,3,12,0,6
1440,3,2,3,2,10,3,12,0,6
1441,3,2,3,2,10,3,12,0,6
1442,3,2,3,2,10,3,12,0,6
1443,3,2,3,2,10,3,12,0,6
1444,3,2,3,2,10,3,12,0,6
1445,3,2,3,2,10,3,12,0,6
1446,3,2,3,2,10,3,12,0,6
1447,3,2,3,2,10,3,12,0,6
1448,3,2,3,2,10,3,12,0,6
1449,3,2,3,2,10,3,12,0,5
1450,3,2,3,2,10,3,12,0,5
1451,3,2,3,2,10,3,12,0,5
1452,3,2,3,2,9,4,12,0,5
1453,3,2,3,2,9,4,12,0,5
1454,3,2,3,2,9,4,12,0,5
1455,3,2,3,2,9,4,12,0,5
1456,3,2,3,2,9,4,12,0,5
1457,3,2,3,2,9,4,12,0,5
1458,3,2,3,2,9,4,12,0,5
1459,3,2,3,2,9,4,12,0,5
1460,3,2,3,2,9,4,12,0,5
1461,3,2,3,2,9,4,12,0,5
1462,3,2,3,2,9,4,12,0,5
1463,3,2,3,2,9,4,12,0,5
1464,3,2,3,2,9,4,12,0,5
1465,3,2,3,2,9,4,12,0,5
1466,3,2,3,2,9,4,12,0,5
1467,3,2,3,2,9,4,12,0,4
1468,3,2,3,2,9,4,12,0,4
1469,3,2,3,2,9,4,12,0,4
1470,3,2,3,2,9,4,12,0,4
1471,3,2,3,2,9,4,12,0,4
1472,3,2,3,2,9,4,12,0,4
1473,3,2,3,2,9,4,12,0,4
1474,3,2,3,2,9,4,12,0,4
1475,3,2,3,2,9,4,12,0,4
1476,3,2,3,2,9,4,12,0,4
1477,3,2,3,2,9,4,12,0,3
1478,3,2,3,2,9,4,12,0,3
1479,3,2,3,2,9,4,12,0,3
1480,3,2,3,2,9,4,12,0,3
1481,3,2,3,2,9,4,12,0,3
1482,3,2,3,2,9,4,12,0,3
1483,3,2,3,2,9,4,12,0,3
1484,3,2,3,2,9,4,12,0,3
1485,3,2,3,2,9,4,12,0,3
1486,3,2,3,2,9,4,12,0,3
1487,3,2,3,2,9,4,12,0,3
1488,3,2,3,2,9,4,12,0,3
1489,3,2,3,2,9,4,12,0,3
1490,3,2,3,2,9,4,12,0,3
1491,3,2,3,2,9,4,12,0,3
1492,3,2,3,2,9,4,12,0,3
1493,3,2,3,2,9,4,12,0,3
1494,3,2,3,2,9,4,12,0,2
1495,3,2,3,2,9,4,12,0,2
1496,3,2,3,2,9,4,12,0,2
1497,3,2,3,2,9,4,12,0,2
1498,3,2,3,2,9,4,12,0,2
1499,3,2,3,2,9,4,11,0,2
1500,3,2,3,2,9,4,11,0,2
1501,3,2,3,2,9,4,11,0,2
1502,3,2,3,2,9,4,12,0,2
1503,3,2,3,2,9,4,12,0,2
1504,3,2,3,2,9,4,12,0,2
1505,3,2,3,2,9,4,12,0,2
1506,3,2,3,2,9,4,12,0,2
1507,3,2,3,2,9,4,12,0,1
1508,3,2,3,2,9,4,12,0,1
1509,3,2,3,2,9,4,11,0,1
1510,3,2,3,2,9,4,11,0,1
1511,3,2,3,2,9,4,11,0,1
1512,3,2,3,2,9,4,11,0,1
1513,3,2,3,2,9,4,11,0,1
1514,3,2,3,2,9,4,11,0,1
1515,3,2,3,2,9,4,12,0,1
1516,3,2,3,2,9,4,12,0,1
1517,3,2,3,2,9,4,12,0,1
1518,3,2,3,2,9,4,12,0,1
1519,3,2,3,2,9,4,12,0,1
1520,3,2,3,2,9,4,12,0,0
1521,3,2,3,2,9,4,12,0,0
1522,3,2,3,2,9,4,12,0,0
1523,3,2,3,2,9,4,12,0,0
1524,3,2,3,2,9,4,12,0,0
1525,3,2,3,2,9,4,12,0,0
1526,3,2,3,2,9,4,12,0,0
1527,3,2,3,2,9,4,12,0,0
1528,3,2,3,2,9,4,12,0,0
1529,3,2,3,2,9,4,12,0,0
1530,3,2,3,2,9,4,12,0,0
1531,3,2,3,2,9,4,12,0,0
1532,3,2,3,2,9,4,12,0,0
1533,3,2,3,2,9,4,12,0,0
1534,3,2,3,2,9,4,12,0,0
1535,3,2,3,2,9,4,12,0,0
1536,3,2,3,2,9,4,12,0,0
1537,3,2,3,2,9,4,12,0,0
1538,3,2,3,2,9,4,12,0,0
1539,3,2,3,2,9,4,12,0,0
1540,3,2,3,2,9,4,12,0,0
1541,3,2,3,2,9,4,12,0,0
1542,3,2,3,2,9,4,12,0,0
1543,3,2,3,2,9,4,12,0,0
1544,3,2,3,2,9,4,12,0,0
1545,3,2,3,2,9,4,12,0,0
1546,3,2,3,2,9,4,12,0,0
1547,3,2,3,2,9,4,12,0,0
1548,3,2,3,2,9,4,12,0,0
1549,3,2,3,2,9,4,12,0,0
1550,3,2,3,2,9,4,12,0,0
1551,3,2,3,2,9,4,12,0,0
1552,3,2,3,2,9,4,12,0,1
1553,3,2,3,2,9,4,12,0,1
1554,3,2,3,2,9,4,12,0,1
1555,3,2,3,2,9,4,12,0,1
1556,3,2,3,2,9,4,12,0,1
1557,3,2,3,2,8,3,12,0,1
1558,3,2,3,2,8,4,12,0,1
1559,3,2,2,2,8,3,12,0,1
1560,3,2,3,2,8,3,12,0,1
1561,3,2,3,2,8,3,12,0,1
1562,3,2,3,2,8,3,12,0,1
1563,3,2,3,2,8,3,12,0,1
1564,3,2,3,2,8,3,12,0,1
1565,3,2,3,2,8,4,13,0,1
1566,3,2,3,2,8,4,13,0,1
1567,3,2,3,2,8,4,12,0,2
1568,3,2,3,2,8,4,12,0,2
1569,3,2,3,2,8,4,12,0,2
1570,3,2,3,2,8,4,12,0,2
1571,3,2,3,2,8,4,12,0,2
1572,3,2,3,2,8,4,12,0,1
1573,3,2,3,2,8,4,12,0,1
1574,3,2,3,2,8,4,12,0,1
1575,3,2,3,2,8,4,12,0,1
1576,3,2,3,2,8,4,12,0,1
1577,3,2,3,2,8,3,12,0,2
1578,3,2,3,2,8,3,12,0,2
1579,3,2,3,2,8,3,12,0,2
1580,3,2,3,2,8,3,12,0,2
1581,3,2,3,2,8,4,12,0,2
1582,3,2,3,2,8,4,12,0,2
1583,3,2,3,2,8,4,12,0,2
1584,3,2,3,2,8,4,12,0,2
1585,3,2,3,2,8,3,12,0,2
1586,3,2,3,2,8,3,12,0,2
1587,3,2,3,2,8,3,12,0,2
1588,3,2,3,2,8,3,12,0,2
1589,3,2,3,2,8,3,12,0,2
1590,3,2,3,2,8,4,12,0,2
1591,3,2,3,2,8,4,12,0,2
1592,3,2,3,2,8,4,12,0,2
1593,3,2,3,2,8,4,12,0,2
1594,3,2,3,2,8,4,12,0,2
1595,3,2,3,2,8,3,13,0,2
1596,3,2,3,2,8,3,13,0,2
1597,3,2,3,2,8,3,13,0,3
1598,3,2,3,2,8,3,13,0,3
1599,3,2,3,2,8,3,13,0,3
1600,3,2,3,2,8,3,12,0,3
1601,3,2,3,2,8,3,12,0,3
1602,3,2,3,2,7,3,12,0,3
1603,3,2,3,2,7,3,12,0,3
1604,3,2,3,2,7,3,12,0,3
1605,3,2,3,2,7,3,11,0,3
1606,3,2,3,2,7,3,11,0,3
1607,3,2,3,2,6,3,11,0,3
1608,3,2,3,2,6,3,11,0,3
1609,3,2,3,2,6,3,11,0,3
1610,3,2,3,2,6,3,11,0,5
1611,3,2,3,2,6,3,11,0,5
1612,3,2,3,2,6,3,11,0,6
1613,3,2,3,2,6,3,11,0,6
1614,3,2,3,2,6,3,11,0,6
1615,3,2,3,2,7,3,11,0,6
1616,3,2,3,2,7,3,11,0,6
1617,3,2,3,2,6,3,11,0,6
1618,3,2,3,2,6,3,11,0,6
1619,3,2,3,2,6,3,11,0,6
1620,3,2,3,2,7,3,11,0,6
1621,3,2,3,2,7,3,11,0,6
1622,3,2,3,2,6,3,11,0,6
1623,3,2,3,2,6,3,11,0,6
1624,3,2,3,2,6,3,11,0,6
1625,3,2,3,2,6,3,9,0,6
1626,3,2,3,2,6,3,10,0,6
1627,3,2,3,2,6,3,10,0,6
1628,3,2,3,2,6,3,10,0,6
1629,3,2,3,2,6,3,10,0,6
1630,3,2,3,2,7,3,10,0,6
1631,3,2,3,2,7,3,10,0,6
1632,3,2,3,2,7,3,10,0,7
1633,3,2,3,2,7,3,10,0,7
1634,3,2,3,2,7,3,10,0,7
1635,3,2,3,2,6,3,9,0,7
1636,3,2,3,2,6,3,9,0,7
1637,3,2,3,2,5,4,9,0,7
1638,3,2,3,2,5,4,9,0,7
1639,3,2,3,2,5,4,9,0,7
1640,3,2,3,2,5,3,7,0,7
1641,3,2,3,2,5,2,7,0,7
1642,3,2,3,2,6,3,8,0,6
1643,3,2,3,2,6,3,8,0,6
1644,3,2,3,2,6,3,8,0,6
1645,3,2,3,2,5,2,7,0,7
1646,3,2,3,2,5,2,8,0,7
1647,3,2,3,2,6,2,7,0,9
1648,3,2,3,2,5,2,7,0,9
1649,3,2,3,2,5,2,7,0,9
1650,3,2,3,2,5,2,7,0,9
1651,3,2,3,2,5,2,7,0,9
1652,3,2,3,2,5,2,6,0,9
1653,3,2,3,2,5,2,6,0,9
1654,3,2,3,2,5,2,6,0,9
1655,3,2,3,2,5,2,6,0,10
1656,3,2,3,2,5,2,6,0,10
1657,3,2,3,2,4,2,7,0,9
1658,3,2,3,2,4,2,7,0,9
1659,3,2,3,2,4,2,7,0,9
1660,3,2,3,2,4,2,7,0,9
1661,3,2,3,2,4,2,7,0,9
1662,3,2,3,2,4,3,5,0,9
1663,3,2,3,2,4,3,5,0,9
1664,3,2,3,2,4,3,5,0,9
1665,3,2,3,2,4,2,5,0,9
1666,3,2,3,2,4,2,5,0,9
1667,3,2,3,2,4,2,5,0,9
1668,3,2,3,2,4,2,5,0,9
1669,3,2,3,2,4,2,5,0,9
1670,3,2,3,2,3,2,5,0,11
1671,3,2,3,2,3,2,5,0,11
1672,3,2,3,2,3,2,5,0,10
1673,3,2,3,2,3,2,6,0,10
1674,3,2,3,2,3,2,6,0,10
1675,3,2,3,2,3,2,7,0,10
1676,3,2,3,2,3,2,7,0,10
1677,3,2,3,2,3,2,7,0,11
1678,3,2,3,2,3,2,7,0,11
1679,3,2,3,2,3,2,6,0,11
1680,3,2,3,2,3,2,7,0,11
1681,3,2,3,2,3,2,7,0,11
1682,3,2,3,2,2,2,7,0,11
1683,3,2,3,2,3,2,7,0,11
1684,3,2,3,2,3,2,7,0,11
1685,3,2,3,2,3,2,7,0,11
1686,3,2,3,2,3,2,7,0,11
1687,3,2,3,2,3,2,7,0,10
1688,3,2,3,2,3,2,7,0,10
1689,3,2,3,2,3,2,7,0,10
1690,3,2,3,2,3,2,7,0,10
1691,3,2,3,2,3,2,7,0,10
1692,3,2,3,2,3,2,7,0,10
1693,3,2,3,2,3,2,7,0,10
1694,3,2,3,2,3,2,7,0,10
1695,3,2,3,2,3,2,6,0,10
1696,3,2,3,2,3,2,6,0,10
1697,3,2,3,2,3,2,5,0,10
1698,3,2,3,2,3,2,5,0,10
1699,3,2,3,2,3,2,5,0,10
1700,3,2,3,2,3,2,4,0,9
1701,3,2,3,2,3,2,4,0,9
1702,3,2,3,2,3,2,4,0,9
1703,3,2,3,2,3,2,4,0,9
1704,3,2,3,2,3,2,4,0,9
1705,3,2,3,2,3,2,4,0,11
1706,3,2,3,2,3,2,4,0,11
1707,3,2,3,2,3,2,4,0,11
1708,3,2,3,2,4,2,4,0,11
1709,3,2,3,2,4,2,4,0,11
1710,3,2,3,2,3,1,5,0,10
1711,3,2,3,2,3,1,5,0,10
1712,3,2,3,2,3,1,5,0,10
1713,3,2,3,2,3,1,6,0,10
1714,3,2,3,2,3,1,6,0,10
1715,3,2,3,2,3,1,6,0,12
1716,3,2,3,2,3,1,6,0,12
1717,3,2,3,2,2,1,6,0,12
1718,3,2,3,2,2,2,6,0,13
1719,3,2,3,2,2,2,6,0,12
1720,3,2,3,2,2,2,6,0,12
1721,3,2,3,2,2,2,6,0,12
1722,3,2,3,2,2,2,6,0,12
1723,3,2,3,2,2,2,6,0,12
1724,3,2,3,2,2,2,6,0,12
1725,3,2,3,2,3,2,6,0,10
1726,3,2,3,2,3,2,7,0,10
1727,3,2,3,2,3,2,7,0,9
1728,3,2,3,2,4,2,7,0,10
1729,3,2,3,2,4,2,7,0,9
1730,3,2,3,2,4,2,7,0,9
1731,3,2,3,2,4,2,7,0,9
1732,3,2,3,2,4,2,7,0,9
1733,3,2,3,2,4,2,7,0,9
1734,3,2,3,2,4,2,7,0,9
1735,3,2,3,2,4,2,5,0,8
1736,3,2,3,2,4,2,5,0,8
1737,3,2,3,2,4,2,5,0,9
1738,3,2,3,2,4,2,5,0,9
1739,3,2,3,2,4,2,5,0,9
1740,3,2,3,2,4,2,5,0,9
1741,3,2,3,2,4,2,5,0,9
1742,3,2,3,2,3,2,4,0,10
1743,3,2,3,2,3,2,5,0,10
1744,3,2,3,2,3,2,5,0,10
1745,3,2,3,2,3,2,6,0,10
1746,3,2,3,2,3,2,6,0,10
1747,3,2,3,2,3,2,5,0,11
1748,3,2,3,2,3,2,5,0,11
1749,3,2,3,2,3,2,5,0,11
1750,3,2,3,2,3,2,7,0,12
1751,3,2,3,2,3,2,7,0,12
1752,3,2,3,2,3,2,6,0,10
1753,3,2,3,2,3,2,6,0,10
1754,3,2,3,2,3,2,6,0,10
1755,3,2,3,2,3,2,6,0,9
1756,3,2,3,2,3,2,6,0,9
1757,3,2,3,2,3,2,6,0,8
1758,3,2,3,2,3,2,6,0,8
1759,3,2,3,2,3,2,6,0,8
1760,3,2,3,2,4,2,6,0,8
1761,3,2,3,2,4,2,6,0,8
1762,3,2,3,2,4,2,6,0,8
1763,3,2,3,2,4,2,7,0,7
1764,3,2,3,2,4,2,7,0,8
1765,3,2,3,2,4,2,6,0,7
1766,3,2,3,2,4,2,6,0,7
1767,3,2,3,2,4,2,6,0,7
1768,3,2,3,2,4,3,6,0,7
1769,3,2,3,2,4,3,6,0,7
1770,3,2,3,2,4,3,6,0,8
1771,3,2,3,2,4,3,6,0,8
1772,3,2,3,2,4,3,5,0,8
1773,3,2,3,2,4,3,6,0,8
1774,3,2,3,2,4,3,6,0,8
1775,3,2,3,2,3,3,6,0,8
1776,3,2,3,2,3,3,6,0,8
1777,3,2,3,2,2,3,6,0,7
1778,3,2,3,2,2,3,6,0,7
1779,3,2,3,2,2,3,6,0,7
1780,3,2,3,2,2,3,6,0,10
1781,3,2,3,2,2,3,6,0,10
1782,3,2,3,2,2,3,5,0,10
1783,3,2,3,2,2,3,5,0,10
1784,3,2,3,2,2,3,5,0,10
1785,3,2,3,2,3,3,6,0,10
1786,3,2,3,2,3,3,6,0,10
1787,3,2,3,2,3,3,6,0,10
1788,3,2,3,2,3,3,6,0,10
1789,3,2,3,2,3,3,6,0,10
1790,3,2,3,2,3,3,6,0,10
1791,3,2,3,2,3,3,6,0,10
1792,3,2,3,2,3,2,6,0,10
1793,3,2,3,2,3,2,6,0,10
1794,3,2,3,2,3,2,6,0,10
1795,3,2,3,2,3,3,5,0,10
1796,3,2,3,2,3,3,5,0,10
1797,3,2,3,2,3,3,4,0,10
1798,3,2,3,2,3,3,4,0,10
1799,3,2,3,2,3,3,4,0,10
1800,3,2,3,2,3,3,4,0,11
1801,3,2,3,2,3,3,4,0,11
1802,3,2,3,2,3,3,4,0,11
1803,3,2,3,2,4,3,4,0,11
1804,3,2,3,2,4,3,4,0,11
1805,3,2,3,2,4,3,4,0,11
1806,3,2,3,2,4,3,4,0,11
1807,3,2,3,2,3,3,4,0,11
1808,3,2,3,2,3,3,5,0,11
1809,3,2,3,2,3,3,5,0,11
1810,3,2,3,2,3,2,5,0,10
1811,3,2,3,2,3,2,5,0,10
1812,3,2,3,2,4,2,5,0,11
1813,3,2,3,2,4,2,6,0,11
1814,3,2,3,2,4,2,6,0,11
1815,3,2,3,2,3,3,6,0,10
1816,3,2,3,2,3,3,6,0,10
1817,3,2,3,2,3,3,6,0,10
1818,3,2,3,2,4,3,6,0,10
1819,3,2,3,2,4,3,6,0,10
1820,3,2,3,2,4,3,6,0,10
1821,3,2,3,2,4,3,6,0,10
1822,3,2,3,2,4,3,6,0,10
1823,3,2,3,2,4,3,6,0,10
1824,3,2,3,2,4,3,6,0,10
1825,3,2,3,2,4,2,5,0,10
1826,3,2,3,2,4,2,5,0,10
1827,3,2,3,2,4,2,4,0,10
1828,3,2,3,2,4,2,4,0,10
1829,3,2,3,2,4,2,4,0,10
1830,3,2,3,2,4,2,4,0,13
1831,3,2,3,2,4,2,4,0,13
1832,3,2,3,2,4,2,4,0,12
1833,3,2,3,2,4,2,4,0,12
1834,3,2,3,2,4,2,4,0,12
1835,3,2,3,2,4,2,4,0,11
1836,3,2,3,2,4,2,4,0,11
1837,3,2,3,2,2,2,4,0,11
1838,3,2,3,2,2,2,4,0,11
1839,3,2,3,2,2,2,4,0,11
1840,3,2,3,2,2,2,4,0,12
1841,3,2,3,2,2,2,4,0,12
1842,3,2,3,2,2,2,4,0,12
1843,3,2,3,2,2,2,5,0,12
1844,3,2,3,2,2,2,5,0,12
1845,3,2,3,2,2,2,4,0,11
1846,3,2,3,2,2,2,4,0,11
1847,3,2,3,2,2,1,4,0,11
1848,3,2,3,2,2,1,5,0,11
1849,3,2,3,2,2,1,5,0,11
1850,3,2,3,2,2,1,5,0,11
1851,3,2,3,2,2,1,5,0,11
1852,3,2,3,2,2,1,5,0,13
1853,3,2,3,2,2,1,5,0,13
1854,3,2,3,2,2,1,5,0,13
1855,3,2,3,2,2,1,5,0,13
1856,3,2,3,2,2,1,5,0,13
1857,3,2,3,2,2,1,4,0,12
1858,3,2,3,2,2,1,4,0,12
1859,3,2,3,2,2,1,4,0,12
1860,3,2,3,2,2,1,4,0,13
1861,3,2,3,2,2,1,4,0,13
1862,3,2,3,2,2,1,4,0,12
1863,3,2,3,2,2,1,4,0,12
1864,3,2,3,2,2,1,4,0,12
1865,3,2,3,2,2,1,4,0,13
1866,3,2,3,2,2,1,4,0,13
1867,3,2,3,2,2,1,4,0,12
1868,3,2,3,2,2,1,4,0,12
1869,3,2,3,2,2,1,4,0,12
1870,3,2,3,2,1,1,4,0,12
1871,3,2,3,2,1,1,4,0,12
1872,3,2,3,2,1,1,4,0,12
1873,3,2,3,2,1,1,4,0,12
1874,3,2,3,2,1,1,4,0,12
1875,3,2,3,2,1,1,5,0,13
1876,3,2,3,2,1,1,5,0,13
1877,3,2,3,2,1,1,5,0,13
1878,3,2,3,2,1,1,5,0,13
1879,3,2,3,2,1,1,5,0,13
1880,3,2,3,2,1,1,4,0,12
1881,3,2,3,2,1,1,4,0,12
1882,3,2,3,2,1,1,3,0,13
1883,3,2,3,2,1,1,4,0,13
1884,3,2,3,2,1,1,4,0,13
1885,3,2,3,2,1,1,4,0,14
1886,3,2,3,2,1,1,4,0,14
1887,3,2,3,2,1,1,4,0,13
1888,3,2,3,2,1,1,4,0,13
1889,3,2,3,2,1,1,4,0,13
1890,3,2,3,2,1,1,4,0,13
1891,3,2,3,2,1,1,4,0,13
1892,3,2,3,2,1,1,4,0,11
1893,3,2,3,2,2,1,4,0,11
1894,3,2,3,2,2,1,4,0,11
1895,3,2,3,2,2,1,4,0,11
1896,3,2,3,2,2,1,4,0,11
1897,3,2,3,2,2,1,4,0,11
1898,3,2,3,2,2,1,4,0,11
1899,3,2,3,2,2,1,4,0,11
1900,3,2,3,2,2,1,4,0,11
1901,3,2,3,2,2,1,4,0,11
1902,3,2,3,2,2,1,4,0,11
1903,3,2,3,2,2,1,4,0,11
1904,3,2,3,2,2,1,4,0,11
1905,3,2,3,2,1,1,4,0,10
1906,3,2,3,2,1,1,4,0,10
1907,3,2,3,2,1,1,4,0,9
1908,3,2,3,2,1,1,5,0,9
1909,3,2,3,2,1,1,5,0,9
1910,3,2,3,2,1,1,4,0,7
1911,3,2,3,2,1,1,4,0,7
1912,3,2,3,2,1,1,4,0,7
1913,3,2,3,2,1,1,4,0,7
1914,3,2,3,2,1,1,4,0,7
1915,3,2,3,2,2,1,5,0,8
1916,3,2,3,2,2,1,5,0,8
1917,3,2,3,2,2,1,4,0,8
1918,3,2,3,2,2,1,4,0,8
1919,3,2,2,2,2,1,4,0,8
1920,3,2,3,2,2,1,4,0,9
1921,3,2,3,2,2,1,4,0,9
1922,3,2,3,2,2,1,4,0,10
1923,3,2,3,2,3,1,4,0,10
1924,3,2,3,2,3,1,4,0,10
1925,3,2,3,2,3,1,4,0,8
1926,3,2,3,2,3,1,4,0,8
1927,3,2,3,2,3,1,4,0,8
1928,3,2,3,2,3,1,4,0,8
1929,3,2,3,2,3,1,4,0,8
1930,3,2,3,2,2,1,4,0,7
1931,3,2,3,2,2,1,4,0,7
1932,3,2,3,2,2,1,4,0,8
1933,3,2,3,2,2,1,4,0,8
1934,3,2,3,2,2,1,4,0,8
1935,3,2,3,2,2,1,5,0,8
1936,3,2,3,2,2,1,5,0,8
1937,3,2,3,2,2,1,5,0,8
1938,3,2,3,2,2,1,5,0,8
1939,3,2,3,2,2,1,5,0,8
1940,3,2,3,2,2,2,5,0,7
1941,3,2,3,2,2,2,5,0,7
1942,3,2,3,2,2,2,5,0,7
1943,3,2,3,2,2,2,6,0,7
1944,3,2,3,2,2,2,6,0,7
1945,3,2,3,2,2,2,5,0,8
1946,3,2,3,2,2,2,5,0,8
1947,3,2,3,2,2,2,5,0,6
1948,3,2,3,2,2,2,5,0,6
1949,3,2,3,2,2,2,5,0,6
1950,3,2,3,2,2,2,5,0,7
1951,3,2,3,2,2,2,5,0,7
1952,3,2,3,2,2,2,4,0,7
1953,3,2,3,2,2,2,4,0,7
1954,3,2,3,2,2,2,4,0,7
1955,3,2,3,2,2,2,4,0,7
1956,3,2,3,2,2,2,4,0,7
1957,3,2,3,2,2,2,4,0,8
1958,3,2,3,2,2,2,4,0,8
1959,3,2,3,2,2,2,4,0,8
1960,3,2,3,2,3,2,4,0,8
1961,3,2,3,2,3,2,4,0,8
1962,3,2,3,2,4,1,4,0,8
1963,3,2,3,2,4,1,5,0,8
1964,3,2,3,2,4,1,5,0,8
1965,3,2,3,2,3,2,5,0,8
1966,3,2,3,2,3,2,5,0,8
1967,3,2,3,2,3,1,5,0,7
1968,3,2,3,2,3,1,5,0,7
1969,3,2,3,2,3,1,5,0,7
1970,3,2,3,2,2,1,5,0,6
1971,3,2,3,2,2,1,5,0,6
1972,3,2,3,2,2,1,5,0,7
1973,3,2,3,2,3,1,5,0,7
1974,3,2,3,2,3,1,5,0,7
1975,3,2,3,2,3,1,4,0,8
1976,3,2,3,2,3,1,4,0,8
1977,3,2,3,2,3,1,4,0,8
1978,3,2,3,2,3,1,4,0,8
1979,3,2,3,2,3,1,4,0,8
1980,3,2,3,2,3,1,4,0,9
1981,3,2,3,2,3,1,4,0,9
1982,3,2,3,2,3,1,3,0,8
1983,3,2,3,2,4,1,3,0,8
1984,3,2,3,2,4,1,3,0,8
1985,3,2,3,2,3,1,4,0,8
1986,3,2,3,2,3,1,4,0,8
1987,3,2,3,2,2,2,4,0,6
1988,3,2,3,2,2,2,4,0,6
1989,3,2,3,2,2,2,4,0,6
1990,3,2,3,2,2,2,4,0,7
1991,3,2,3,2,2,2,4,0,7
1992,3,2,3,2,2,2,4,0,8
1993,3,2,3,2,3,1,4,0,8
1994,3,2,3,2,3,1,4,0,8
1995,3,2,3,2,2,2,4,0,8
1996,3,2,3,2,2,2,4,0,8
1997,3,2,3,2,2,2,4,0,8
1998,3,2,3,2,2,2,4,0,8
1999,3,2,3,2,2,2,4,0,8
2000,3,2,3,2,2,1,3,0,8
2001,3,2,3,2,2,1,3,0,8
2002,3,2,3,2,2,1,3,0,8
2003,3,2,3,2,3,1,3,0,8
2004,3,2,3,2,3,1,3,0,8
2005,3,2,3,2,2,2,3,0,8
2006,3,2,3,2,2,2,3,0,8
2007,3,2,3,2,3,1,3,0,9
2008,3,2,3,2,3,1,3,0,9
2009,3,2,3,2,3,1,3,0,9
2010,3,2,3,2,4,1,2,0,8
2011,3,2,3,2,4,1,2,0,8
2012,3,2,3,2,4,1,2,0,8
2013,3,2,3,2,2,2,2,0,7
2014,3,2,3,2,2,2,2,0,7
2015,3,2,3,2,2,2,2,0,8
2016,3,2,3,2,2,2,3,0,8
2017,3,2,3,2,2,2,3,0,8
2018,3,2,3,2,2,3,3,0,9
2019,3,2,3,2,2,3,3,0,9
2020,3,2,3,2,2,2,3,0,9
2021,3,2,3,2,2,2,3,0,9
2022,3,2,3,2,2,2,3,0,9
2023,3,2,3,2,2,1,3,0,9
2024,3,2,3,2,2,1,3,0,9
2025,3,2,3,2,2,1,3,0,9
2026,3,2,3,2,2,2,3,0,9
2027,3,2,3,2,2,2,3,0,9
2028,3,2,3,2,1,3,3,0,9
2029,3,2,3,2,1,3,3,0,9
2030,3,2,3,2,1,2,3,0,9
2031,3,2,3,2,2,2,4,0,9
2032,3,2,3,2,2,2,4,0,9
2033,3,2,3,2,2,3,3,0,9
2034,3,2,3,2,2,3,3,0,9
2035,3,2,3,2,2,2,3,0,9
2036,3,2,3,2,2,2,3,0,9
2037,3,2,3,2,2,2,3,0,9
2038,3,2,3,2,2,2,3,0,9
2039,3,2,3,2,2,2,3,0,9
2040,3,2,3,2,2,2,3,0,11
2041,3,2,3,2,3,2,3,0,11
2042,3,2,3,2,3,2,3,0,11
2043,3,2,3,2,3,2,3,0,11
2044,3,2,3,2,3,2,3,0,11
2045,3,2,3,2,3,2,2,0,11
2046,3,2,3,2,4,2,2,0,11
2047,3,2,3,2,4,2,2,0,11
2048,3,2,3,2,3,2,2,0,10
2049,3,2,3,2,3,2,2,0,10
2050,3,2,3,2,3,2,2,0,8
2051,3,2,3,2,3,2,2,0,8
2052,3,2,3,2,3,2,2,0,8
2053,3,2,3,2,3,2,2,0,9
2054,3,2,3,2,3,2,2,0,9
2055,3,2,3,2,3,2,2,0,8
2056,3,2,3,2,3,2,2,0,8
2057,3,2,3,2,3,2,2,0,8
2058,3,2,3,2,2,2,2,0,8
2059,3,2,3,2,2,2,2,0,8
2060,3,2,3,2,2,2,2,0,8
2061,3,2,3,2,2,2,2,0,8
2062,3,2,3,2,2,2,2,0,8
2063,3,2,3,2,2,2,2,0,9
2064,3,2,3,2,2,2,2,0,9
2065,3,2,3,2,2,2,2,0,8
2066,3,2,3,2,2,2,2,0,8
2067,3,2,3,2,2,2,2,0,8
2068,3,2,3,2,2,2,2,0,8
2069,3,2,3,2,2,2,2,0,8
2070,3,2,3,2,2,2,2,0,8
2071,3,2,3,2,2,2,2,0,8
2072,3,2,3,2,2,2,2,0,8
2073,3,2,3,2,1,2,3,0,8
2074,3,2,3,2,1,2,3,0,8
2075,3,2,3,2,1,2,2,0,8
2076,3,2,3,2,1,2,2,0,8
2077,3,2,3,2,1,2,2,0,8
2078,3,2,3,2,1,2,2,0,7
2079,3,2,3,2,1,2,2,0,7
2080,3,2,3,2,0,2,2,0,6
2081,3,2,3,2,0,2,2,0,6
2082,3,2,3,2,0,2,2,0,6
2083,3,2,3,2,1,2,2,0,8
2084,3,2,3,2,1,2,2,0,8
2085,3,2,3,2,1,2,2,0,8
2086,3,2,3,2,2,2,2,0,8
2087,3,2,3,2,2,2,2,0,8
2088,3,2,3,2,2,2,1,0,8
2089,3,2,3,2,2,2,1,0,8
2090,3,2,3,2,2,2,1,0,8
2091,3,2,3,2,2,2,1,0,8
2092,3,2,3,2,2,2,1,0,8
2093,3,2,3,2,3,2,1,0,9
2094,3,2,3,2,3,2,1,0,9
2095,3,2,3,2,3,2,1,0,9
2096,3,2,3,2,3,2,1,0,9
2097,3,2,3,2,3,2,1,0,9
2098,3,2,3,2,3,2,1,0,9
2099,3,2,3,2,3,2,1,0,9
2100,3,2,3,2,3,2,1,0,9
2101,3,2,3,2,3,2,1,0,9
2102,3,2,3,2,3,2,1,0,9
2103,3,2,3,2,2,2,1,0,8
2104,3,2,3,2,2,2,1,0,8
2105,3,2,3,2,2,2,1,0,8
2106,3,2,3,2,2,2,2,0,8
2107,3,2,3,2,2,2,2,0,8
2108,3,2,3,2,3,2,2,0,8
2109,3,2,3,2,3,2,2,0,8
2110,3,2,3,2,3,2,2,0,8
2111,3,2,3,2,3,2,2,0,8
2112,3,2,3,2,3,2,2,0,8
2113,3,2,3,2,3,2,2,0,7
2114,3,2,3,2,3,2,2,0,7
2115,3,2,3,2,3,2,2,0,5
2116,3,2,3,2,3,2,2,0,5
2117,3,2,3,2,3,2,2,0,5
2118,3,2,3,2,3,2,2,0,5
2119,3,2,3,2,3,2,2,0,5
2120,3,2,3,2,3,2,2,0,5
2121,3,2,3,2,3,2,2,0,5
2122,3,2,3,2,3,2,2,0,5
2123,3,2,3,2,2,2,2,0,5
2124,3,2,3,2,2,2,2,0,5
2125,3,2,3,2,3,2,1,0,4
2126,3,2,3,2,3,2,1,0,3
2127,3,2,3,2,3,2,1,0,3
2128,3,2,3,2,3,2,1,0,5
2129,3,2,3,2,3,2,1,0,5
2130,3,2,3,2,3,2,1,0,5
2131,3,2,3,2,4,2,1,0,4
2132,3,2,3,2,4,2,1,0,4
2133,3,2,3,2,3,2,1,0,5
2134,3,2,3,2,3,2,1,0,5
2135,3,2,3,2,2,2,1,0,6
2136,3,2,3,2,2,2,1,0,6
2137,3,2,3,2,3,2,1,0,6
2138,3,2,3,2,2,2,1,0,6
2139,3,2,3,2,2,2,1,0,6
2140,3,2,3,2,3,2,1,0,5
2141,3,2,3,2,4,2,1,0,5
2142,3,2,3,2,4,2,1,0,5
2143,3,2,3,2,4,2,1,0,5
2144,3,2,3,2,4,2,1,0,5
2145,3,2,3,2,4,2,1,0,4
2146,3,2,3,2,3,2,1,0,4
2147,3,2,3,2,4,2,1,0,4
2148,3,2,3,2,3,2,1,0,5
2149,3,2,3,2,3,2,1,0,5
2150,3,2,3,2,3,2,1,0,6
2151,3,2,3,2,3,2,1,0,6
2152,3,2,3,2,3,2,1,0,6
2153,3,2,3,2,3,2,1,0,5
2154,3,2,3,2,3,2,1,0,5
2155,3,2,3,2,3,2,1,0,5
2156,3,2,3,2,3,2,1,0,5
2157,3,2,3,2,4,2,1,0,5
2158,3,2,3,2,4,2,1,1,4
2159,3,2,3,2,4,2,1,1,3
2160,3,2,3,2,4,2,0,1,3
2161,3,2,3,2,4,2,0,1,3
2162,3,2,3,2,4,2,0,1,3
2163,3,2,3,2,4,2,0,1,3
2164,3,2,3,2,4,2,0,1,3
2165,3,2,3,2,2,2,0,1,4
2166,3,2,3,2,2,2,0,1,4
2167,3,2,3,2,2,2,0,1,4
2168,3,2,3,2,2,2,0,1,4
2169,3,2,3,2,2,2,0,1,4
2170,3,2,3,2,2,2,0,1,5
2171,3,2,3,2,2,2,0,1,5
2172,3,2,3,2,2,2,0,1,5
2173,3,2,3,2,3,2,0,1,5
2174,3,2,3,2,3,2,0,1,5
2175,3,2,3,2,2,2,0,1,5
2176,3,2,3,2,3,2,0,1,5
2177,3,2,3,2,3,2,0,1,5
2178,3,2,3,2,3,2,0,1,5
2179,3,2,3,2,3,2,0,1,5
2180,3,2,3,2,2,2,0,1,6
2181,3,2,3,2,2,2,1,1,6
2182,3,2,3,2,2,2,1,1,6
2183,3,2,3,2,2,2,1,1,6
2184,3,2,3,2,2,2,1,1,6
2185,3,2,3,2,2,2,1,1,5
2186,3,2,3,2,2,2,1,1,5
2187,3,2,3,2,2,2,1,1,5
2188,3,2,3,2,2,2,1,1,5
2189,3,2,3,2,2,2,1,1,5
2190,3,2,3,2,2,2,1,1,5
2191,3,2,3,2,2,2,1,1,5
2192,3,2,3,2,2,2,1,1,5
2193,3,2,3,2,2,2,1,1,4
2194,3,2,3,2,2,2,1,1,4
2195,3,2,3,2,2,2,1,1,4
2196,3,2,3,2,2,2,1,1,4
2197,3,2,3,2,2,2,1,1,4
2198,3,2,3,2,2,2,1,1,4
2199,3,2,3,2,2,2,1,1,4
2200,3,2,3,2,2,2,1,1,4
2201,3,2,3,2,2,2,1,1,4
2202,3,2,3,2,2,2,1,1,4
2203,3,2,3,2,2,2,1,1,4
2204,3,2,3,2,2,2,1,1,4
2205,3,2,3,2,2,2,1,1,4
2206,3,2,3,2,2,2,1,1,4
2207,3,2,3,2,2,2,1,1,4
2208,3,2,3,2,2,2,1,1,3
2209,3,2,3,2,2,2,1,1,3
2210,3,2,3,2,2,2,1,1,2
2211,3,2,3,2,2,2,1,1,2
2212,3,2,3,2,2,2,1,1,2
2213,3,2,3,2,2,2,1,2,3
2214,3,2,3,2,2,2,1,2,3
2215,3,2,3,2,1,2,1,2,3
2216,3,2,3,2,1,2,1,2,3
2217,3,2,3,2,1,2,1,2,3
2218,3,2,3,2,0,2,1,2,2
2219,3,2,3,2,0,2,1,2,2
2220,3,2,3,2,0,2,1,2,3
2221,3,2,3,2,0,3,1,2,3
2222,3,2,3,2,0,3,1,2,3
2223,3,2,3,2,1,3,1,2,2
2224,3,2,3,2,1,3,1,2,2
2225,3,2,3,2,1,3,1,2,2
2226,3,2,3,2,1,3,1,2,2
2227,3,2,3,2,1,3,1,2,2
2228,3,2,3,2,1,3,1,2,2
2229,3,2,3,2,1,3,1,2,2
2230,3,2,3,2,1,3,1,2,2
2231,3,2,3,2,1,3,1,2,2
2232,3,2,3,2,1,3,1,2,2
2233,3,2,3,2,1,3,1,2,2
2234,3,2,3,2,1,3,1,2,2
2235,3,2,3,2,1,3,1,2,2
2236,3,2,3,2,1,3,1,2,2
2237,3,2,3,2,1,3,1,2,2
2238,3,2,3,2,1,3,0,2,2
2239,3,2,3,2,1,3,0,2,2
2240,3,2,3,2,1,3,0,2,2
2241,3,2,3,2,1,3,0,2,2
2242,3,2,3,2,1,3,0,2,2
2243,3,2,3,2,1,3,0,2,2
2244,3,2,3,2,1,3,0,2,2
2245,3,2,3,2,1,3,0,2,2
2246,3,2,3,2,1,3,0,3,2
2247,3,2,3,2,1,3,0,3,2
2248,3,2,3,2,1,3,0,3,2
2249,3,2,3,2,1,3,0,3,2
2250,3,2,3,2,1,3,0,3,2
2251,3,2,3,2,1,3,0,3,2
2252,3,2,3,2,1,3,0,3,2
2253,3,2,3,2,1,3,0,3,1
2254,3,2,3,2,1,3,0,3,1
2255,3,2,3,2,1,3,0,3,1
2256,3,2,3,2,1,3,0,3,1
2257,3,2,3,2,1,3,0,3,1
2258,3,2,3,2,1,3,0,3,1
2259,3,2,3,2,1,3,0,3,1
2260,3,2,3,2,1,3,0,3,1
2261,3,2,3,2,1,3,0,3,1
2262,3,2,3,2,1,3,0,3,1
2263,3,2,3,2,1,3,0,3,1
2264,3,2,3,2,1,3,0,3,1
2265,3,2,3,2,1,2,0,3,1
2266,3,2,3,2,1,2,0,3,1
2267,3,2,3,2,1,2,0,3,1
2268,3,2,3,2,0,2,0,3,1
2269,3,2,3,2,0,2,0,3,1
2270,3,2,3,2,0,2,0,3,2
2271,3,2,3,2,1,2,0,3,2
2272,3,2,3,2,1,2,0,3,2
2273,3,2,3,2,1,2,0,3,2
2274,3,2,3,2,1,2,0,3,2
2275,3,2,3,2,1,2,0,3,2
2276,3,2,3,2,1,2,0,3,2
2277,3,2,3,2,1,2,0,3,2
2278,3,2,3,2,1,2,0,3,2
2279,3,2,2,2,1,2,0,3,2
2280,3,2,3,2,1,2,0,3,3
2281,3,2,3,2,1,2,0,3,3
2282,3,2,3,2,1,2,0,3,3
2283,3,2,2,2,2,2,0,3,2
2284,3,2,2,2,2,2,0,3,2
2285,3,2,2,2,2,2,0,3,2
2286,3,2,2,2,2,2,0,3,2
2287,3,2,2,2,2,2,0,3,2
2288,3,2,2,2,1,2,0,3,2
2289,3,2,2,2,1,2,0,3,2
2290,3,2,2,2,1,2,0,3,3
2291,3,2,2,2,1,2,0,3,3
2292,3,2,2,2,1,2,0,3,3
2293,3,2,2,2,1,2,0,2,3
2294,3,2,2,2,1,2,0,2,3
2295,3,2,2,2,1,2,0,2,3
2296,3,2,2,2,1,2,0,2,3
2297,3,2,2,2,1,2,0,2,3
2298,3,2,2,2,1,2,0,3,3
2299,3,2,2,2,1,2,0,3,3
2300,3,2,2,2,1,2,0,3,3
2301,3,2,2,2,1,2,0,3,3
2302,3,2,2,2,1,2,0,3,3
2303,3,2,2,2,1,2,0,3,3
2304,3,2,2,2,1,2,0,3,3
2305,3,2,2,2,1,2,0,3,3
2306,3,2,2,2,1,2,0,3,3
2307,3,2,2,2,1,2,0,3,3
2308,3,2,2,2,1,2,0,3,3
2309,3,2,2,2,1,2,0,3,3
2310,3,2,2,2,1,2,0,3,3
2311,3,2,2,2,1,2,0,3,3
2312,3,2,2,2,1,2,0,3,3
2313,3,2,2,2,1,2,0,3,2
2314,3,2,2,2,1,2,0,3,2
2315,3,2,2,2,1,2,0,3,2
2316,3,2,2,2,1,2,0,3,2
2317,3,2,2,2,1,2,0,3,2
2318,3,2,2,2,1,2,0,3,2
2319,3,2,2,2,1,2,0,3,2
2320,3,2,2,2,1,2,0,3,1
2321,3,2,2,2,1,2,0,3,1
2322,3,2,2,2,1,2,0,3,1
2323,3,2,2,2,1,2,0,3,1
2324,3,2,2,2,1,2,0,3,1
2325,3,2,2,2,1,2,0,3,1
2326,3,2,2,2,1,2,0,3,1
2327,3,2,3,2,1,2,0,3,1
2328,3,2,2,2,2,2,0,2,1
2329,3,2,2,2,2,2,0,2,1
2330,3,2,2,2,2,2,0,3,1
2331,3,2,2,2,2,2,0,3,1
2332,3,2,2,2,2,2,0,3,1
2333,3,2,2,2,2,2,0,3,1
2334,3,2,2,2,2,2,0,3,1
2335,3,2,2,2,2,2,0,3,1
2336,3,2,2,2,2,2,0,3,1
2337,3,2,2,2,2,2,0,3,1
2338,3,2,2,2,2,2,1,3,1
2339,3,2,2,2,2,2,1,3,1
2340,3,2,2,2,2,2,1,3,1
2341,3,2,2,2,2,2,1,3,1
2342,3,2,2,2,2,2,1,3,1
2343,3,2,3,2,2,2,1,3,1
2344,3,2,3,2,2,2,1,3,1
2345,3,2,3,2,2,2,1,3,1
2346,3,2,3,2,2,2,1,3,1
2347,3,2,3,2,2,2,1,3,1
2348,3,2,3,2,2,2,1,3,0
2349,3,2,3,2,2,2,1,3,0
2350,3,2,3,2,2,2,1,3,0
2351,3,2,3,2,2,2,1,3,0
2352,3,2,3,2,2,2,1,3,0
2353,3,2,3,2,2,2,1,3,0
2354,3,2,3,2,2,2,1,3,0
2355,3,2,3,2,2,2,1,3,0
2356,3,2,3,2,2,2,1,3,0
2357,3,2,3,2,2,2,1,3,0
2358,3,2,3,2,2,2,1,3,0
2359,3,2,3,2,2,2,1,3,0
2360,3,2,3,2,2,2,1,3,0
2361,3,2,3,2,2,2,1,3,0
2362,3,2,3,2,2,2,1,3,0
2363,3,2,3,2,2,2,1,3,0
2364,3,2,3,2,2,2,1,3,0
2365,3,2,3,2,2,2,1,3,0
2366,3,2,3,2,2,2,1,3,0
2367,3,2,3,2,2,2,1,3,0
2368,3,2,3,2,2,2,1,3,0
2369,3,2,3,2,2,2,1,3,0
2370,3,2,3,2,2,2,1,3,0
2371,3,2,3,2,2,2,1,3,0
2372,3,2,3,2,2,2,1,3,0
2373,3,2,3,2,2,2,1,3,0
2374,3,2,3,2,2,2,1,3,0
2375,3,2,3,2,2,2,1,3,0
2376,3,2,3,2,2,2,1,3,0
2377,3,2,3,2,2,2,1,3,0
2378,3,2,3,2,2,2,1,3,0
2379,3,2,3,2,2,2,1,3,0
2380,3,2,3,2,2,2,1,3,0
2381,3,2,3,2,2,2,1,3,0
2382,3,2,3,2,2,2,1,3,0
2383,3,2,3,2,2,2,1,3,0
2384,3,2,3,2,2,2,1,3,0
2385,3,2,3,1,2,2,1,3,0
2386,3,2,3,1,2,2,1,3,0
2387,3,2,3,1,2,2,1,3,0
2388,3,2,3,1,2,2,1,4,0
2389,3,2,3,1,2,2,1,4,0
2390,3,2,3,1,2,2,1,4,0
2391,3,2,3,1,2,2,1,4,0
2392,3,2,3,1,2,2,1,4,0
2393,3,2,2,1,2,2,1,4,1
2394,3,2,2,1,2,2,1,4,1
2395,3,2,2,1,2,2,1,4,1
2396,3,2,2,1,2,2,2,4,1
2397,3,2,2,1,2,2,2,4,1
2398,3,2,2,1,2,2,2,4,1
2399,3,2,2,1,2,2,2,4,1
2400,3,2,1,1,2,2,2,4,1
2401,3,2,1,1,2,2,2,4,1
2402,3,2,1,1,2,2,2,4,1
2403,3,2,1,2,2,2,2,4,2
2404,3,2,1,2,2,2,2,4,2
2405,3,2,1,2,2,2,2,4,3
2406,3,2,1,2,2,2,2,4,3
2407,3,2,1,2,2,2,2,4,3
2408,3,2,1,2,2,2,2,4,3
2409,3,2,1,2,2,2,2,4,3
2410,3,2,1,2,2,2,2,4,3
2411,3,2,1,2,3,2,2,4,3
2412,3,2,1,2,3,2,2,4,3
2413,3,2,1,2,3,2,2,4,3
2414,3,2,1,2,3,2,2,4,3
2415,3,2,2,2,4,2,2,4,3
2416,3,2,2,2,4,2,2,4,3
2417,3,2,2,2,4,2,2,4,3
2418,3,2,2,3,4,2,2,5,3
2419,3,2,2,3,4,2,2,5,3
2420,3,2,1,3,4,2,2,5,3
2421,3,2,1,3,4,2,2,5,3
2422,3,2,1,3,4,2,2,5,3
2423,3,2,1,2,4,2,2,5,3
2424,3,2,1,2,4,2,2,5,3
2425,3,2,2,2,3,2,2,5,3
2426,3,2,2,2,3,2,2,5,3
2427,3,2,2,2,3,2,2,5,3
2428,3,2,2,2,4,2,2,5,4
2429,3,2,2,2,4,2,2,5,4
2430,3,2,2,2,4,2,2,5,4
2431,3,2,2,2,4,2,2,5,4
2432,3,2,2,2,4,2,2,5,4
2433,3,2,2,1,3,2,2,5,5
2434,3,2,2,1,3,2,2,5,5
2435,3,2,2,1,3,2,2,5,5
2436,3,2,2,1,3,2,2,5,5
2437,3,2,2,1,3,2,2,5,5
2438,3,2,3,1,3,2,2,5,5
2439,3,2,3,1,3,2,2,5,5
2440,3,2,3,1,3,2,2,5,5
2441,3,2,3,1,4,2,2,5,5
2442,3,2,3,1,4,2,2,5,5
2443,3,2,2,1,4,2,2,5,5
2444,3,2,2,1,4,2,2,5,5
2445,3,2,2,1,4,2,2,5,6
2446,3,2,2,1,4,2,2,5,6
2447,3,2,2,1,4,2,2,5,6
2448,3,2,2,1,4,2,2,6,6
2449,3,2,2,1,4,2,2,5,6
2450,3,2,2,1,4,2,2,6,7
2451,3,2,2,1,4,2,2,6,7
2452,3,2,2,1,4,2,2,6,7
2453,3,2,1,1,4,2,2,5,7
2454,3,2,1,1,4,2,2,5,7
2455,3,2,1,1,4,2,2,6,7
2456,3,2,1,1,4,2,2,6,7
2457,3,2,1,1,4,2,2,6,7
2458,3,2,1,1,4,2,2,6,8
2459,3,2,1,1,4,2,2,6,8
2460,3,2,1,2,4,2,2,6,7
2461,3,2,1,2,4,2,3,6,7
2462,3,2,1,2,4,2,3,6,7
2463,3,2,1,1,4,2,3,6,7
2464,3,2,1,1,4,2,3,6,7
2465,3,2,1,1,4,2,3,6,7
2466,3,2,1,1,4,2,3,6,7
2467,3,2,1,1,4,2,3,6,7
2468,3,2,1,1,3,2,3,6,7
2469,3,2,1,1,3,2,3,6,7
2470,3,2,0,1,3,2,3,6,8
2471,3,2,0,1,3,2,3,6,8
2472,3,2,0,1,3,2,3,6,8
2473,3,2,0,1,3,2,3,6,6
2474,3,2,0,1,3,2,3,6,6
2475,3,2,1,1,3,2,3,6,6
2476,3,2,1,1,3,2,3,6,6
2477,3,2,1,1,3,2,3,6,6
2478,3,2,2,1,3,2,3,6,7
2479,3,2,2,1,3,2,3,6,7
2480,3,2,2,1,3,2,3,5,7
2481,3,2,2,1,3,2,3,5,7
2482,3,2,2,1,3,2,3,5,7
2483,3,2,2,1,3,2,3,5,7
2484,3,2,2,1,3,2,3,5,7
2485,3,2,2,2,3,2,3,6,7
2486,3,2,2,2,3,2,3,6,7
2487,3,2,2,2,3,2,3,6,7
2488,3,2,2,2,4,2,3,6,7
2489,3,2,2,2,4,2,3,6,7
2490,3,2,2,2,4,2,3,6,7
2491,3,2,2,2,4,2,3,6,7
2492,3,2,2,2,4,2,3,6,7
2493,3,2,2,1,4,2,3,6,7
2494,3,2,2,1,4,2,3,6,7
2495,3,2,2,1,4,2,3,6,7
2496,3,2,2,1,4,2,3,6,7
2497,3,2,2,1,4,2,3,6,7
2498,3,2,2,1,4,2,3,6,7
2499,3,2,2,1,4,2,3,6,7
2500,3,2,2,1,4,2,3,6,7
2501,3,2,2,1,4,2,3,6,7
2502,3,2,2,1,4,2,3,6,7
2503,3,2,2,1,4,2,3,6,7
2504,3,2,2,1,4,2,3,6,7
2505,3,2,1,1,4,2,3,6,6
2506,3,2,1,1,4,2,3,6,6
2507,3,2,1,1,4,2,3,6,6
2508,3,2,1,1,4,2,3,6,6
2509,3,2,1,1,4,2,3,6,6
2510,3,2,1,1,4,2,3,6,6
2511,3,2,2,1,4,2,3,6,7
2512,3,2,2,1,4,2,3,6,7
2513,3,2,2,0,4,2,3,6,7
2514,3,2,2,0,4,2,3,6,7
2515,3,2,2,0,4,2,3,6,7
2516,3,2,2,1,4,2,3,6,6
2517,3,2,2,1,4,2,3,6,6
2518,3,2,2,1,4,2,3,6,6
2519,3,2,2,1,4,2,3,6,6
2520,3,2,2,1,4,2,3,6,6
2521,3,2,2,1,4,2,3,6,7
2522,3,2,2,1,4,2,3,6,7
2523,3,2,2,1,4,2,3,6,7
2524,3,2,2,1,4,2,3,6,7
2525,3,2,2,1,4,2,3,6,7
2526,3,2,1,2,4,2,3,6,7
2527,3,2,1,2,4,2,3,6,7
2528,3,2,1,2,4,2,3,6,6
2529,3,2,1,2,4,2,3,6,6
2530,3,2,1,2,4,2,3,6,6
2531,3,2,1,2,4,2,3,6,6
2532,3,2,1,2,4,2,3,6,6
2533,3,2,1,2,4,2,3,6,7
2534,3,2,1,2,4,2,3,6,7
2535,3,2,1,2,4,2,3,6,7
2536,3,2,1,2,4,2,4,6,7
2537,3,2,1,2,4,2,4,6,7
2538,3,2,1,2,4,2,4,6,8
2539,3,2,1,2,4,2,4,6,8
2540,3,2,1,2,4,2,4,6,8
2541,3,2,3,2,4,2,4,6,8
2542,3,2,3,2,4,2,4,6,8
2543,3,2,3,3,4,2,4,6,7
2544,3,2,3,3,4,2,4,6,7
2545,3,2,3,3,4,2,4,6,7
2546,3,2,3,3,4,2,4,6,7
2547,3,2,3,3,4,2,4,6,7
2548,3,2,3,3,4,2,4,6,7
2549,3,2,3,3,4,2,4,6,7
2550,3,2,3,3,4,2,4,6,7
2551,3,2,3,1,4,2,4,6,7
2552,3,2,3,1,4,2,4,6,7
2553,3,2,3,1,4,2,4,6,7
2554,3,2,3,2,4,2,4,6,7
2555,3,2,3,2,4,2,4,6,7
2556,3,2,3,2,5,2,4,6,9
2557,3,2,3,2,5,2,4,6,9
2558,3,2,3,2,4,2,4,6,9
2559,3,2,3,2,4,2,4,6,9
2560,3,2,3,2,4,2,4,6,9
2561,3,2,2,2,5,2,4,6,9
2562,3,2,2,2,5,2,4,6,9
2563,3,2,1,2,4,2,4,6,9
2564,3,2,1,2,5,2,4,6,9
2565,3,2,1,2,5,2,4,6,9
2566,3,2,0,2,5,2,4,6,9
2567,3,2,0,2,5,2,4,6,9
2568,3,2,0,2,5,2,4,6,10
2569,3,2,0,2,5,2,4,6,10
2570,3,2,0,2,5,2,4,6,10
2571,3,2,1,2,5,2,4,6,8
2572,3,2,1,2,5,2,4,6,8
2573,3,2,1,2,5,2,4,6,9
2574,3,2,1,2,6,2,4,6,9
2575,3,2,1,2,6,2,4,6,9
2576,3,2,1,2,6,2,4,6,9
2577,3,2,1,2,6,2,4,6,9
2578,3,2,1,1,6,2,4,6,9
2579,3,2,1,1,6,2,4,6,9
2580,3,2,1,1,6,2,4,6,9
2581,3,2,2,0,6,2,4,6,9
2582,3,2,2,0,6,2,4,6,9
2583,3,2,2,0,6,2,4,6,9
2584,3,2,2,0,6,2,4,6,9
2585,3,2,2,0,6,2,4,6,9
2586,3,2,2,0,6,2,4,6,10
2587,3,2,2,0,6,2,4,6,10
2588,3,2,3,1,6,2,4,6,10
2589,3,2,3,1,6,2,4,6,10
2590,3,2,3,1,6,2,4,6,10
2591,3,2,3,1,6,2,4,6,9
2592,3,2,3,1,6,2,4,6,9
2593,3,2,2,1,6,2,4,6,9
2594,3,2,2,1,6,2,5,6,9
2595,3,2,2,1,6,2,5,6,9
2596,3,2,2,1,6,2,5,6,9
2597,3,2,2,1,6,2,5,6,9
2598,3,2,2,1,6,2,5,6,9
2599,3,2,2,1,6,2,5,6,9
2600,3,2,2,1,6,2,5,6,9
2601,3,2,2,1,7,2,6,6,8
2602,3,2,2,1,7,2,6,6,8
2603,3,2,2,1,7,2,6,6,8
2604,3,2,2,1,7,2,6,6,8
2605,3,2,2,1,7,2,6,6,8
2606,3,2,1,1,7,2,6,6,8
2607,3,2,1,1,7,2,6,6,8
2608,3,2,1,2,7,2,6,6,8
2609,3,2,1,2,7,2,6,6,8
2610,3,2,1,2,7,2,6,6,8
2611,3,2,1,1,7,3,6,6,10
2612,3,2,1,1,7,3,6,6,10
2613,3,2,2,1,7,2,6,6,10
2614,3,2,2,1,7,2,6,6,10
2615,3,2,2,1,7,2,6,6,10
2616,3,2,2,1,7,3,6,6,11
2617,3,2,2,1,7,3,6,6,11
2618,3,2,2,1,7,3,6,6,10
2619,3,2,2,1,7,2,7,6,10
2620,3,2,2,1,7,3,7,6,10
2621,3,2,2,1,7,3,7,6,10
2622,3,2,2,1,7,3,7,6,10
2623,3,2,2,1,7,3,7,6,10
2624,3,2,2,1,7,3,7,6,10
2625,3,2,2,1,7,3,7,6,10
2626,3,2,1,2,7,2,7,6,9
2627,3,2,1,2,7,2,7,6,9
2628,3,2,1,2,7,3,7,6,9
2629,3,2,1,2,7,3,7,6,9
2630,3,2,1,2,7,3,7,6,9
2631,3,2,1,2,7,3,7,6,10
2632,3,2,1,2,7,3,7,6,10
2633,3,2,1,1,7,3,7,6,10
2634,3,2,1,1,7,3,7,6,10
2635,3,2,1,1,7,3,7,6,10
2636,3,2,1,1,7,3,7,6,8
2637,3,2,1,1,7,3,7,6,8
2638,3,2,2,1,7,3,7,6,9
2639,3,2,2,1,7,3,7,6,9
2640,3,2,2,1,7,3,7,6,9
2641,3,2,2,1,7,3,7,6,10
2642,3,2,2,1,7,3,7,6,10
2643,3,2,2,1,7,3,7,6,9
2644,3,2,2,1,8,3,7,6,9
2645,3,2,2,1,8,3,7,6,9
2646,3,2,2,1,8,2,7,6,9
2647,3,2,2,1,8,2,7,6,9
2648,3,2,2,1,8,2,7,6,9
2649,3,2,3,1,8,2,7,6,9
2650,3,2,3,1,8,2,7,6,9
2651,3,2,3,1,8,2,7,6,9
2652,3,2,3,1,8,2,7,6,9
2653,3,2,3,1,9,3,7,6,8
2654,3,2,3,0,9,3,7,6,8
2655,3,2,3,1,9,3,7,6,8
2656,3,2,2,1,8,4,7,6,8
2657,3,2,2,1,8,4,7,6,8
2658,3,2,1,1,8,4,7,6,8
2659,3,2,1,1,8,4,7,6,8
2660,3,2,1,1,8,4,7,6,8
2661,3,2,1,1,8,4,7,6,8
2662,3,2,1,1,8,4,7,6,8
2663,3,2,1,1,8,4,7,6,9
2664,3,2,1,1,8,4,7,6,9
2665,3,2,1,1,8,4,7,6,9
2666,3,2,1,1,8,4,7,6,9
2667,3,2,1,1,8,4,7,6,9
2668,3,2,1,1,8,4,7,6,8
2669,3,2,1,1,9,4,7,6,8
2670,3,2,1,1,9,4,7,6,8
2671,3,2,1,2,9,4,7,6,8
2672,3,2,1,2,9,4,7,6,8
2673,3,2,1,2,9,3,7,6,8
2674,3,2,1,2,9,3,7,6,8
2675,3,2,1,2,9,3,7,6,8
2676,3,2,2,2,9,3,7,6,8
2677,3,2,2,2,9,3,7,6,8
2678,3,2,2,2,9,3,7,6,7
2679,3,2,2,2,9,3,7,6,7
2680,3,2,2,2,9,3,7,6,7
2681,3,2,3,1,9,4,7,6,7
2682,3,2,3,1,9,3,7,6,7
2683,3,2,3,1,9,4,7,6,7
2684,3,2,3,1,9,4,7,6,7
2685,3,2,3,1,9,4,7,6,7
2686,3,2,3,1,9,4,7,6,7
2687,3,2,3,1,9,4,7,6,7
2688,3,2,3,2,9,4,7,6,8
2689,3,2,3,2,9,4,7,6,8
2690,3,2,3,2,9,4,7,6,8
2691,3,2,2,2,9,4,7,6,7
2692,3,2,2,2,9,4,7,6,7
2693,3,2,2,2,9,4,7,6,6
2694,3,2,2,2,9,4,7,6,6
2695,3,2,2,2,9,4,7,6,6
2696,3,2,1,3,9,4,7,6,7
2697,3,2,1,3,9,4,7,6,7
2698,3,2,1,2,9,4,7,6,7
2699,3,2,1,2,9,4,7,6,7
2700,3,2,1,2,9,4,7,6,7
2701,3,2,0,2,9,4,7,6,8
2702,3,2,0,2,9,4,7,6,8
2703,3,2,0,2,9,4,7,6,8
2704,3,2,0,2,9,4,7,6,8
2705,3,2,0,2,9,4,7,6,8
2706,3,2,1,2,10,4,7,6,10
2707,3,2,1,2,10,4,7,6,10
2708,3,2,1,2,10,2,7,6,10
2709,3,2,1,2,10,2,7,6,10
2710,3,2,1,2,10,2,7,6,10
2711,3,2,1,3,10,4,7,6,10
2712,3,2,1,3,10,4,7,6,10
2713,3,2,2,2,10,4,7,6,10
2714,3,2,2,2,10,4,7,6,10
2715,3,2,2,2,10,4,7,6,10
2716,3,2,2,2,10,4,8,6,10
2717,3,2,2,2,10,4,8,6,10
2718,3,2,2,2,10,4,8,6,10
2719,3,2,3,2,10,4,8,6,10
2720,3,2,3,2,10,4,8,6,10
2721,3,2,3,2,10,4,8,6,10
2722,3,2,3,2,10,4,8,6,10
2723,3,2,3,1,10,4,8,6,9
2724,3,2,3,1,10,4,8,6,9
2725,3,2,3,1,10,4,8,6,9
2726,3,2,2,1,10,4,8,7,9
2727,3,2,2,1,10,4,8,7,9
2728,3,2,2,1,10,4,8,7,8
2729,3,2,2,1,10,4,8,7,8
2730,3,2,2,1,10,4,8,7,8
2731,3,2,2,1,10,4,8,7,10
2732,3,2,2,1,10,4,8,7,10
2733,3,2,1,1,10,3,8,7,10
2734,3,2,1,1,10,3,8,7,10
2735,3,2,1,1,10,3,8,7,10
2736,3,2,0,1,10,3,8,7,9
2737,3,2,0,1,10,3,8,7,9
2738,3,2,0,1,10,2,8,7,9
2739,3,2,1,1,10,2,8,7,9
2740,3,2,1,1,10,2,8,7,9
2741,3,2,2,1,10,2,8,7,9
2742,3,2,2,1,10,2,8,7,9
2743,3,2,2,0,10,3,8,7,10
2744,3,2,2,0,10,3,8,7,10
2745,3,2,2,0,10,3,8,7,10
2746,3,2,2,0,10,3,8,7,10
2747,3,2,2,0,10,3,8,7,10
2748,3,2,2,0,10,3,8,7,11
2749,3,2,2,0,10,3,8,7,11
2750,3,2,2,0,10,3,8,7,11
2751,3,2,2,0,10,3,8,7,11
2752,3,2,2,0,10,3,8,7,11
2753,3,2,2,0,10,3,8,7,11
2754,3,2,2,0,10,3,8,7,11
2755,3,2,2,0,10,3,8,7,11
2756,3,2,1,0,10,3,8,7,11
2757,3,2,1,0,10,3,8,7,11
2758,3,2,0,0,10,3,8,7,10
2759,3,2,0,0,11,3,8,7,10
2760,3,2,0,0,11,3,8,7,10
2761,3,2,0,0,11,3,8,7,9
2762,3,2,0,0,11,3,8,7,9
2763,3,2,1,0,11,3,8,7,9
2764,3,2,1,0,11,3,8,7,9
2765,3,2,1,0,11,3,8,7,9
2766,3,2,1,0,12,2,8,7,9
2767,3,2,1,0,12,2,8,7,9
2768,3,2,1,0,11,2,8,7,9
2769,3,2,1,0,11,2,8,7,9
2770,3,2,1,0,11,2,8,7,9
2771,3,2,1,0,11,2,8,7,9
2772,3,2,1,0,11,2,8,7,9
2773,3,2,1,0,11,2,8,7,9
2774,3,2,2,0,11,2,8,7,9
2775,3,2,2,0,11,2,8,7,9
2776,3,2,3,0,11,2,8,7,9
2777,3,2,3,0,11,2,8,7,9
2778,3,2,3,0,11,2,8,7,9
2779,3,2,3,0,11,2,8,7,9
2780,3,2,3,0,11,2,8,7,9
2781,3,2,3,0,11,2,8,7,9
2782,3,2,3,0,11,2,8,7,9
2783,3,2,2,0,11,2,8,7,9
2784,3,2,2,0,11,2,8,7,9
2785,3,2,2,0,11,2,8,7,9
2786,3,2,2,0,11,2,8,7,10
2787,3,2,2,0,11,2,8,7,10
2788,3,2,3,0,11,2,8,7,10
2789,3,2,3,0,11,2,8,7,10
2790,3,2,3,0,11,2,8,7,10
2791,3,2,1,0,11,2,8,7,9
2792,3,2,1,0,11,2,8,7,9
2793,3,2,1,0,12,2,8,7,9
2794,3,2,1,0,12,2,8,7,9
2795,3,2,1,0,12,2,8,7,9
2796,3,2,1,0,12,2,8,7,9
2797,3,2,1,0,12,2,8,7,9
2798,3,2,1,0,12,2,8,7,9
2799,3,2,1,0,12,2,8,7,9
2800,3,2,1,0,12,2,8,7,9
2801,3,2,1,0,12,2,7,7,9
2802,3,2,1,0,12,2,7,7,9
2803,3,2,1,0,12,2,7,7,9
2804,3,2,2,0,12,2,7,7,9
2805,3,2,2,0,12,2,7,7,9
2806,3,2,1,0,12,2,7,6,7
2807,3,2,1,0,12,2,7,6,7
2808,3,2,1,0,12,2,7,6,7
2809,3,2,1,0,12,2,7,6,7
2810,3,2,1,0,12,2,7,6,7
2811,3,2,1,0,12,2,7,6,7
2812,3,2,1,0,12,2,7,6,7
2813,3,2,1,0,12,2,7,6,7
2814,3,2,1,0,12,2,8,6,7
2815,3,2,1,0,12,2,8,6,7
2816,3,2,1,0,12,2,8,6,7
2817,3,2,1,0,12,2,8,6,7
2818,3,2,1,0,12,2,9,6,7
2819,3,2,1,0,12,2,9,6,7
2820,3,2,1,0,12,2,9,6,7
2821,3,2,0,0,12,2,9,6,5
2822,3,2,0,0,12,2,9,6,5
2823,3,2,0,0,12,2,9,6,5
2824,3,2,0,0,12,2,9,6,5
2825,3,2,0,0,12,2,9,6,5
2826,3,2,1,0,12,2,9,6,6
2827,3,2,1,0,12,2,9,6,6
2828,3,2,2,0,12,2,9,6,6
2829,3,2,2,0,12,2,9,6,6
2830,3,2,2,0,12,2,9,6,6
2831,3,2,2,0,12,2,11,6,6
2832,3,2,2,0,12,2,11,6,6
2833,3,2,2,0,12,2,11,6,5
2834,3,2,2,0,12,2,11,6,5
2835,3,2,2,0,12,2,11,6,5
2836,3,2,2,0,12,2,10,6,5
2837,3,2,2,0,12,2,10,6,5
2838,3,2,2,0,12,2,10,6,5
2839,3,2,2,0,13,2,10,6,5
2840,3,2,2,0,13,2,10,6,5
2841,3,2,2,0,13,2,10,6,5
2842,3,2,2,0,13,2,10,6,5
2843,3,2,0,0,13,2,10,6,5
2844,3,2,0,0,13,2,10,6,5
2845,3,2,0,0,13,2,10,6,5
2846,3,2,0,0,13,2,10,6,5
2847,3,2,0,0,13,2,10,6,5
2848,3,2,0,0,13,2,10,6,5
2849,3,2,0,0,13,2,10,6,5
2850,3,2,0,0,13,2,10,6,6
2851,3,2,1,0,13,2,10,6,5
2852,3,2,1,0,13,2,10,6,5
2853,3,2,1,0,13,2,10,6,5
2854,3,2,1,0,13,2,10,6,5
2855,3,2,1,0,13,2,10,6,5
2856,3,2,1,0,13,2,10,6,5
2857,3,2,1,0,13,2,10,6,5
2858,3,2,1,0,14,2,10,6,5
2859,3,2,1,0,14,2,10,6,5
2860,3,2,1,0,14,2,10,6,5
2861,3,2,2,0,14,2,10,6,5
2862,3,2,2,0,14,2,10,6,5
2863,3,2,2,0,14,2,9,6,5
2864,3,2,2,0,14,2,9,6,5
2865,3,2,2,0,14,2,9,6,5
2866,3,2,1,0,14,2,9,6,5
2867,3,2,1,0,14,2,9,6,5
2868,3,2,1,0,14,2,9,6,4
2869,3,2,1,0,14,2,9,6,4
2870,3,2,1,0,14,2,9,6,4
2871,3,2,1,0,14,2,9,6,5
2872,3,2,1,0,14,2,9,6,5
2873,3,2,1,1,14,2,10,6,4
2874,3,2,1,1,14,2,10,6,4
2875,3,2,1,1,14,2,10,6,4
2876,3,2,0,1,14,2,10,6,4
2877,3,2,0,1,14,2,10,6,4
2878,3,2,0,1,14,2,10,6,4
2879,3,2,1,1,14,2,10,6,4
2880,3,2,1,1,14,2,10,6,4
2881,3,2,1,1,14,2,11,6,3
2882,3,2,1,1,14,2,11,6,3
2883,3,2,1,1,14,2,11,6,4
2884,3,2,1,1,14,2,11,6,4
2885,3,2,1,1,14,2,11,6,4
2886,3,2,1,1,14,2,10,6,4
2887,3,2,1,1,14,2,10,6,4
2888,3,2,1,1,14,2,10,6,4
2889,3,2,1,1,14,2,10,6,4
2890,3,2,1,1,14,2,10,6,4
2891,3,2,0,1,14,2,10,6,3
2892,3,2,0,1,14,2,10,6,3
2893,3,2,0,0,14,2,9,6,5
2894,3,2,0,0,14,2,9,6,5
2895,3,2,0,0,14,2,9,6,6
2896,3,2,0,0,14,2,10,6,6
2897,3,2,0,0,14,2,10,6,6
2898,3,2,0,1,14,2,9,6,4
2899,3,2,0,1,14,2,9,6,4
2900,3,2,0,1,14,2,9,6,5
2901,3,2,0,1,14,2,9,6,6
2902,3,2,0,1,14,2,9,6,6
2903,3,2,0,1,14,2,10,6,6
2904,3,2,0,1,14,2,10,6,6
2905,3,2,0,1,14,2,10,6,6
2906,3,2,0,1,14,2,10,6,6
2907,3,2,0,1,14,2,10,6,6
2908,3,2,0,1,14,2,10,6,6
2909,3,2,0,1,14,2,10,6,6
2910,3,2,0,1,14,2,10,6,6
2911,3,2,0,1,14,2,9,6,6
2912,3,2,0,1,14,2,9,6,6
2913,3,2,0,1,14,2,10,6,6
2914,3,2,2,1,14,2,10,6,6
2915,3,2,2,1,14,2,10,6,6
2916,3,2,2,1,14,2,10,6,6
2917,3,2,2,1,14,2,10,6,6
2918,3,2,2,0,14,2,10,6,4
2919,3,2,2,0,14,2,10,6,4
2920,3,2,2,0,14,2,10,6,4
2921,3,2,2,0,14,2,11,6,3
2922,3,2,2,0,14,2,11,6,3
2923,3,2,1,0,14,2,10,6,4
2924,3,2,1,0,14,2,10,6,4
2925,3,2,1,0,14,2,10,6,4
2926,3,2,2,0,14,2,10,6,4
2927,3,2,2,0,14,2,10,6,4
2928,3,2,1,0,14,2,10,6,5
2929,3,2,1,0,14,2,10,6,5
2930,3,2,1,0,14,2,10,6,5
2931,3,2,1,0,14,2,10,6,6
2932,3,2,1,0,14,2,10,6,6
2933,3,2,1,0,14,2,10,6,5
2934,3,2,1,0,14,2,10,6,5
2935,3,2,1,0,14,2,10,6,5
2936,3,2,1,0,14,2,10,6,5
2937,3,2,1,0,14,2,10,6,4
2938,3,2,0,0,14,2,10,6,4
2939,3,2,0,0,14,2,10,6,4
2940,3,2,0,0,14,2,10,6,4
2941,3,2,0,0,14,2,10,6,5
2942,3,2,0,0,14,2,10,6,5
2943,3,2,0,0,14,2,10,6,5
2944,3,2,0,0,14,2,10,6,5
2945,3,2,0,0,14,2,10,6,5
2946,3,2,0,0,14,2,10,6,6
2947,3,2,0,0,14,2,10,6,6
2948,3,2,0,0,14,2,10,6,5
2949,3,2,0,0,14,2,10,6,5
2950,3,2,0,0,14,2,10,6,4
2951,3,2,0,0,13,2,10,6,4
2952,3,2,0,0,13,2,10,6,4
2953,3,2,0,0,14,2,10,6,4
2954,3,2,0,0,14,2,10,6,4
2955,3,2,0,0,14,2,10,6,3
2956,3,2,0,0,14,2,10,6,3
2957,3,2,0,0,14,2,10,6,3
2958,3,2,0,0,14,2,10,6,4
2959,3,2,0,0,14,2,10,6,4
2960,3,2,0,0,14,2,10,6,4
2961,3,2,2,0,14,2,10,6,4
2962,3,2,2,0,14,2,10,6,4
2963,3,2,2,0,14,2,10,6,4
2964,3,2,2,0,14,2,10,6,4
2965,3,2,2,0,14,2,10,6,4
2966,3,2,2,0,14,2,10,6,3
2967,3,2,2,0,14,2,10,6,3
2968,3,2,2,0,14,2,10,6,3
2969,3,2,2,0,14,2,10,6,3
2970,3,2,2,0,14,2,10,6,3
2971,3,2,2,0,14,2,10,6,4
2972,3,2,2,0,14,2,10,6,4
2973,3,2,0,0,14,2,10,6,4
2974,3,2,0,0,14,2,10,6,3
2975,3,2,0,0,14,2,10,6,3
2976,3,2,0,0,14,2,10,6,2
2977,3,2,0,0,14,2,10,6,2
2978,3,2,0,0,14,2,10,6,4
2979,3,2,0,0,14,2,10,6,4
2980,3,2,0,0,14,2,10,6,4
2981,3,2,0,0,14,2,10,6,2
2982,3,2,0,0,14,2,10,6,2
2983,3,2,0,0,14,2,10,6,2
2984,3,2,0,0,14,2,10,6,2
2985,3,2,0,0,14,2,10,6,2
2986,3,2,1,0,14,2,10,6,3
2987,3,2,1,0,14,2,10,6,3
2988,3,2,1,0,14,2,10,6,3
2989,3,2,1,0,14,2,10,6,3
2990,3,2,1,0,14,2,10,6,2
2991,3,2,1,0,14,2,10,6,2
2992,3,2,1,0,14,2,10,6,3
2993,3,2,1,0,14,2,10,6,4
2994,3,2,1,0,14,2,10,6,4
2995,3,2,1,0,14,2,10,6,4
2996,3,2,1,0,14,2,10,6,4
2997,3,2,1,0,14,2,10,6,4
2998,3,2,0,0,14,2,10,6,3
2999,3,2,0,0,14,2,10,6,3
3000,3,2,0,0,14,2,10,6,2
3001,3,2,0,0,14,2,10,6,2
3002,3,2,0,0,14,2,10,6,2
3003,3,2,0,0,14,2,10,6,3
3004,3,2,0,0,14,2,10,6,3
3005,3,2,0,0,14,2,10,6,3
3006,3,2,0,0,14,2,10,6,3
3007,3,2,0,0,14,2,10,6,3
3008,3,2,0,0,14,2,10,6,3
3009,3,2,1,0,14,2,10,6,3
3010,3,2,1,0,14,2,10,6,3
3011,3,2,1,0,14,2,10,6,3
3012,3,2,1,0,14,2,10,6,3
3013,3,2,1,0,14,2,10,6,3
3014,3,2,2,0,14,2,10,6,3
3015,3,2,2,0,14,2,10,6,3
3016,3,2,2,0,14,2,10,6,3
3017,3,2,2,0,14,2,10,6,3
3018,3,2,2,0,14,2,10,6,3
3019,3,2,2,0,14,2,10,6,3
3020,3,2,2,0,14,2,10,6,3
3021,3,2,1,0,13,2,11,6,1
3022,3,2,1,0,13,2,11,6,1
3023,3,2,1,0,13,2,11,6,1
3024,3,2,1,0,14,2,11,6,2
3025,3,2,1,0,14,2,11,6,2
3026,3,2,0,0,14,2,11,6,2
3027,3,2,0,0,14,2,11,6,2
3028,3,2,0,0,14,2,11,6,2
3029,3,2,0,0,14,2,11,6,3
3030,3,2,0,0,14,2,11,6,3
3031,3,2,0,0,14,2,12,6,4
3032,3,2,0,0,14,2,12,6,4
3033,3,2,0,0,14,2,12,6,4
3034,3,2,0,0,13,2,12,7,4
3035,3,2,0,0,13,2,12,7,4
3036,3,2,0,0,13,2,12,7,4
3037,3,2,0,0,13,2,12,7,4
3038,3,2,0,0,13,2,12,7,4
3039,3,2,1,0,13,2,12,7,4
3040,3,2,1,0,13,2,12,7,4
3041,3,2,1,0,13,2,12,7,4
3042,3,2,1,0,13,2,12,7,4
3043,3,2,1,0,13,2,12,7,4
3044,3,2,1,0,13,2,12,7,4
3045,3,2,1,0,13,2,12,7,4
3046,3,2,2,0,13,2,11,7,4
3047,3,2,2,0,13,2,11,7,4
3048,3,2,2,0,13,2,11,7,4
3049,3,2,2,0,13,2,11,7,3
3050,3,2,2,0,13,2,10,7,3
3051,3,2,1,0,13,2,12,7,3
3052,3,2,1,0,13,2,12,7,3
3053,3,2,1,0,13,2,12,7,3
3054,3,2,1,0,13,2,12,7,2
3055,3,2,1,0,13,2,12,7,2
3056,3,2,1,0,13,2,12,7,3
3057,3,2,1,0,13,2,12,7,3
3058,3,2,1,0,13,2,12,7,3
3059,3,2,0,0,13,2,12,7,3
3060,3,2,0,0,13,2,12,7,3
3061,3,2,0,0,13,2,12,7,3
3062,3,2,0,0,13,2,12,7,3
3063,3,2,0,0,13,2,12,7,3
3064,3,2,0,0,13,3,12,7,3
3065,3,2,0,0,13,3,12,7,3
3066,3,2,0,0,13,3,12,7,3
3067,3,2,0,0,13,3,12,8,3
3068,3,2,0,0,13,3,12,8,3
3069,2,2,1,0,13,3,12,8,3
3070,2,2,1,0,13,3,12,8,3
3071,2,2,1,0,13,3,12,8,3
3072,2,2,1,0,13,3,12,8,3
3073,2,2,1,0,13,3,12,8,3
3074,2,2,0,0,13,3,12,8,2
3075,2,2,0,0,13,3,12,8,2
3076,2,2,1,0,13,3,12,8,2
3077,2,2,1,0,13,3,12,8,2
3078,2,2,1,0,13,3,12,8,2
3079,1,2,1,0,13,3,12,8,2
3080,1,2,1,0,13,3,12,8,2
3081,1,2,0,0,13,3,12,8,3
3082,1,2,0,0,13,3,12,8,3
3083,1,2,0,0,13,3,12,8,3
3084,1,2,0,0,13,3,12,8,3
3085,1,2,0,0,13,3,12,8,3
3086,1,2,0,0,13,3,12,8,4
3087,1,2,0,0,13,3,12,8,4
3088,1,2,0,0,13,3,12,8,4
3089,0,2,1,0,13,3,12,8,4
3090,0,2,1,0,13,3,12,8,4
3091,0,2,1,0,13,3,12,8,4
3092,0,2,1,0,13,3,12,8,5
3093,0,2,1,0,13,3,12,8,5
3094,0,2,1,0,13,3,12,8,6
3095,0,2,1,0,13,3,12,8,6
3096,0,2,1,0,13,3,12,8,5
3097,2,2,1,0,13,3,12,8,5
3098,2,2,1,0,13,3,12,8,5
3099,2,2,1,0,13,3,12,8,5
3100,2,2,1,0,13,3,12,8,5
3101,2,2,0,0,13,3,12,8,5
3102,3,2,0,0,13,3,12,8,5
3103,3,2,0,0,13,3,12,8,5
3104,3,2,0,0,13,3,12,8,5
3105,3,2,0,0,13,3,12,8,5
3106,3,2,0,0,13,3,12,8,6
3107,3,2,0,0,13,3,12,8,6
3108,3,2,0,0,13,3,12,8,6
3109,3,2,0,0,13,3,12,8,6
3110,2,2,0,0,13,3,12,8,6
3111,2,2,0,0,13,3,12,8,5
3112,2,2,0,0,13,3,12,8,5
3113,3,2,0,0,13,3,12,8,6
3114,3,2,0,0,13,3,12,8,4
3115,3,2,0,0,13,3,12,8,4
3116,3,2,0,0,13,3,12,8,5
3117,3,2,0,0,13,3,12,8,5
3118,3,2,0,0,13,3,12,8,5
3119,3,2,0,0,13,3,12,8,5
3120,3,2,0,1,13,3,12,8,5
3121,3,2,0,0,13,3,12,8,5
3122,3,2,0,0,13,3,12,8,5
3123,3,2,0,0,13,3,12,8,5
3124,2,2,0,0,13,4,13,8,5
3125,2,2,0,0,13,4,13,8,5
3126,2,2,0,0,13,4,12,8,4
3127,2,2,0,0,13,4,12,8,4
3128,2,2,0,0,13,4,12,8,4
3129,2,2,0,1,13,3,12,8,4
3130,2,2,0,1,13,4,12,8,4
3131,1,2,0,1,13,4,12,8,5
3132,1,2,0,1,13,4,12,8,6
3133,1,2,0,1,13,4,12,8,6
3134,1,2,0,1,13,4,12,8,7
3135,1,2,0,1,13,4,12,8,6
3136,1,2,0,1,13,4,12,8,7
3137,1,2,0,1,13,4,12,8,7
3138,1,2,0,1,13,4,12,8,7
3139,1,2,0,1,13,4,12,8,7
3140,1,2,0,1,13,4,12,8,7
3141,1,2,0,1,13,4,13,8,7
3142,1,2,0,1,13,4,13,8,7
3143,1,2,0,1,13,4,13,8,7
3144,1,2,0,1,13,4,13,8,6
3145,1,2,0,1,13,4,13,8,6
3146,0,2,0,1,13,4,13,8,6
3147,0,2,0,1,13,4,13,8,6
3148,0,2,0,1,13,4,13,8,7
3149,0,2,0,1,13,4,13,8,5
3150,0,2,0,1,13,4,13,8,5
3151,0,2,0,1,13,4,13,8,4
3152,1,2,0,1,13,4,13,8,4
3153,1,2,0,1,13,4,13,8,4
3154,1,2,1,1,13,3,12,8,5
3155,1,2,1,1,13,3,12,8,5
3156,1,2,1,1,13,3,12,8,4
3157,1,2,1,1,13,3,12,8,4
3158,1,2,1,1,13,3,12,8,4
3159,1,2,1,1,13,3,12,8,5
3160,1,2,1,1,13,3,12,8,5
3161,1,2,1,1,13,3,12,8,5
3162,2,2,1,1,13,3,12,8,5
3163,2,2,1,1,13,3,12,8,6
3164,2,2,1,1,13,3,12,8,5
3165,2,2,1,1,13,3,12,8,4
3166,2,2,0,1,13,3,12,8,4
3167,2,2,0,1,13,3,12,8,5
3168,2,2,0,1,13,3,12,8,6
3169,2,2,0,1,13,3,12,8,6
3170,2,2,0,1,13,3,12,8,6
3171,2,2,0,1,13,3,12,8,6
3172,2,2,0,1,13,3,12,8,6
3173,2,2,0,1,13,3,12,8,5
3174,1,2,0,1,13,3,12,8,4
3175,1,2,0,1,13,3,12,8,4
3176,1,2,0,1,13,3,12,8,4
3177,1,2,0,1,13,3,12,8,4
3178,1,2,0,1,13,3,12,8,4
3179,1,2,0,1,13,3,12,8,4
3180,1,2,0,1,13,3,12,8,4
3181,0,2,0,1,13,3,12,8,6
3182,0,2,0,1,13,3,12,8,5
3183,0,2,0,1,13,3,12,8,5
3184,0,2,0,1,13,3,12,8,5
3185,0,2,0,1,13,3,12,8,5
3186,0,2,0,1,13,3,12,8,5
3187,0,2,1,1,13,3,12,8,6
3188,0,2,1,1,13,3,12,8,7
3189,2,2,2,1,13,3,12,8,6
3190,2,2,1,1,13,3,12,8,6
3191,2,2,1,1,13,3,12,8,6
3192,2,2,1,1,13,3,12,8,6
3193,2,2,2,1,13,3,12,8,5
3194,2,2,2,1,13,2,12,9,5
3195,2,2,2,1,13,2,12,9,5
3196,2,2,2,1,13,2,12,9,6
3197,2,2,2,1,13,2,12,9,6
3198,2,2,2,1,13,2,12,9,5
3199,2,2,2,1,13,2,12,9,5
3200,2,2,2,1,13,2,12,9,6
3201,2,2,2,1,13,2,12,9,7
3202,2,2,2,1,13,2,12,9,7
3203,2,2,2,1,13,2,12,9,7
3204,2,2,0,1,13,2,12,9,6
3205,2,2,0,1,13,2,12,9,6
3206,2,2,0,1,13,2,12,9,6
3207,2,2,0,1,13,2,12,9,6
3208,2,2,0,1,13,2,12,9,6
3209,3,2,0,1,13,2,12,9,6
3210,3,2,0,1,13,2,12,9,6
3211,2,2,0,1,13,2,12,9,5
3212,2,2,0,1,13,2,12,9,5
3213,2,2,0,1,13,2,12,9,5
3214,0,2,0,1,13,2,12,9,5
3215,0,2,0,1,13,2,12,9,5
3216,0,2,0,1,13,2,12,9,5
3217,0,2,0,1,13,2,12,9,5
3218,1,2,0,1,13,2,12,9,5
3219,2,2,0,1,13,2,12,9,6
3220,2,2,0,1,13,2,12,9,6
3221,1,2,0,1,13,2,12,9,6
3222,1,2,0,1,13,2,12,9,6
3223,1,2,0,1,13,2,12,9,6
3224,1,2,0,2,13,2,12,9,7
3225,1,2,0,2,13,2,12,9,7
3226,1,2,0,2,13,2,12,9,6
3227,1,2,0,2,13,2,12,9,6
3228,1,2,0,2,13,2,12,9,6
3229,1,2,0,2,13,2,12,9,7
3230,1,2,0,2,13,2,12,9,7
3231,1,2,0,2,13,2,12,9,8
3232,1,2,1,2,13,2,12,9,8
3233,1,2,1,2,13,2,12,9,8
3234,1,2,1,2,13,2,12,9,8
3235,1,2,1,2,13,2,12,9,8
3236,1,2,1,2,13,2,12,9,8
3237,1,2,1,2,13,2,12,9,8
3238,1,2,1,2,13,2,12,9,8
3239,1,2,2,2,13,2,12,9,7
3240,1,2,2,2,13,2,12,9,7
3241,1,2,2,2,13,2,12,9,7
3242,1,2,2,2,13,2,12,9,7
3243,1,2,2,2,13,2,12,9,7
3244,1,2,2,2,13,2,12,9,7
3245,1,2,2,2,13,2,12,9,7
3246,1,2,1,2,13,2,12,9,7
3247,1,2,1,2,13,2,12,9,7
3248,1,2,1,2,13,2,12,9,7
3249,1,2,1,2,13,2,12,9,7
3250,1,2,1,2,13,2,12,9,7
3251,1,2,0,2,13,2,12,9,5
3252,2,2,0,2,13,2,12,9,5
3253,2,2,0,2,13,2,12,9,4
3254,2,2,0,2,13,2,12,9,4
3255,2,2,0,2,13,2,12,9,5
3256,2,2,0,2,13,2,12,9,7
3257,2,2,0,2,13,2,12,9,7
3258,2,2,0,2,13,2,12,9,7
3259,1,2,0,2,13,2,11,9,7
3260,2,2,0,2,13,2,11,9,7
3261,1,2,0,2,13,2,12,9,6
3262,1,2,0,2,13,2,11,9,6
3263,1,2,0,2,13,2,12,9,5
3264,2,2,0,2,13,2,11,9,5
3265,2,2,0,2,13,2,11,9,5
3266,2,2,0,2,13,2,10,9,6
3267,2,2,0,2,13,2,10,9,6
3268,2,2,0,2,13,2,10,9,6
3269,1,2,0,2,13,2,11,9,6
3270,1,2,0,2,13,2,11,9,6
3271,1,2,0,2,13,2,11,9,6
3272,1,2,0,2,13,2,11,9,6
3273,1,2,0,2,13,2,11,9,6
3274,2,2,0,2,13,2,12,9,6
3275,2,2,0,2,13,2,12,9,6
3276,2,2,0,2,13,2,12,9,7
3277,2,2,0,2,13,2,12,9,7
3278,2,2,0,2,13,2,12,9,7
3279,2,2,0,2,13,2,12,9,7
3280,2,2,0,2,13,2,12,9,7
3281,2,2,0,2,13,2,12,9,6
3282,2,2,1,2,13,2,12,9,6
3283,2,2,1,2,13,2,12,9,6
3284,1,2,1,2,13,2,12,9,5
3285,1,2,1,2,13,2,12,9,5
3286,1,2,1,2,13,2,12,9,5
3287,1,2,1,2,13,2,12,9,5
3288,1,2,1,2,13,2,12,9,5
3289,1,2,2,2,13,2,12,9,6
3290,1,2,2,2,13,2,12,9,5
3291,0,2,2,2,13,2,12,9,6
3292,0,2,2,2,13,2,12,9,7
3293,0,2,2,2,13,2,12,9,7
3294,0,2,2,2,13,2,12,9,5
3295,0,2,2,2,13,2,12,9,5
3296,0,2,1,2,13,2,11,9,4
3297,0,2,2,2,13,2,11,9,4
3298,0,2,2,2,13,2,11,9,5
3299,0,2,2,2,13,2,11,9,7
3300,0,2,2,2,13,2,11,9,6
3301,0,2,2,2,13,2,11,9,5
3302,0,2,2,2,13,2,11,9,4
3303,0,2,2,2,13,2,11,9,5
3304,1,2,1,2,13,2,12,9,5
3305,1,2,1,2,13,2,12,9,5
3306,1,2,1,2,13,2,12,9,5
3307,1,2,1,2,13,2,12,9,5
3308,1,2,1,2,13,2,12,9,4
3309,1,2,0,2,13,2,11,9,4
3310,1,2,0,2,13,2,11,9,4
3311,1,2,0,2,13,2,11,9,5
3312,1,2,0,2,13,2,11,9,7
3313,1,2,0,2,13,2,11,9,8
3314,1,2,0,2,13,2,11,9,8
3315,1,2,0,2,13,2,11,9,7
3316,1,2,0,2,13,2,11,9,7
3317,1,2,0,2,13,2,11,9,8
3318,1,2,0,2,13,2,11,9,10
3319,1,2,1,2,13,4,11,9,9
3320,1,2,1,2,13,4,11,9,8
3321,0,2,1,2,13,2,11,9,8
3322,0,2,1,2,13,2,11,9,8
3323,0,2,1,2,13,2,11,9,8
3324,0,2,1,2,13,3,11,9,7
3325,0,2,1,2,13,3,11,9,5
3326,0,2,1,2,13,4,11,9,5
3327,0,2,1,2,13,4,11,9,6
3328,0,2,1,2,13,4,11,9,7
3329,0,2,1,2,13,4,11,9,7
3330,0,2,1,2,13,4,11,9,6
3331,0,2,0,2,13,4,11,9,6
3332,0,2,1,2,13,4,11,9,6
3333,0,2,1,2,13,4,11,9,6
3334,0,2,1,2,13,4,12,9,6
3335,0,2,1,2,13,4,12,9,6
3336,0,2,1,2,13,4,12,9,6
3337,0,2,1,2,13,4,12,9,7
3338,0,2,1,2,13,4,12,9,8
3339,0,2,1,2,13,4,12,9,6
3340,0,2,1,2,13,4,12,9,6
3341,0,2,1,2,13,4,12,9,6
3342,0,2,1,2,13,4,12,9,6
3343,0,2,1,2,13,4,12,9,6
3344,1,2,0,2,13,4,12,9,6
3345,1,2,0,2,13,4,12,9,6
3346,1,2,0,2,13,4,12,9,7
3347,1,2,0,2,13,4,12,9,8
3348,1,2,0,2,13,4,12,9,9
3349,1,2,0,2,13,4,12,9,8
3350,1,2,0,2,13,4,12,9,7
3351,1,2,0,2,13,4,12,9,7
3352,2,2,0,2,13,4,12,9,7
3353,2,2,0,2,13,4,12,9,7
3354,2,2,0,2,13,4,12,9,5
3355,2,2,0,2,13,4,12,9,5
3356,2,2,0,2,13,4,12,9,5
3357,2,2,0,2,13,4,12,9,5
3358,2,2,0,2,13,4,12,9,4
3359,1,2,0,2,13,4,12,9,3
3360,2,2,0,2,13,4,12,9,4
3361,1,2,0,2,13,4,12,9,4
3362,1,2,1,2,13,4,12,9,4
3363,1,2,1,2,13,4,12,9,3
3364,1,2,1,2,13,4,12,9,3
3365,1,2,1,2,13,4,12,9,3
3366,1,2,1,2,13,4,12,9,4
3367,2,2,1,2,13,4,12,9,4
3368,2,2,1,2,13,4,12,9,4
3369,1,2,1,2,13,4,12,9,4
3370,1,2,1,2,13,4,12,9,4
3371,1,2,1,2,13,4,12,9,4
3372,1,2,1,2,13,4,12,9,4
3373,1,2,1,2,13,4,12,9,4
3374,1,2,0,2,13,4,12,9,4
3375,1,2,0,2,13,4,12,9,4
3376,1,2,0,2,13,4,11,9,5
3377,1,2,0,2,13,4,11,9,5
3378,1,2,0,2,13,4,11,9,5
3379,1,2,0,2,13,4,12,9,5
3380,1,2,0,2,13,4,12,9,5
3381,1,2,0,2,13,4,12,9,5
3382,1,2,0,2,13,4,12,9,5
3383,1,2,0,2,13,4,12,9,5
3384,0,2,0,2,13,4,12,9,5
3385,0,2,0,2,13,4,12,9,5
3386,0,2,0,2,13,3,12,9,4
3387,0,2,0,2,13,3,12,9,4
3388,0,2,0,2,13,3,12,9,4
3389,0,2,0,2,13,3,12,9,4
3390,0,2,0,2,13,3,12,9,4
3391,0,2,0,2,13,3,12,9,4
3392,1,2,0,2,13,3,12,9,4
3393,1,2,0,2,13,3,12,9,4
3394,1,2,1,2,13,3,12,9,4
3395,1,2,1,2,13,4,12,9,4
3396,1,2,1,2,13,3,12,9,4
3397,1,2,2,2,13,3,12,9,5
3398,2,2,2,2,13,3,12,9,5
3399,2,2,2,2,13,3,12,9,5
3400,2,2,2,2,13,3,12,9,5
3401,2,2,2,2,13,3,12,9,4
3402,2,2,2,2,13,3,12,9,4
3403,2,2,2,2,13,3,12,9,3
3404,2,2,2,2,13,3,12,9,3
3405,2,2,2,2,13,3,12,9,3
3406,2,2,2,2,13,3,12,9,4
3407,3,2,2,2,13,3,12,9,4
3408,3,2,2,2,13,3,12,9,3
3409,2,2,0,2,13,3,12,9,3
3410,2,2,0,2,13,3,12,9,4
3411,2,2,0,2,13,3,12,9,7
3412,2,2,0,2,13,3,12,9,7
3413,2,2,0,2,13,3,12,9,7
3414,2,2,0,2,13,3,12,9,7
3415,2,2,0,2,13,3,12,9,7
3416,1,2,0,2,13,3,12,9,6
3417,1,2,0,2,13,3,12,9,5
3418,1,2,0,2,13,3,12,9,5
3419,1,2,0,2,13,3,12,9,6
3420,1,2,0,2,13,3,12,9,6
3421,1,2,0,2,13,4,12,9,4
3422,1,2,0,2,13,4,12,9,4
3423,1,2,0,2,13,4,12,9,4
3424,0,2,0,2,13,3,12,9,5
3425,0,2,0,2,13,3,12,9,5
3426,0,2,0,2,13,3,12,9,5
3427,0,2,0,2,13,3,12,9,5
3428,0,2,0,2,13,3,12,9,5
3429,0,2,0,2,13,3,12,9,6
3430,0,2,0,2,13,3,12,9,6
3431,0,2,0,2,13,3,12,9,6
3432,0,2,0,2,13,3,12,9,5
3433,0,2,0,2,13,3,12,9,5
3434,2,2,1,2,13,4,12,9,5
3435,2,2,1,2,13,4,12,9,5
3436,2,2,1,2,13,3,12,9,5
3437,2,2,1,2,13,3,12,9,5
3438,2,2,1,2,13,3,12,9,5
3439,2,2,1,2,13,4,12,9,5
3440,2,2,1,2,13,4,12,9,5
3441,2,2,1,2,13,5,12,9,5
3442,3,2,1,2,13,5,12,9,5
3443,3,2,1,2,13,5,12,9,5
3444,3,2,1,2,13,5,12,9,5
3445,3,2,1,2,13,5,12,9,5
3446,3,2,2,2,13,4,12,9,5
3447,3,2,2,2,13,4,12,9,5
3448,3,2,2,2,13,4,12,9,5
3449,2,2,1,2,13,4,12,9,5
3450,2,2,1,2,13,4,12,9,5
3451,1,2,1,2,13,4,12,9,5
3452,1,2,1,2,13,4,12,9,5
3453,1,2,1,2,13,4,12,9,5
3454,1,2,1,2,13,4,12,9,4
3455,1,2,1,2,13,4,12,9,4
3456,0,2,0,2,13,4,12,9,5
3457,0,2,0,2,13,4,12,9,5
3458,0,2,0,2,13,4,12,9,5
3459,0,2,0,2,13,4,12,9,6
3460,0,2,0,2,13,4,12,9,6
3461,0,2,0,2,13,5,12,9,7
3462,0,2,1,2,13,5,12,9,7
3463,0,2,1,2,13,5,12,9,7
3464,0,2,1,2,13,5,12,9,8
3465,0,2,1,2,13,5,12,9,8
3466,0,2,1,2,13,4,12,9,8
3467,1,2,2,2,13,4,12,9,8
3468,1,2,2,2,13,4,12,9,8
3469,1,2,2,2,13,4,12,9,7
3470,1,2,2,2,13,4,12,9,7
3471,1,2,2,2,13,4,12,9,7
3472,1,2,2,2,13,4,12,9,7
3473,1,2,2,2,13,4,12,9,7
3474,1,2,3,2,13,5,12,9,7
3475,1,2,3,2,13,5,12,9,7
3476,1,2,2,2,13,5,12,9,7
3477,1,2,2,2,13,5,12,9,7
3478,1,2,2,2,13,5,12,9,7
3479,1,2,1,2,13,5,12,9,6
3480,1,2,1,2,13,5,12,9,6
3481,0,2,1,2,13,5,12,9,8
3482,1,2,2,2,13,5,12,9,8
3483,1,2,2,2,13,5,12,9,8
3484,1,2,2,2,13,5,12,9,8
3485,1,2,2,2,13,5,12,9,8
3486,1,2,1,2,13,5,12,9,9
3487,1,2,1,2,13,5,12,9,9
3488,1,2,1,2,13,5,12,9,9
3489,2,2,1,2,13,5,12,9,10
3490,2,2,1,2,13,5,12,9,10
3491,2,2,1,2,13,5,12,9,10
3492,2,2,1,2,13,5,12,9,11
3493,2,2,1,2,13,5,12,9,11
3494,3,2,0,2,13,5,13,9,8
3495,3,2,0,2,13,5,13,9,8
3496,2,2,0,2,13,5,13,9,8
3497,2,2,1,2,13,5,13,9,8
3498,2,2,1,2,13,5,13,9,8
3499,2,2,1,2,13,5,13,9,9
3500,2,2,1,2,13,5,13,9,9
3501,0,2,1,2,13,5,12,9,8
3502,0,2,1,2,13,5,12,9,8
3503,0,2,1,2,13,5,12,9,8
3504,0,2,2,2,13,5,13,9,9
3505,0,2,2,2,13,5,13,9,9
3506,0,2,2,2,13,5,13,9,9
3507,0,2,2,2,13,5,13,9,9
3508,0,2,2,2,13,5,13,9,9
3509,0,2,1,2,13,5,13,9,11
3510,0,2,1,2,13,5,13,9,11
3511,0,2,1,2,13,5,13,9,11
3512,1,2,1,2,13,5,12,9,10
3513,1,2,1,2,13,5,12,9,10
3514,1,2,1,2,13,5,13,9,11
3515,1,2,1,2,13,5,13,9,11
3516,1,2,1,2,13,5,13,9,11
3517,1,2,1,2,13,5,12,9,9
3518,1,2,1,2,13,5,12,9,8
3519,1,2,0,2,13,5,12,9,7
3520,2,2,0,2,13,5,12,9,7
3521,2,2,0,2,13,5,12,9,7
3522,2,2,0,2,13,5,12,9,8
3523,2,2,0,2,13,5,12,9,8
3524,2,2,1,2,13,5,12,9,9
3525,2,2,1,2,13,5,12,9,9
3526,2,2,1,2,13,5,12,9,9
3527,3,2,1,2,13,5,12,9,9
3528,3,2,1,2,13,5,12,9,9
3529,1,2,1,2,13,5,12,9,8
3530,1,2,1,2,13,5,12,9,8
3531,1,2,1,2,13,5,12,9,8
3532,0,2,2,2,13,5,12,9,8
3533,0,2,2,2,13,5,12,9,8
3534,0,2,2,2,13,5,12,9,8
3535,0,2,2,2,13,5,12,9,7
3536,0,2,2,2,13,5,12,9,7
3537,0,2,1,2,13,5,12,9,7
3538,0,2,1,2,13,5,12,9,7
3539,0,2,1,2,13,5,12,9,8
3540,0,2,1,2,13,5,12,9,9
3541,0,2,1,2,13,5,12,9,10
3542,0,2,1,2,13,5,12,9,9
3543,0,2,1,2,13,5,12,9,9
3544,0,2,0,2,13,5,12,9,8
3545,0,2,0,2,13,5,12,10,8
3546,0,2,0,2,13,5,12,10,7
3547,1,2,0,2,13,5,12,9,6
3548,1,2,0,2,13,5,12,9,7
3549,1,2,0,2,13,5,12,9,9
3550,1,2,0,2,13,5,12,10,9
3551,1,2,0,2,13,5,12,10,9
3552,1,2,0,2,13,5,12,10,8
3553,1,2,0,2,13,5,12,10,8
3554,1,2,0,2,13,5,12,10,8
3555,1,2,0,2,13,5,12,10,9
3556,1,2,0,2,13,5,12,10,8
3557,1,2,0,2,13,5,12,10,7
3558,1,2,0,2,13,5,12,10,8
3559,1,2,0,2,13,5,12,10,6
3560,1,2,0,2,13,5,12,10,6
3561,1,2,0,2,13,5,12,10,6
3562,0,2,0,2,13,5,12,10,6
3563,0,2,0,2,13,5,12,10,6
3564,0,2,0,2,13,5,12,10,6
3565,0,2,0,2,13,5,12,10,6
3566,0,2,0,2,13,5,12,10,6
3567,0,2,0,2,13,5,12,10,6
3568,0,2,0,2,13,5,12,10,6
3569,0,2,0,2,13,5,12,10,6
3570,0,2,0,2,13,5,12,10,6
3571,0,2,0,2,13,5,12,10,6
3572,1,2,0,2,13,5,12,10,6
3573,1,2,0,2,13,5,12,10,6
3574,1,2,0,2,13,5,12,10,6
3575,2,2,0,2,13,5,12,10,6
3576,2,2,0,2,13,5,12,10,6
3577,2,2,0,2,13,5,12,10,5
3578,2,2,0,2,13,5,12,10,5
3579,2,2,0,2,13,5,12,10,5
3580,3,2,0,2,13,5,12,10,5
3581,3,2,0,2,13,5,12,10,5
3582,3,2,0,2,13,5,12,10,5
3583,3,2,0,2,13,5,12,10,5
3584,2,2,0,2,13,5,12,10,5
3585,2,2,0,2,13,5,12,10,5
3586,2,2,0,2,13,5,12,10,5
3587,2,2,0,2,13,5,12,10,4
3588,2,2,0,2,13,5,12,10,4
3589,0,2,0,2,13,5,12,10,5
3590,0,2,0,2,13,5,12,10,5
3591,0,2,0,2,13,5,12,10,5
3592,0,2,0,2,13,5,12,10,3
3593,0,2,0,2,13,5,12,10,3
3594,0,2,0,2,13,5,12,10,3
3595,0,2,0,2,13,5,12,10,3
3596,0,2,0,2,13,5,12,10,3
3597,0,2,0,2,13,4,12,9,3
3598,0,2,0,2,13,4,12,9,3
3599,0,2,0,2,13,4,12,9,4
3600,0,2,0,2,13,4,12,9,4
3601,0,2,0,2,13,4,12,9,4
3602,0,2,0,2,13,4,12,9,4
3603,0,2,0,2,13,4,12,9,4
3604,0,1,0,2,13,3,12,9,4
3605,0,1,0,2,13,3,12,9,4
3606,0,2,0,2,13,3,12,9,4
3607,0,2,0,2,13,3,12,9,5
3608,0,2,0,2,13,3,12,9,5
3609,0,2,0,2,13,3,12,9,4
3610,1,2,0,2,13,3,12,9,4
3611,1,2,0,2,13,3,12,9,3
3612,1,2,0,2,13,3,12,9,3
3613,1,2,0,2,13,3,12,9,3
3614,1,2,0,2,13,3,12,9,4
3615,1,2,0,2,13,3,12,9,4
3616,1,2,0,2,13,3,12,9,3
3617,1,2,0,2,13,3,12,9,3
3618,1,2,0,2,13,3,12,9,4
3619,1,2,0,2,13,3,12,9,4
3620,2,2,0,2,13,3,12,9,4
3621,2,2,0,2,13,3,12,9,4
3622,1,2,0,2,13,3,12,9,4
3623,1,2,0,2,13,3,12,9,4
3624,1,2,0,2,13,3,12,9,3
3625,1,2,0,2,13,3,12,9,2
3626,1,2,0,2,13,3,12,9,2
3627,1,2,0,2,13,3,11,9,3
3628,1,2,0,2,13,3,11,9,3
3629,1,2,0,2,13,3,11,9,3
3630,1,2,0,2,13,3,11,9,4
3631,1,2,0,2,13,3,11,9,5
3632,0,2,0,2,13,3,11,10,5
3633,0,2,0,2,13,3,11,10,5
3634,0,2,1,2,13,3,11,9,4
3635,0,2,1,2,13,3,11,9,4
3636,0,2,1,2,13,3,11,9,3
3637,0,2,1,2,13,3,11,9,4
3638,0,2,1,2,13,3,11,9,4
3639,0,2,1,2,13,3,11,9,5
3640,0,2,1,2,13,3,11,9,5
3641,0,2,1,2,13,3,11,9,5
3642,0,2,1,2,13,3,11,9,3
3643,0,2,1,2,13,3,11,9,2
3644,0,1,1,2,13,3,11,9,2
3645,0,1,1,2,13,3,11,9,2
3646,0,1,1,2,13,3,11,9,2
3647,0,1,1,2,13,3,11,10,2
3648,0,1,1,2,13,3,11,10,2
3649,0,1,1,2,13,2,11,10,2
3650,1,1,1,2,13,3,11,10,2
3651,1,1,1,2,13,3,11,10,2
3652,1,1,1,2,13,2,11,10,3
3653,1,1,1,2,13,2,11,10,3
3654,1,1,1,2,13,2,11,10,2
3655,1,1,1,2,13,2,11,10,2
3656,1,1,1,2,13,2,11,10,2
3657,1,1,1,2,13,2,11,10,1
3658,1,1,1,2,13,2,11,10,1
3659,0,1,1,2,13,2,10,10,1
3660,2,1,1,2,13,2,10,10,1
3661,2,1,1,2,13,2,10,10,1
3662,2,1,1,2,13,2,10,10,3
3663,2,1,1,2,13,2,10,10,3
3664,2,1,1,2,13,2,10,10,3
3665,2,1,1,2,13,2,10,10,3
3666,2,1,1,2,13,2,10,10,3
3667,1,1,1,2,13,2,10,10,3
3668,1,1,1,2,13,2,10,10,3
3669,1,1,1,2,13,2,10,10,2
3670,1,1,1,2,13,2,10,10,2
3671,1,1,1,2,13,2,10,10,3
3672,0,0,1,2,13,2,12,10,3
3673,0,0,1,2,13,2,12,10,3
3674,0,0,1,2,13,2,11,10,4
3675,1,0,1,2,13,2,11,10,4
3676,1,0,1,2,13,2,11,10,5
3677,1,0,1,2,13,2,11,10,4
3678,1,0,1,2,13,2,11,10,4
3679,1,0,1,2,13,2,11,10,5
3680,1,0,1,2,13,2,11,10,5
3681,1,0,1,2,13,2,11,10,5
3682,2,0,1,2,13,2,10,10,5
3683,2,0,1,2,13,2,10,10,5
3684,1,0,1,2,13,2,10,10,5
3685,1,0,1,2,13,2,10,10,5
3686,1,0,1,2,13,2,10,10,5
3687,1,0,1,2,13,2,10,10,5
3688,1,0,1,2,13,2,10,10,5
3689,1,0,1,2,13,2,10,10,5
3690,1,0,1,2,13,2,10,10,5
3691,1,0,1,2,13,2,10,10,5
3692,0,0,1,2,13,2,10,10,6
3693,0,0,1,2,13,2,10,10,6
3694,0,0,1,2,13,2,10,10,6
3695,0,0,1,2,13,2,10,10,6
3696,0,0,1,2,13,2,10,10,6
3697,0,0,1,2,13,2,11,10,6
3698,0,0,1,2,13,2,11,10,6
3699,0,0,1,2,13,2,11,10,6
3700,1,0,1,2,13,2,11,10,6
3701,1,0,1,2,13,2,11,10,6
3702,1,0,1,2,13,2,11,10,6
3703,1,0,1,2,13,2,11,10,6
3704,1,0,1,2,13,2,11,10,6
3705,1,0,1,2,13,2,11,10,6
3706,1,0,1,2,13,2,11,10,6
3707,1,0,2,2,13,2,12,10,6
3708,1,0,2,2,13,2,12,10,6
3709,0,0,2,2,13,2,12,10,6
3710,0,0,2,2,13,2,12,10,6
3711,0,0,2,2,13,2,12,10,6
3712,0,0,2,2,13,2,11,10,6
3713,0,0,2,2,13,2,11,10,6
3714,0,0,2,2,13,2,11,10,8
3715,1,0,2,2,13,2,11,10,7
3716,1,0,2,2,13,2,11,10,7
3717,1,0,2,2,13,2,11,10,8
3718,1,0,2,2,13,2,11,10,8
3719,1,0,2,2,13,2,10,10,7
3720,2,0,2,2,13,2,10,10,6
3721,2,0,2,2,13,2,10,10,6
3722,2,0,2,2,13,2,10,10,6
3723,2,0,2,2,13,2,10,10,6
3724,2,0,2,2,13,2,10,10,5
3725,3,1,2,2,13,2,10,10,5
3726,3,1,2,2,13,2,10,10,5
3727,2,0,3,2,13,2,10,10,5
3728,2,0,3,2,13,2,10,10,5
3729,1,0,3,2,13,2,10,10,5
3730,1,0,3,2,13,2,10,10,5
3731,1,0,3,2,13,2,10,10,5
3732,1,0,3,2,13,2,10,10,7
3733,1,0,3,2,13,2,10,10,7
3734,0,0,3,2,13,2,10,10,7
3735,0,0,3,2,13,2,10,10,7
3736,0,0,3,2,13,2,10,10,8
3737,0,0,3,2,13,2,10,10,6
3738,0,0,3,2,13,2,10,10,6
3739,0,0,3,2,13,2,10,10,8
3740,0,0,3,2,13,2,10,10,8
3741,0,0,3,2,13,2,10,10,8
3742,0,0,3,2,13,2,10,10,7
3743,0,0,3,2,13,2,10,10,7
3744,0,0,3,2,13,2,10,10,7
3745,0,0,3,2,13,2,10,10,7
3746,0,0,3,2,13,2,10,10,7
3747,0,0,3,2,13,2,10,10,6
3748,0,0,3,2,13,2,10,10,6
3749,0,0,3,2,13,2,10,10,6
3750,0,0,3,2,13,2,10,10,6
3751,0,0,3,2,13,2,10,10,6
3752,0,0,3,2,13,2,10,10,6
3753,0,0,3,2,13,2,10,10,6
3754,0,0,3,2,13,2,10,10,6
3755,0,0,3,2,13,2,10,10,6
3756,0,0,3,2,13,2,10,10,6
3757,0,0,3,2,13,2,10,10,5
3758,0,0,3,2,13,2,10,10,5
3759,0,0,3,2,13,2,10,10,5
3760,0,0,3,2,13,2,10,10,5
3761,0,0,3,2,13,2,10,10,6
3762,0,0,3,2,13,2,10,10,6
3763,0,0,3,2,13,2,10,10,6
3764,0,0,3,2,13,3,11,10,5
3765,1,0,3,2,13,3,11,10,4
3766,1,0,3,2,13,3,11,10,4
3767,1,0,3,2,13,2,11,10,4
3768,1,0,3,2,13,2,11,10,4
3769,1,0,3,2,13,2,11,10,4
3770,1,0,3,2,13,2,11,10,4
3771,1,0,3,2,13,2,11,10,4
3772,1,0,3,2,13,2,11,10,4
3773,1,0,3,2,13,2,11,10,4
3774,1,0,3,2,13,2,11,10,4
3775,1,0,3,2,13,2,11,10,4
3776,1,0,3,2,13,2,11,10,4
3777,0,0,3,2,13,2,11,10,4
3778,0,0,3,2,13,2,11,10,4
3779,0,0,3,2,13,2,11,10,3
3780,0,0,3,2,13,2,11,10,3
3781,0,0,3,2,13,2,11,10,3
3782,0,0,3,2,13,2,11,10,4
3783,0,0,3,2,13,2,11,10,4
3784,0,0,3,2,13,2,11,10,3
3785,0,0,3,2,13,2,11,10,3
3786,0,0,3,2,13,2,11,10,4
3787,0,0,3,2,13,2,11,10,5
3788,0,0,3,2,13,2,11,10,5
3789,0,0,3,2,13,2,11,10,3
3790,0,0,3,2,13,2,11,10,2
3791,0,0,3,2,13,2,11,10,2
3792,1,1,3,2,13,2,11,10,3
3793,1,1,3,2,13,2,11,10,3
3794,1,1,3,2,13,2,11,10,2
3795,2,1,3,2,13,2,11,10,2
3796,2,1,3,2,13,2,11,10,2
3797,2,1,3,2,13,2,11,10,2
3798,2,1,3,2,13,2,11,10,2
3799,2,1,3,2,13,2,11,10,3
3800,2,1,3,2,13,2,11,10,3
3801,2,1,3,2,13,2,11,10,3
3802,1,1,3,2,13,2,11,10,2
3803,1,1,3,2,13,2,11,10,2
3804,0,1,3,2,13,2,11,10,3
3805,0,1,3,2,13,2,11,10,3
3806,0,1,3,2,13,2,11,10,4
3807,0,1,3,2,13,2,11,10,4
3808,0,1,3,2,13,2,11,10,4
3809,0,1,3,2,13,2,11,10,4
3810,0,1,3,2,13,2,11,10,4
3811,0,1,3,2,13,2,11,10,4
3812,0,1,3,2,13,2,10,10,4
3813,0,1,3,2,13,2,10,10,4
3814,0,1,3,2,13,2,10,10,4
3815,1,1,3,2,13,2,10,10,4
3816,1,1,3,2,13,2,10,10,4
3817,1,1,3,2,13,3,10,10,4
3818,1,1,3,2,13,3,10,10,4
3819,1,1,3,2,13,2,11,10,4
3820,1,1,3,2,13,3,11,10,4
3821,1,1,3,2,13,2,11,10,4
3822,0,1,3,2,13,3,11,10,4
3823,0,1,3,2,13,3,11,10,4
3824,0,1,3,2,13,3,11,10,4
3825,0,1,3,2,13,3,11,10,4
3826,0,1,3,2,13,3,11,10,4
3827,0,1,3,2,13,3,11,10,5
3828,0,1,3,2,13,3,11,10,5
3829,0,1,3,2,13,3,11,10,5
3830,0,1,3,2,13,3,11,10,5
3831,0,1,3,2,13,3,11,10,5
3832,0,1,3,2,13,3,11,10,5
3833,0,1,3,2,13,3,11,10,5
3834,0,1,3,2,13,2,11,10,5
3835,0,1,3,2,13,2,11,10,5
3836,0,1,3,2,13,2,11,10,5
3837,0,0,3,2,13,3,11,10,5
3838,0,0,3,2,13,3,11,10,5
3839,0,0,3,2,13,2,11,10,4
3840,0,0,3,2,13,2,11,10,4
3841,0,0,3,2,13,2,11,10,3
3842,2,0,3,2,13,2,11,10,3
3843,2,0,3,2,13,2,11,10,3
3844,2,0,3,2,13,2,10,10,4
3845,2,0,3,2,13,2,11,10,4
3846,2,0,3,2,13,2,11,10,4
3847,2,0,3,2,13,2,10,10,4
3848,2,0,3,2,13,2,10,10,4
3849,2,0,3,2,13,2,9,10,3
3850,2,0,3,2,13,2,9,10,3
3851,2,0,3,2,13,2,9,10,3
3852,0,0,3,2,13,2,9,10,3
3853,0,0,3,2,13,2,9,10,3
3854,0,1,3,2,13,2,9,10,4
3855,1,1,3,2,13,2,9,10,5
3856,1,1,3,2,13,2,9,10,5
3857,1,1,3,2,13,2,9,10,5
3858,1,1,3,2,13,2,9,10,5
3859,1,1,3,2,13,2,9,10,5
3860,1,1,3,2,13,2,9,10,5
3861,1,1,3,2,13,2,9,10,5
3862,1,1,3,2,13,2,9,10,5
3863,1,1,3,2,13,2,9,10,5
3864,0,1,3,2,13,2,9,10,5
3865,0,1,3,2,13,2,9,10,5
3866,0,2,3,2,13,2,9,10,5
3867,0,2,3,2,13,2,9,10,5
3868,0,2,3,2,13,2,9,10,5
3869,0,2,3,2,13,2,9,10,5
3870,0,2,3,2,13,2,9,10,5
3871,0,2,3,2,13,2,9,10,5
3872,0,1,3,2,13,2,9,10,5
3873,0,1,3,2,13,2,9,10,5
3874,0,1,3,2,13,2,9,10,5
3875,0,1,3,2,13,2,9,10,5
3876,0,1,3,2,13,2,9,10,5
3877,0,1,3,2,13,2,9,10,5
3878,0,1,3,2,13,2,9,10,5
3879,0,1,3,2,13,2,9,10,5
3880,0,1,3,2,13,2,9,10,5
3881,0,1,3,2,13,2,9,10,5
3882,0,1,3,2,13,2,9,10,5
3883,0,1,3,2,13,2,9,10,5
3884,0,1,3,2,13,2,9,10,5
3885,0,1,3,2,13,2,9,10,5
3886,0,1,3,2,13,2,9,10,5
3887,0,0,3,2,13,2,9,10,5
3888,0,0,3,2,13,2,9,10,5
3889,0,0,3,2,13,2,9,10,5
3890,1,0,3,2,13,2,9,10,5
3891,1,0,3,2,13,2,9,10,5
3892,1,0,3,2,13,2,9,10,5
3893,1,0,3,2,13,2,9,10,5
3894,1,0,3,2,13,2,9,10,5
3895,2,0,3,2,13,2,9,10,5
3896,2,0,3,2,13,2,9,10,5
3897,2,0,3,2,13,2,9,10,5
3898,2,0,3,2,13,2,9,10,5
3899,1,0,3,2,13,2,9,10,6
3900,1,0,3,2,13,2,9,10,6
3901,1,0,3,2,13,2,9,10,6
3902,0,0,3,2,13,2,9,10,6
3903,0,0,3,2,13,2,9,10,6
3904,0,0,3,2,13,2,9,10,6
3905,0,0,3,2,13,2,9,10,6
3906,0,0,3,2,13,2,9,10,6
3907,0,0,3,2,13,2,9,10,7
3908,0,0,3,2,13,2,9,10,7
3909,0,0,3,2,13,2,9,10,6
3910,0,0,3,2,13,2,9,10,6
3911,0,0,3,2,13,2,9,10,6
3912,0,0,3,2,13,2,9,10,5
3913,0,0,3,2,13,2,9,10,5
3914,0,0,3,2,13,2,10,10,5
3915,0,0,3,2,13,2,9,10,5
3916,0,0,3,2,13,2,10,10,5
3917,0,0,3,2,13,2,10,10,5
3918,0,0,3,2,13,2,10,10,5
3919,0,0,3,2,13,2,10,10,4
3920,0,0,3,2,13,2,10,10,4
3921,1,0,3,2,13,2,10,10,3
3922,1,0,3,2,13,2,10,10,3
3923,1,0,3,2,13,2,10,10,3
3924,1,0,3,2,13,2,10,10,4
3925,1,0,3,2,13,2,10,10,4
3926,1,0,3,2,13,2,10,10,4
3927,1,0,3,2,13,2,10,10,4
3928,1,0,3,2,13,2,10,10,4
3929,0,0,3,2,13,2,10,10,4
3930,1,1,3,2,13,2,10,10,4
3931,1,1,3,2,13,2,10,10,4
3932,1,1,3,2,13,2,10,10,4
3933,1,1,3,2,13,2,10,10,4
3934,0,1,3,2,13,2,10,10,5
3935,0,1,3,2,13,2,10,10,5
3936,0,1,3,2,13,2,10,10,5
3937,0,1,3,2,13,2,10,10,5
3938,0,1,3,2,13,2,10,10,5
3939,0,1,3,2,13,2,10,10,6
3940,0,1,3,2,13,2,10,10,6
3941,0,1,3,2,13,2,10,10,7
3942,0,1,3,2,13,2,10,10,6
3943,0,1,3,2,13,2,10,10,6
3944,0,1,3,2,13,2,10,10,6
3945,0,1,3,2,13,2,10,10,6
3946,0,1,3,2,13,2,10,10,5
3947,0,0,3,2,13,2,10,10,5
3948,0,0,3,2,13,2,10,10,5
3949,0,1,3,2,13,2,10,10,6
3950,0,1,3,2,13,2,10,10,6
3951,0,1,3,2,13,2,10,10,6
3952,0,1,3,2,13,2,10,10,5
3953,0,1,3,2,13,2,10,10,6
3954,0,1,3,2,13,2,10,10,7
3955,0,1,3,2,13,2,10,10,7
3956,0,1,3,2,13,2,10,10,8
3957,0,1,3,2,13,2,10,10,5
3958,0,1,3,2,13,2,10,10,5
3959,0,1,3,2,13,2,10,10,5
3960,0,1,3,2,13,2,10,10,5
3961,0,1,3,2,13,2,10,10,5
3962,1,2,3,2,13,2,10,10,5
3963,1,2,3,2,13,2,10,10,5
3964,1,2,3,2,13,2,10,10,5
3965,1,2,3,2,13,2,10,10,4
3966,1,2,3,2,13,2,10,10,4
3967,1,2,3,2,13,2,10,10,4
3968,1,2,3,2,13,2,10,10,4
3969,1,2,3,2,13,2,10,10,4
3970,1,2,3,2,13,2,10,10,4
3971,1,2,3,2,13,2,10,10,4
3972,0,2,3,2,13,2,10,10,4
3973,0,2,3,2,13,2,10,10,4
3974,0,2,3,2,13,2,10,10,4
3975,0,2,3,2,13,2,10,10,4
3976,0,2,3,2,13,2,10,10,4
3977,0,0,3,2,13,2,10,10,5
3978,0,0,3,2,13,2,10,10,5
3979,0,0,3,2,13,2,10,10,5
3980,0,0,3,2,13,2,10,10,6
3981,0,0,3,2,13,2,10,10,6
3982,0,0,3,2,13,2,10,10,5
3983,0,0,3,2,13,2,10,10,5
3984,0,0,3,2,13,2,10,10,5
3985,0,0,3,2,13,2,10,10,4
3986,0,0,3,2,13,2,10,10,4
3987,0,0,3,2,13,2,10,10,3
3988,0,0,3,2,13,2,10,10,3
3989,0,0,3,2,13,2,10,10,4
3990,0,0,3,2,13,2,10,10,4
3991,0,0,3,2,13,2,10,10,4
3992,0,0,3,2,13,2,10,10,5
3993,0,0,3,2,13,2,10,10,5
3994,0,0,3,2,13,2,10,10,4
3995,1,1,3,2,13,2,10,10,4
3996,1,1,3,2,13,2,10,10,4
3997,1,1,3,2,13,2,10,10,5
3998,1,1,3,2,13,2,10,10,5
3999,1,1,3,2,13,2,10,10,5
4000,1,1,3,2,13,2,10,10,5
4001,1,1,3,2,13,2,10,10,5
4002,0,1,3,2,13,2,10,10,5
4003,0,1,3,2,13,2,10,10,5
4004,0,1,3,2,13,2,10,10,7
4005,0,1,3,2,13,2,10,10,7
4006,0,1,3,2,13,2,10,10,7
4007,0,1,3,2,13,2,10,10,6
4008,0,1,3,2,13,2,10,10,6
4009,0,0,3,2,13,2,9,10,6
4010,0,0,3,2,13,2,9,10,6
4011,0,0,3,2,13,2,9,10,7
4012,0,0,3,2,13,2,9,10,7
4013,0,0,3,2,13,2,9,10,7
4014,0,0,3,2,13,2,9,10,7
4015,0,0,3,2,13,2,9,10,6
4016,0,0,3,2,13,2,9,10,6
4017,0,0,3,2,13,2,9,10,5
4018,0,0,3,2,13,2,9,10,5
4019,0,0,3,2,13,2,9,10,4
4020,0,0,3,2,13,2,9,10,5
4021,0,0,3,2,13,2,9,10,5
4022,0,0,3,2,13,2,9,10,5
4023,0,1,3,2,13,2,9,10,5
4024,0,1,3,2,13,2,9,10,5
4025,0,1,3,2,13,2,9,10,6
4026,0,1,3,2,13,2,9,10,6
4027,0,1,3,2,13,2,9,10,6
4028,0,1,3,2,13,2,9,10,6
4029,0,1,3,2,13,2,9,10,6
4030,0,1,3,2,13,3,9,10,6
4031,0,1,3,2,13,3,9,10,6
4032,0,1,3,2,13,3,9,10,6
4033,0,1,3,2,13,3,9,10,6
4034,0,1,3,2,13,3,9,10,6
4035,0,0,3,2,13,2,9,10,5
4036,0,0,3,2,13,2,9,10,5
4037,0,0,3,2,13,2,9,10,5
4038,0,0,3,2,13,2,9,10,5
4039,0,0,3,2,13,2,9,10,5
4040,0,0,3,2,13,2,9,10,4
4041,0,0,3,2,13,2,9,10,5
4042,0,0,3,2,13,2,9,10,5
4043,1,0,3,2,13,2,9,10,5
4044,1,0,3,2,13,2,9,10,5
4045,1,0,3,2,13,2,10,10,4
4046,1,0,3,2,13,2,9,10,3
4047,1,0,3,2,13,2,9,10,3
4048,1,0,3,2,13,2,9,10,4
4049,1,0,3,2,13,2,9,10,5
4050,1,0,3,2,13,2,10,10,3
4051,1,0,3,2,13,2,10,10,3
4052,0,0,3,2,13,2,10,10,3
4053,0,0,3,2,13,2,10,10,3
4054,0,0,3,2,13,2,10,10,2
4055,0,0,3,2,13,2,10,10,3
4056,0,0,3,2,13,2,10,10,3
4057,0,0,3,2,13,2,10,10,3
4058,0,0,3,2,13,2,10,10,3
4059,0,0,3,2,13,2,10,10,3
4060,0,0,3,2,13,2,10,10,3
4061,0,0,3,2,13,2,10,10,3
4062,0,0,3,2,13,2,10,10,3
4063,0,1,3,2,13,2,10,10,3
4064,0,1,3,2,13,2,10,10,3
4065,0,1,3,2,13,2,10,9,3
4066,0,1,3,2,13,2,10,9,3
4067,0,1,3,2,13,2,10,9,3
4068,0,1,3,2,13,2,10,9,4
4069,0,1,3,2,13,2,10,9,5
4070,0,1,3,2,13,2,10,9,4
4071,0,1,3,2,13,2,10,9,3
4072,0,1,3,2,13,2,10,9,3
4073,0,1,3,2,13,2,10,9,3
4074,0,1,3,2,13,2,10,9,3
4075,0,0,3,2,13,2,10,9,3
4076,0,0,3,2,13,2,10,9,3
4077,0,0,3,2,13,2,10,9,3
4078,0,0,3,2,13,2,10,9,3
4079,0,0,3,2,13,2,10,9,3
4080,0,0,3,2,13,2,10,9,3
4081,0,0,3,2,13,2,10,9,3
4082,0,0,3,2,13,2,10,9,4
4083,0,0,3,2,13,2,10,9,5
4084,0,0,3,2,13,2,10,9,6
4085,0,0,3,2,13,2,10,9,5
4086,0,0,3,2,13,2,10,9,5
4087,0,0,3,2,13,2,10,9,5
4088,0,0,3,2,13,2,10,9,5
4089,0,0,3,2,13,2,10,9,4
4090,0,0,3,2,13,2,10,9,3
4091,0,0,3,2,13,2,10,9,3
4092,0,0,3,2,13,2,10,9,3
4093,0,0,3,2,13,2,10,9,3
4094,0,0,3,2,13,2,10,9,3
4095,0,0,3,2,13,2,10,9,3
4096,0,0,3,2,13,2,10,9,3
4097,0,0,3,2,13,2,10,9,2
4098,1,0,3,2,13,2,10,9,2
4099,1,0,3,2,13,2,10,9,2
4100,1,0,3,2,13,3,10,9,2
4101,1,0,3,2,13,3,10,9,2
4102,1,0,3,2,13,3,10,9,2
4103,1,0,3,2,13,3,10,9,2
4104,1,0,3,2,13,2,10,9,2
4105,0,0,3,2,13,2,10,9,2
4106,0,0,3,2,13,2,10,9,2
4107,0,0,3,2,13,2,10,9,2
4108,0,0,3,2,13,2,10,9,2
4109,0,1,3,2,13,4,10,9,2
4110,0,1,3,2,13,3,10,9,3
4111,0,1,3,2,13,3,10,9,3
4112,0,1,3,2,13,3,10,9,3
4113,0,1,3,2,13,3,10,9,3
4114,0,1,3,2,13,4,10,9,3
4115,1,1,3,2,13,3,11,9,3
4116,1,1,3,2,13,3,11,10,3
4117,1,1,3,2,13,3,11,9,3
4118,1,1,3,2,13,3,11,9,3
4119,1,1,3,2,13,3,11,9,3
4120,1,1,3,2,13,2,11,9,3
4121,1,1,3,2,13,2,11,9,3
4122,0,0,3,2,13,2,11,9,3
4123,0,0,3,2,13,2,11,9,3
4124,0,0,3,2,13,2,11,9,3
4125,0,0,3,2,13,3,11,9,3
4126,0,0,3,2,13,3,11,9,3
4127,0,0,3,2,13,3,11,9,4
4128,0,0,3,2,13,3,11,9,4
4129,0,0,3,2,13,3,11,9,4
4130,0,0,3,2,13,2,11,9,5
4131,0,0,3,2,13,2,11,9,5
4132,0,0,3,2,13,2,10,9,5
4133,0,0,3,2,13,2,10,9,5
4134,0,0,3,2,13,2,10,9,5
4135,0,0,3,2,13,2,10,9,5
4136,0,0,3,2,13,2,10,9,5
4137,0,0,3,2,13,2,11,9,5
4138,0,0,3,2,13,2,11,9,5
4139,0,0,3,2,13,2,11,9,5
4140,0,0,3,2,13,2,10,9,5
4141,0,0,3,2,13,2,10,9,5
4142,0,0,3,2,13,2,10,9,5
4143,0,0,3,2,13,2,10,9,5
4144,0,0,3,2,13,2,10,9,5
4145,1,0,3,2,13,2,10,9,5
4146,1,0,3,2,13,2,10,9,5
4147,1,0,3,2,13,2,10,9,4
4148,1,0,3,2,13,2,10,9,4
4149,1,0,3,2,13,2,10,9,4
4150,2,0,3,2,13,2,11,9,3
4151,2,0,3,2,13,2,11,9,3
4152,2,0,3,2,13,2,11,9,3
4153,2,0,3,2,13,2,11,9,3
4154,2,0,3,2,13,2,11,9,3
4155,1,0,3,2,13,2,11,9,3
4156,1,0,3,2,13,2,11,9,3
4157,1,0,3,2,13,2,10,9,2
4158,1,0,3,2,13,2,10,9,2
4159,1,0,3,2,13,2,10,9,2
4160,0,0,3,2,13,2,10,9,3
4161,0,0,3,2,13,2,10,9,3
4162,0,0,3,2,13,3,11,9,3
4163,0,1,3,2,13,3,11,9,3
4164,0,1,3,2,13,3,11,9,3
4165,1,1,3,2,13,3,11,9,4
4166,1,1,3,2,13,3,11,9,4
4167,1,1,3,2,13,3,11,9,3
4168,1,1,3,2,13,3,11,9,3
4169,1,1,3,2,13,3,11,9,3
4170,1,1,3,2,13,2,12,9,3
4171,1,1,3,2,13,2,12,9,3
4172,0,1,3,2,13,2,12,9,3
4173,0,1,3,2,13,2,10,9,3
4174,0,1,3,2,13,2,12,9,3
4175,0,0,3,2,13,2,10,9,3
4176,0,0,3,2,13,2,10,9,3
4177,0,0,3,2,13,2,10,9,4
4178,0,0,3,2,13,2,10,9,4
4179,0,0,3,2,13,2,10,9,4
4180,0,0,3,2,13,2,10,10,5
4181,0,0,3,2,13,2,10,10,5
4182,0,0,3,2,13,2,9,10,5
4183,0,0,3,2,13,2,9,10,5
4184,0,0,3,2,13,2,9,10,5
4185,0,0,3,2,13,2,9,10,5
4186,0,0,3,2,13,2,9,10,5
4187,0,0,3,2,13,2,10,9,5
4188,0,0,3,2,13,2,10,9,5
4189,0,0,3,2,13,2,10,9,5
4190,0,0,3,2,13,2,9,9,5
4191,0,0,3,2,13,2,9,9,5
4192,0,0,3,2,13,2,9,10,5
4193,0,0,3,2,13,2,9,10,6
4194,0,0,3,2,13,2,9,10,6
4195,0,0,3,2,13,2,9,10,5
4196,0,0,3,2,13,2,9,10,5
4197,0,0,3,2,13,2,9,10,5
4198,0,0,3,2,13,2,9,10,5
4199,0,0,3,2,13,2,9,10,5
4200,1,0,3,2,13,2,9,10,4
4201,1,0,3,2,13,2,9,10,4
4202,1,0,3,2,13,2,9,10,4
4203,1,0,3,2,13,2,9,10,4
4204,1,1,3,2,13,2,9,10,4
4205,0,2,3,2,13,2,9,10,2
4206,0,2,3,2,13,2,9,10,2
4207,0,2,3,2,13,2,9,10,2
4208,1,2,3,2,13,2,9,10,2
4209,1,2,3,2,13,2,9,10,2
4210,1,1,3,2,13,2,9,10,3
4211,1,1,3,2,13,2,9,10,3
4212,1,1,3,2,13,2,9,10,3
4213,1,1,3,2,13,2,9,10,3
4214,1,2,3,2,13,2,9,10,3
4215,0,0,3,2,13,2,9,10,3
4216,0,0,3,2,13,2,9,10,3
4217,0,0,3,2,13,2,9,10,4
4218,0,0,3,2,13,2,9,10,4
4219,0,0,3,2,13,2,9,10,4
4220,0,0,3,2,13,2,9,10,6
4221,0,0,3,2,13,2,9,10,6
4222,0,0,3,2,13,2,9,10,6
4223,0,0,3,2,13,2,9,10,6
4224,0,0,3,2,13,2,9,10,6
4225,0,0,3,2,13,3,9,10,5
4226,0,0,3,2,13,3,9,10,5
4227,0,0,3,2,13,3,9,10,5
4228,0,0,3,2,13,3,9,10,4
4229,0,0,3,2,13,3,9,10,4
4230,0,0,3,2,13,3,9,10,3
4231,0,0,3,2,13,3,9,10,3
4232,0,0,3,2,13,2,9,10,3
4233,0,0,3,2,13,2,9,10,4
4234,0,0,3,2,13,2,9,10,5
4235,0,0,3,2,13,2,9,10,5
4236,0,0,3,2,13,2,9,10,5
4237,0,0,3,2,13,2,9,10,4
4238,0,1,3,2,13,2,9,10,4
4239,0,1,3,2,13,2,9,10,3
4240,0,1,3,2,13,2,9,10,3
4241,0,1,3,2,13,2,9,10,3
4242,0,1,3,2,13,2,9,10,4
4243,0,1,3,2,13,2,9,10,4
4244,0,1,3,2,13,2,9,10,4
4245,0,1,3,2,13,2,9,10,4
4246,0,1,3,2,13,2,9,10,4
4247,0,1,3,2,13,2,9,10,3
4248,0,1,3,2,13,2,9,10,3
4249,0,1,3,2,13,2,9,10,3
4250,0,1,3,2,13,2,9,10,3
4251,0,1,3,2,13,2,9,10,3
4252,0,0,3,2,13,2,9,10,3
4253,0,0,3,2,13,2,9,10,3
4254,0,0,3,2,13,2,9,10,3
4255,1,0,3,2,13,2,9,10,2
4256,1,0,3,2,13,2,9,10,2
4257,1,0,3,2,13,2,9,10,3
4258,2,0,3,2,13,2,9,10,3
4259,2,0,3,2,13,2,9,10,3
4260,2,0,3,2,13,2,9,10,3
4261,2,0,3,2,13,2,9,10,3
4262,1,0,3,2,13,2,9,10,2
4263,1,0,3,2,13,2,9,10,2
4264,1,0,3,2,13,2,9,10,2
4265,0,0,3,2,13,2,9,10,3
4266,0,0,3,2,13,2,9,10,3
4267,0,0,3,2,13,2,9,10,3
4268,0,0,3,2,13,2,9,10,3
4269,0,0,3,2,13,2,9,10,3
4270,1,0,3,2,13,2,9,10,4
4271,1,0,3,2,13,2,9,10,4
4272,1,0,3,2,13,2,9,10,4
4273,1,1,3,2,13,2,9,10,4
4274,1,1,3,2,13,2,9,10,4
4275,1,1,3,2,13,2,9,10,4
4276,1,1,3,2,13,2,9,10,4
4277,0,1,3,2,13,2,9,10,4
4278,0,1,3,2,13,2,9,10,4
4279,0,1,3,2,13,2,9,10,4
4280,0,1,3,2,13,2,9,10,5
4281,0,1,3,2,13,2,9,10,5
4282,0,1,3,2,13,2,9,10,5
4283,0,1,3,2,13,2,9,10,5
4284,0,1,3,2,13,2,9,10,5
4285,0,1,3,2,13,2,9,10,5
4286,0,1,3,2,13,2,9,10,6
4287,0,1,3,2,13,2,9,10,6
4288,0,1,3,2,13,2,9,10,6
4289,0,1,3,2,13,2,9,10,6
4290,0,0,3,2,13,2,9,10,5
4291,0,0,3,2,13,2,9,10,4
4292,0,0,3,2,13,2,9,10,4
4293,0,0,3,2,13,2,9,10,5
4294,0,0,3,2,13,2,9,10,6
4295,0,0,3,2,13,2,9,11,6
4296,0,0,3,2,13,2,9,11,6
4297,0,0,3,2,13,2,9,11,5
4298,1,0,3,2,13,2,9,11,5
4299,1,0,3,2,13,2,9,11,5
4300,1,0,3,2,13,2,9,11,6
4301,1,0,3,2,13,2,9,11,6
4302,1,0,3,2,13,2,9,11,6
4303,1,0,3,2,13,2,9,11,6
4304,1,0,3,2,13,2,9,11,6
4305,0,0,3,2,13,2,9,10,5
4306,0,0,3,2,13,2,9,10,5
4307,0,0,3,2,13,2,9,10,6
4308,0,0,3,2,13,2,9,10,6
4309,0,0,3,2,13,2,9,10,7
4310,0,0,3,2,13,2,9,10,6
4311,0,0,3,2,13,2,9,10,6
4312,0,0,3,2,13,2,9,10,6
4313,0,1,3,2,13,2,9,10,6
4314,0,1,3,2,13,2,9,10,6
4315,0,1,3,2,13,2,9,9,5
4316,0,1,3,2,13,2,9,9,5
4317,0,1,3,2,13,2,9,10,4
4318,0,1,3,2,13,2,9,10,4
4319,0,1,3,2,13,2,9,9,5
4320,0,1,3,2,13,2,9,9,4
4321,0,1,3,2,13,2,9,10,4
4322,0,1,3,2,13,2,9,9,4
4323,0,1,3,2,13,2,9,9,5
4324,0,1,3,2,13,2,9,9,5
4325,0,1,3,2,13,2,9,9,5
4326,0,1,3,2,13,2,9,10,5
4327,0,0,3,2,13,2,9,10,4
4328,0,0,3,2,13,2,9,10,4
4329,0,0,3,2,13,2,9,10,3
4330,0,0,3,2,13,2,9,10,2
4331,0,0,3,2,13,2,9,10,1
4332,0,0,3,2,13,2,9,10,3
4333,2,0,3,2,13,2,9,10,3
4334,2,0,3,2,13,2,9,10,3
4335,2,0,3,2,13,3,9,10,3
4336,2,0,3,2,13,2,9,10,3
4337,1,0,3,2,13,2,9,10,3
4338,1,0,3,2,13,2,9,10,4
4339,1,0,3,2,13,2,9,10,5
4340,0,0,3,2,13,2,9,10,5
4341,0,0,3,2,13,2,9,10,5
4342,0,0,3,2,13,2,9,10,6
4343,0,0,3,2,13,2,9,10,6
4344,0,0,3,2,13,2,9,10,5
4345,0,0,3,2,13,2,9,10,4
4346,0,0,3,2,13,2,9,10,5
4347,0,0,3,2,13,2,9,10,5
4348,0,0,3,2,13,2,9,10,5
4349,0,0,3,2,13,2,9,10,5
4350,0,1,3,2,13,2,9,9,5
4351,0,1,3,2,13,2,9,9,5
4352,0,1,3,2,13,2,9,9,6
4353,0,1,3,2,13,2,9,9,6
4354,0,1,3,2,13,2,9,9,6
4355,0,1,3,2,13,2,9,9,4
4356,0,1,3,2,13,2,9,9,4
4357,0,1,3,2,13,2,9,9,4
4358,0,1,3,2,13,2,9,9,4
4359,0,1,3,2,13,2,9,9,6
4360,0,1,3,2,13,2,10,9,5
4361,0,1,3,2,13,2,10,9,5
4362,0,1,3,2,13,2,9,10,5
4363,0,1,3,2,13,2,9,10,5
4364,0,1,3,2,13,2,9,10,6
4365,0,2,3,2,13,2,10,11,5
4366,0,2,3,2,13,2,10,11,4
4367,0,1,3,2,13,3,11,10,4
4368,0,1,3,2,13,3,11,10,4
4369,0,1,3,2,13,3,11,10,4
4370,0,1,3,2,13,3,11,10,3
4371,0,1,3,2,13,3,11,10,3
4372,0,1,3,2,13,3,11,10,3
4373,0,1,3,2,13,3,11,10,3
4374,0,1,3,2,13,3,11,10,4
4375,0,0,3,2,13,3,11,9,5
4376,0,0,3,2,13,3,11,9,5
4377,0,0,3,2,13,3,11,9,5
4378,0,0,3,2,13,3,11,9,5
4379,0,0,3,2,13,3,11,9,5
4380,0,0,3,2,13,3,11,9,3
4381,0,0,3,2,13,3,11,9,3
4382,0,0,3,2,13,3,11,9,3
4383,0,0,3,2,13,3,11,9,3
4384,0,0,3,2,13,3,11,9,3
4385,0,0,3,2,13,4,11,9,4
4386,0,0,3,2,13,4,11,9,4
4387,0,0,3,2,13,5,11,9,4
4388,0,0,3,2,13,5,11,9,4
4389,0,0,3,2,13,5,11,9,3
4390,0,0,3,2,13,4,11,9,3
4391,0,0,3,2,13,4,11,9,3
4392,0,0,3,2,13,4,11,9,3
4393,0,1,3,2,13,4,11,9,3
4394,0,1,3,2,13,4,11,9,3
4395,0,1,3,2,13,4,11,9,3
4396,0,1,3,2,13,4,11,9,3
4397,0,1,3,2,13,3,11,9,2
4398,0,1,3,2,13,3,11,9,2
4399,0,1,3,2,13,3,11,9,2
4400,0,0,3,2,13,3,10,9,3
4401,0,0,3,2,13,3,10,9,3
4402,0,0,3,2,13,4,11,9,3
4403,0,0,3,2,13,4,11,9,3
4404,0,0,3,2,13,4,11,9,3
4405,0,0,3,2,13,3,11,9,3
4406,0,0,3,2,13,3,11,9,3
4407,0,0,3,2,13,3,11,9,4
4408,0,0,3,2,13,3,10,9,4
4409,0,0,3,2,13,3,11,9,4
4410,0,0,3,2,13,3,10,9,3
4411,0,0,3,2,13,3,11,9,3
4412,0,0,3,2,13,3,10,9,3
4413,0,0,3,2,13,3,10,9,3
4414,0,0,3,2,13,3,10,9,3
4415,0,0,3,2,13,4,11,9,3
4416,0,0,3,2,13,4,11,9,3
4417,0,0,3,2,13,4,11,9,3
4418,0,0,3,2,13,4,11,9,3
4419,0,0,3,2,13,4,11,9,3
4420,0,0,3,2,13,5,11,9,3
4421,0,0,3,2,13,5,11,9,3
4422,0,0,3,2,13,4,11,9,3
4423,0,0,3,2,13,4,11,9,3
4424,0,0,3,2,13,4,11,9,3
4425,0,0,3,2,13,4,11,9,3
4426,0,0,3,2,13,4,10,9,3
4427,0,0,3,2,13,5,11,9,2
4428,0,0,3,2,13,5,11,9,2
4429,0,0,3,2,13,5,11,9,2
4430,0,0,3,2,13,6,11,10,2
4431,0,0,3,2,13,6,11,10,2
4432,0,0,3,2,13,6,11,10,2
4433,0,0,3,2,13,6,11,10,2
4434,0,0,3,2,13,6,11,10,2
4435,0,0,3,2,13,6,11,10,2
4436,0,0,3,2,13,6,11,10,2
4437,0,0,3,2,13,5,11,10,2
4438,0,0,3,2,13,5,11,10,2
4439,0,0,3,2,13,5,11,10,2
4440,0,0,3,2,13,4,11,10,2
4441,0,0,3,2,13,4,11,10,2
4442,0,0,3,2,13,3,11,10,2
4443,0,0,3,2,13,3,11,10,2
4444,0,0,3,2,13,3,11,10,2
4445,0,0,3,2,13,4,11,10,2
4446,0,0,3,2,13,4,11,10,2
4447,0,0,3,2,13,4,11,10,2
4448,0,0,3,2,13,4,11,10,2
4449,0,0,3,2,13,5,11,10,2
4450,0,0,3,2,13,3,11,10,2
4451,0,0,3,2,13,3,11,10,2
4452,0,0,3,2,13,3,11,10,1
4453,0,0,3,2,13,3,11,10,1
4454,0,0,3,2,13,4,11,10,1
4455,0,0,3,2,13,4,11,10,1
4456,0,0,3,2,13,4,11,10,1
4457,0,0,3,2,13,5,11,10,1
4458,0,0,3,2,13,5,11,10,1
4459,0,0,3,2,13,5,11,10,1
4460,0,0,3,2,13,4,11,10,0
4461,0,0,3,2,13,4,11,10,0
4462,0,0,3,2,13,5,11,10,0
4463,0,0,3,2,13,5,11,10,0
4464,0,0,3,2,13,5,11,10,0
4465,0,0,3,2,13,5,11,10,0
4466,0,0,3,2,13,5,11,10,0
4467,1,0,3,2,13,4,11,9,0
4468,1,0,3,2,13,5,11,9,0
4469,1,0,3,2,13,4,11,9,0
4470,2,0,3,2,13,4,11,9,0
4471,2,0,3,2,13,4,11,9,0
4472,2,0,3,2,13,4,11,9,0
4473,2,0,3,2,13,4,11,9,0
4474,2,0,3,2,13,4,11,9,0
4475,1,0,3,2,13,4,11,9,0
4476,1,0,3,2,13,5,11,9,0
4477,1,0,3,2,13,5,11,9,0
4478,1,0,3,2,13,5,11,9,0
4479,1,0,3,2,13,5,11,9,0
4480,1,0,3,2,13,6,11,9,0
4481,1,0,3,2,13,5,11,9,0
4482,1,0,3,2,13,6,10,9,0
4483,1,0,3,2,13,6,10,9,0
4484,1,0,3,2,13,6,10,9,0
4485,1,0,3,2,13,6,11,9,0
4486,1,0,3,2,13,6,11,9,0
4487,1,0,3,2,13,6,10,9,1
4488,1,0,3,2,13,6,10,9,1
4489,1,0,3,2,13,6,10,9,1
4490,1,0,3,2,13,5,11,8,1
4491,1,0,3,2,13,5,11,8,1
4492,1,0,3,2,13,5,11,8,1
4493,1,0,3,2,13,5,11,8,1
4494,1,0,3,2,13,5,11,9,1
4495,1,0,3,2,13,4,11,9,1
4496,1,0,3,2,13,4,11,9,1
4497,1,0,3,2,13,3,11,9,1
4498,1,0,3,2,13,4,11,9,1
4499,1,0,3,2,13,4,11,9,1
4500,1,0,3,2,13,3,11,9,1
4501,1,0,3,2,13,3,11,9,1
4502,1,0,3,2,13,3,11,9,0
4503,1,0,3,2,13,3,11,9,0
4504,1,0,3,2,13,3,11,9,0
4505,1,0,3,2,13,4,11,9,1
4506,1,0,3,2,13,4,11,9,1
4507,1,0,3,2,13,3,11,9,1
4508,1,0,3,2,13,3,11,9,1
4509,1,0,3,2,13,3,11,9,1
4510,1,0,3,2,13,3,11,9,1
4511,1,0,3,2,13,3,11,9,1
4512,1,0,3,2,13,3,11,9,1
4513,2,0,3,2,13,3,11,9,2
4514,2,0,3,2,13,3,11,9,2
4515,2,0,3,2,13,3,11,9,2
4516,2,0,3,2,13,3,11,9,2
4517,2,0,3,2,13,3,11,9,2
4518,2,0,3,2,13,3,11,9,2
4519,2,0,3,2,13,3,11,9,2
4520,2,0,3,2,13,3,11,9,3
4521,2,0,3,2,13,3,11,9,3
4522,2,0,3,2,13,3,11,9,3
4523,2,0,3,2,13,4,11,9,3
4524,2,0,3,2,13,4,11,9,3
4525,2,0,3,2,13,4,11,9,3
4526,2,0,3,2,13,4,11,9,3
4527,2,0,3,2,13,4,11,9,3
4528,2,0,3,2,13,3,11,9,2
4529,2,0,3,2,13,3,11,9,2
4530,2,0,3,2,13,3,11,9,2
4531,2,0,3,2,14,3,11,9,3
4532,2,0,3,2,14,3,11,9,4
4533,2,0,3,2,14,3,11,9,2
4534,2,0,3,2,14,3,11,9,2
4535,2,0,3,2,14,3,11,9,2
4536,2,0,3,2,14,3,11,9,2
4537,2,0,3,2,14,3,11,9,2
4538,3,0,3,2,14,3,12,9,2
4539,3,0,3,2,14,3,12,9,2
4540,3,0,3,2,14,3,12,8,2
4541,3,0,3,2,14,3,12,8,3
4542,3,0,3,2,14,3,12,8,3
4543,3,0,3,2,14,3,12,7,3
4544,3,0,3,2,14,3,12,7,3
4545,3,0,3,2,14,3,12,7,3
4546,3,0,3,2,14,3,12,7,3
4547,3,0,3,2,14,3,12,7,3
4548,3,0,3,2,14,2,12,7,3
4549,3,0,3,2,14,2,12,7,3
4550,3,0,3,2,14,2,12,7,3
4551,3,0,3,2,14,2,12,7,4
4552,3,0,3,2,14,2,12,7,5
4553,3,0,3,2,14,2,12,7,4
4554,3,0,3,2,14,2,12,7,3
4555,3,0,3,2,14,2,12,7,4
4556,3,0,3,2,14,2,12,7,4
4557,3,0,3,2,14,2,12,7,3
4558,3,0,3,2,14,2,12,7,3
4559,3,0,3,2,14,1,12,7,4
4560,3,0,3,2,14,2,12,7,6
4561,3,0,3,2,14,2,12,7,6
4562,3,0,3,2,14,2,12,7,6
4563,3,0,3,2,14,2,12,7,7
4564,3,0,3,2,14,2,12,7,7
4565,3,0,3,2,14,2,12,7,7
4566,3,0,3,2,14,2,12,7,7
4567,3,0,3,2,14,2,12,7,7
4568,3,0,3,2,14,2,12,7,6
4569,3,0,3,2,14,2,12,7,6
4570,3,0,3,2,14,1,12,7,6
4571,3,0,3,2,14,1,12,7,6
4572,3,0,3,2,14,1,12,8,6
4573,3,0,3,2,14,2,12,7,4
4574,3,0,3,2,14,2,12,7,4
4575,3,0,3,2,14,2,12,7,4
4576,3,0,3,2,14,2,12,7,4
4577,3,0,3,2,14,2,12,7,4
4578,3,0,3,2,14,2,12,7,5
4579,3,0,3,2,14,2,12,7,5
4580,3,0,3,2,14,3,12,7,5
4581,3,0,3,2,14,3,12,7,4
4582,3,0,3,2,14,3,12,7,4
4583,3,0,3,2,14,3,12,6,4
4584,3,0,3,2,14,3,12,6,4
4585,3,0,3,2,14,3,12,5,4
4586,3,0,3,2,14,3,12,5,4
4587,3,0,3,2,14,3,12,5,4
4588,3,0,3,2,14,3,12,5,5
4589,3,0,3,2,14,3,12,5,5
4590,3,0,3,2,14,3,12,5,4
4591,3,0,3,2,14,3,12,5,3
4592,3,0,3,2,14,3,12,5,3
4593,3,0,3,2,14,2,12,5,5
4594,3,0,3,2,14,2,12,5,5
4595,3,0,3,2,14,3,12,6,6
4596,3,0,3,2,14,3,12,7,7
4597,3,0,3,2,14,3,12,7,7
4598,3,0,3,2,14,2,12,6,7
4599,3,0,3,2,14,2,12,6,6
4600,3,0,3,2,14,2,12,6,8
4601,3,0,3,2,14,2,12,6,8
4602,3,0,3,2,14,2,12,6,9
4603,3,0,3,2,14,2,12,6,7
4604,3,0,3,2,14,2,12,6,6
4605,3,0,3,2,14,2,12,6,6
4606,3,0,3,2,14,2,12,6,6
4607,3,0,3,2,14,2,12,6,7
4608,3,0,3,2,14,2,12,6,6
4609,3,0,3,2,14,2,12,6,6
4610,3,0,3,2,14,2,12,6,6
4611,3,0,3,2,14,2,12,6,7
4612,3,0,3,2,14,2,12,6,9
4613,3,0,3,2,14,2,12,6,7
4614,3,0,3,2,14,2,12,6,7
4615,3,0,3,2,14,2,12,6,7
4616,3,0,3,2,14,2,12,6,7
4617,3,1,3,2,14,2,12,6,6
4618,3,1,3,2,14,2,12,7,6
4619,3,1,3,2,14,2,12,7,6
4620,3,0,3,2,14,2,12,7,6
4621,3,0,3,2,14,2,12,7,6
4622,3,0,3,2,14,2,12,6,6
4623,3,0,3,2,14,2,12,5,6
4624,3,0,3,2,14,2,12,6,6
4625,3,0,3,2,14,2,12,7,6
4626,3,0,3,2,14,2,12,7,6
4627,3,0,3,2,14,2,12,7,6
4628,3,0,3,2,14,2,12,6,5
4629,3,0,3,2,14,2,12,6,5
4630,3,0,3,2,14,2,12,6,5
4631,3,0,3,2,14,2,12,6,5
4632,3,0,3,2,14,2,12,6,5
4633,3,0,3,2,14,2,12,6,6
4634,3,0,3,2,14,2,12,6,6
4635,3,0,3,2,14,2,12,5,6
4636,3,0,3,2,14,2,12,5,6
4637,3,0,3,2,14,2,12,5,6
4638,3,0,3,2,14,2,12,5,6
4639,3,0,3,2,14,2,12,5,6
4640,3,0,3,2,14,2,12,5,6
4641,3,0,3,2,14,2,12,5,6
4642,3,1,3,2,14,2,12,5,6
4643,3,1,3,2,14,2,12,5,6
4644,3,1,3,2,14,2,12,5,6
4645,3,1,3,2,14,2,12,5,6
4646,3,1,3,2,14,2,12,5,6
4647,3,1,3,2,14,2,12,5,6
4648,3,1,3,2,14,2,12,5,6
4649,3,1,3,2,14,2,12,5,6
4650,3,1,3,2,14,2,12,5,6
4651,3,1,3,2,14,2,12,5,6
4652,3,1,3,2,14,2,12,5,6
4653,3,1,3,2,14,2,12,5,5
4654,3,1,3,2,14,2,12,5,5
4655,3,1,3,2,14,1,12,5,5
4656,3,1,3,2,14,1,12,5,5
4657,3,1,3,2,14,1,12,5,5
4658,3,1,3,2,14,1,12,4,5
4659,3,1,3,2,14,1,12,4,5
4660,3,1,3,2,14,1,12,4,5
4661,3,1,3,2,14,1,12,4,5
4662,3,1,3,2,14,1,12,4,5
4663,3,2,3,2,14,1,12,4,4
4664,3,2,3,2,14,1,12,4,4
4665,3,2,3,2,14,1,12,4,4
4666,3,2,3,2,14,1,12,4,4
4667,3,2,3,2,14,1,12,4,4
4668,3,2,3,2,14,2,12,5,6
4669,3,2,3,2,14,2,12,5,6
4670,3,2,3,2,14,2,12,4,6
4671,3,2,3,2,14,2,12,4,6
4672,3,2,3,2,14,2,12,4,6
4673,3,2,3,2,14,2,12,4,6
4674,3,2,3,2,14,2,12,4,6
4675,3,2,3,2,14,2,12,4,6
4676,3,2,3,2,14,2,12,5,6
4677,3,2,3,2,14,2,12,5,6
4678,3,2,3,2,14,2,12,5,6
4679,3,2,3,2,14,2,12,5,6
4680,3,2,3,2,14,2,12,5,5
4681,3,2,3,2,14,2,12,5,5
4682,3,2,3,2,14,2,12,5,5
4683,3,2,3,2,14,2,12,5,5
4684,3,2,3,2,14,2,12,5,5
4685,3,2,3,2,14,2,12,5,6
4686,3,2,3,2,14,2,12,6,6
4687,3,2,3,2,14,2,12,6,6
4688,3,2,3,2,14,2,12,6,5
4689,3,2,3,2,14,2,12,6,5
4690,3,2,3,2,14,2,12,4,4
4691,3,2,3,2,14,2,12,4,4
4692,3,2,3,2,14,2,12,4,4
4693,3,2,3,2,14,2,12,4,6
4694,3,2,3,2,14,2,12,4,6
4695,3,2,3,2,14,2,12,4,6
4696,3,2,3,2,14,2,12,4,6
4697,3,2,3,2,14,2,12,4,6
4698,3,2,3,2,14,2,12,4,6
4699,3,2,3,2,14,2,12,4,6
4700,3,2,3,2,14,2,12,3,6
4701,3,2,3,2,14,2,12,3,6
4702,3,2,3,2,14,2,12,3,5
4703,3,2,3,2,14,2,12,3,5
4704,3,2,3,2,14,2,12,3,6
4705,3,2,3,2,14,2,12,3,5
4706,3,2,3,2,14,2,12,3,5
4707,3,2,3,2,14,2,12,3,4
4708,3,2,3,2,14,2,12,3,4
4709,3,2,3,2,14,2,12,3,4
4710,3,2,3,2,14,2,12,3,6
4711,3,2,3,2,14,2,12,3,6
4712,3,2,3,2,14,2,12,3,5
4713,3,2,3,2,14,2,12,3,5
4714,3,2,3,2,14,2,12,3,5
4715,3,2,3,2,14,2,12,3,5
4716,3,2,3,2,14,2,12,5,5
4717,3,2,3,2,14,2,12,5,5
4718,3,2,3,2,14,2,12,5,5
4719,3,2,3,2,14,2,12,5,5
4720,3,2,3,2,14,2,12,4,5
4721,3,2,3,2,14,2,12,4,4
4722,3,2,3,2,14,2,12,4,4
4723,3,2,3,2,14,2,12,4,5
4724,3,2,3,2,14,2,12,4,5
4725,3,2,3,2,14,2,12,4,6
4726,3,2,3,2,14,3,12,4,6
4727,3,2,3,2,14,3,12,4,6
4728,3,2,3,2,14,2,12,4,5
4729,3,2,3,2,14,2,12,4,4
4730,3,2,3,2,14,2,12,4,5
4731,3,2,3,2,14,2,12,4,5
4732,3,2,3,2,14,2,12,4,5
4733,3,2,3,2,14,2,12,4,6
4734,3,2,3,2,14,2,12,4,6
4735,3,2,3,2,14,2,12,3,6
4736,3,2,3,2,14,2,12,3,6
4737,3,2,3,2,14,2,12,3,5
4738,3,2,3,2,14,2,12,3,6
4739,3,2,3,2,14,2,12,3,6
4740,3,2,3,2,14,2,12,3,7
4741,3,2,3,2,14,2,12,3,7
4742,3,2,3,2,14,2,12,3,7
4743,3,2,3,2,14,2,12,3,7
4744,3,2,3,2,14,2,12,3,7
4745,3,2,3,2,14,2,12,3,7
4746,3,2,3,2,14,2,12,3,7
4747,3,2,3,2,14,2,12,3,7
4748,3,2,3,2,14,2,12,3,7
4749,3,2,3,2,14,2,12,3,7
4750,3,2,3,2,14,2,12,3,6
4751,3,2,3,2,14,2,12,3,6
4752,3,2,3,2,14,2,12,3,6
4753,3,2,3,2,14,2,12,3,6
4754,3,2,3,2,14,2,12,3,6
4755,3,2,3,2,14,2,12,3,5
4756,3,2,3,2,14,2,12,3,5
4757,3,2,3,2,14,2,12,3,5
4758,3,2,3,2,14,2,12,3,5
4759,3,2,3,2,14,2,12,3,5
4760,3,2,3,2,14,2,12,3,5
4761,3,2,3,2,14,2,12,3,5
4762,3,2,3,2,14,2,12,3,5
4763,3,2,3,2,14,2,12,3,5
4764,3,2,3,2,14,2,12,3,5
4765,3,2,3,2,14,2,12,3,5
4766,3,2,3,2,14,2,12,3,5
4767,3,2,3,2,14,2,12,3,5
4768,3,2,3,2,14,3,12,4,5
4769,3,2,3,2,14,3,12,4,5
4770,3,2,3,2,14,3,12,4,5
4771,3,2,3,2,14,3,12,4,5
4772,3,2,3,2,14,2,12,4,5
4773,3,2,3,2,14,2,12,4,5
4774,3,2,3,2,14,3,12,4,5
4775,3,2,3,2,14,3,12,4,5
4776,3,2,3,2,14,3,12,4,5
4777,3,2,3,2,14,3,12,4,5
4778,3,2,3,2,14,3,12,4,4
4779,3,2,3,2,14,3,12,4,4
4780,3,2,3,2,14,2,12,3,4
4781,3,2,3,2,14,2,12,3,4
4782,3,2,3,2,14,2,12,3,4
4783,3,2,3,2,14,2,12,3,4
4784,3,2,3,2,14,2,12,3,4
4785,3,2,3,2,14,3,12,3,4
4786,3,2,3,2,14,3,12,3,4
4787,3,2,3,2,14,3,12,3,4
4788,3,2,3,2,14,3,12,3,5
4789,3,2,3,2,14,3,12,3,5
4790,3,2,3,2,14,3,12,3,6
4791,3,2,3,2,14,3,12,3,6
4792,3,2,3,2,14,3,12,3,6
4793,3,2,3,2,14,3,12,2,6
4794,3,2,3,2,14,3,12,2,6
4795,3,2,3,2,14,2,12,2,6
4796,3,2,3,2,14,2,12,2,6
4797,3,2,3,2,14,2,12,2,6
4798,3,2,3,2,14,2,12,2,7
4799,3,2,3,2,14,2,12,2,7
4800,3,2,3,2,14,2,12,2,8
4801,3,2,3,2,14,2,12,3,8
4802,3,2,3,2,14,2,12,3,8
4803,3,2,3,2,14,2,12,3,8
4804,3,2,3,2,14,2,12,3,8
4805,3,2,3,2,14,2,12,3,8
4806,3,2,3,2,14,2,12,3,8
4807,3,2,3,2,14,2,12,3,8
4808,3,2,3,2,14,1,12,2,6
4809,3,2,3,2,14,1,12,2,6
4810,3,2,3,2,14,1,12,2,5
4811,3,2,3,2,14,1,12,3,5
4812,3,2,3,2,14,1,12,3,5
4813,3,2,3,2,14,2,12,3,5
4814,3,2,3,2,14,2,12,3,5
4815,3,2,3,2,14,3,12,3,6
4816,3,2,3,2,14,3,12,3,6
4817,3,2,3,2,14,3,12,3,6
4818,3,2,3,2,14,3,12,3,7
4819,3,2,3,2,14,3,12,3,7
4820,3,2,3,2,14,3,12,3,7
4821,3,2,3,2,14,3,12,3,7
4822,3,2,3,2,14,3,12,3,7
4823,3,2,3,2,14,3,12,3,7
4824,3,2,3,2,14,3,12,3,7
4825,3,2,3,2,14,3,12,3,7
4826,3,2,3,2,14,3,12,3,7
4827,3,2,3,2,14,3,12,3,7
4828,3,2,3,2,14,2,12,3,7
4829,3,2,3,2,14,2,12,3,7
4830,3,2,3,2,14,2,12,3,7
4831,3,2,3,2,14,2,12,3,8
4832,3,2,3,2,14,2,12,3,8
4833,3,2,3,2,14,2,12,3,7
4834,3,2,3,2,14,2,12,3,7
4835,3,2,3,2,14,2,12,3,7
4836,3,2,3,2,14,2,12,3,7
4837,3,2,3,2,14,2,12,3,7
4838,3,2,3,2,14,2,12,3,6
4839,3,2,3,2,14,2,12,3,6
4840,3,2,3,2,14,2,12,3,5
4841,3,2,3,2,14,2,12,3,5
4842,3,2,3,2,14,2,12,3,5
4843,3,2,3,2,14,2,12,3,5
4844,3,2,3,2,14,2,12,3,5
4845,3,2,3,2,14,2,12,2,5
4846,3,2,3,2,14,2,12,2,5
4847,3,2,3,2,14,3,12,2,5
4848,3,2,3,2,14,3,12,2,5
4849,3,2,3,2,14,3,12,2,5
4850,3,2,3,2,14,2,12,2,5
4851,3,2,3,2,14,2,12,2,5
4852,3,2,3,2,14,2,12,2,5
4853,3,2,3,2,14,2,12,2,6
4854,3,2,3,2,14,2,12,2,6
4855,3,2,3,2,14,2,12,2,6
4856,3,2,3,2,14,2,12,2,6
4857,3,2,3,2,14,2,12,2,6
4858,3,2,3,2,14,2,12,2,6
4859,3,2,3,2,14,2,12,2,6
4860,3,2,3,2,14,2,12,2,5
4861,3,2,3,2,14,2,12,2,5
4862,3,2,3,2,14,2,12,2,5
4863,3,2,3,2,14,2,12,2,5
4864,3,2,3,2,14,2,12,2,5
4865,3,2,3,2,14,2,12,2,5
4866,3,2,3,2,14,2,12,2,5
4867,3,2,3,2,14,2,12,2,5
4868,3,2,3,2,14,2,12,2,4
4869,3,2,3,2,14,2,12,2,4
4870,3,2,3,2,14,2,12,2,4
4871,3,2,3,2,14,2,12,2,4
4872,3,2,3,2,14,2,12,2,5
4873,3,2,3,2,14,2,12,2,5
4874,3,2,3,2,14,2,12,2,5
4875,3,2,3,2,14,2,12,2,5
4876,3,2,3,2,14,2,12,2,5
4877,3,2,3,2,14,2,12,2,5
4878,3,2,3,2,14,2,12,2,5
4879,3,2,3,2,14,2,12,2,5
4880,3,2,3,2,14,2,12,2,5
4881,3,2,3,2,14,2,12,2,5
4882,3,2,3,2,14,2,12,2,5
4883,3,2,3,2,14,2,12,2,5
4884,3,2,3,2,14,2,12,2,5
4885,3,2,3,2,14,2,12,2,4
4886,3,2,3,2,14,2,12,2,4
4887,3,2,3,2,14,2,12,2,4
4888,3,2,3,2,14,2,12,2,4
4889,3,2,3,2,14,2,12,2,4
4890,3,2,3,2,14,2,12,2,4
4891,3,2,3,2,14,3,12,2,4
4892,3,2,3,2,14,3,12,2,4
4893,3,2,3,2,14,3,12,2,4
4894,3,2,3,2,14,3,12,2,4
4895,3,2,3,2,14,3,12,2,4
4896,3,2,3,2,14,3,12,2,4
4897,3,2,3,2,14,3,12,2,4
4898,3,2,3,2,14,3,12,2,3
4899,3,2,3,2,14,3,12,2,3
4900,3,2,3,2,14,3,12,2,3
4901,3,2,3,2,15,3,12,2,3
4902,3,2,3,2,15,3,12,2,3
4903,3,2,3,2,15,3,12,2,2
4904,3,2,3,2,15,3,12,2,2
4905,3,2,3,2,14,3,12,2,2
4906,3,2,3,2,14,3,12,2,2
4907,3,2,3,2,14,3,12,2,2
4908,3,2,3,2,14,3,12,2,2
4909,3,2,3,2,14,3,12,2,2
4910,3,2,3,2,14,3,12,2,2
4911,3,2,3,2,14,3,12,2,2
4912,3,2,3,2,14,3,12,2,2
4913,3,2,3,2,14,3,12,2,2
4914,3,2,3,2,14,3,12,2,2
4915,3,2,3,2,14,3,12,2,2
4916,3,2,3,2,14,3,12,2,2
4917,3,2,3,2,14,3,12,2,2
4918,3,2,3,2,14,3,12,2,1
4919,3,2,3,2,14,3,12,2,1
4920,3,2,3,2,14,3,12,2,1
4921,3,2,3,2,14,3,12,2,1
4922,3,2,3,2,14,3,12,2,1
4923,3,2,3,2,14,3,12,2,1
4924,3,2,3,2,14,3,12,2,1
4925,3,2,3,2,14,3,11,2,1
4926,3,2,3,2,14,3,11,2,1
4927,3,2,3,2,14,3,11,2,1
4928,3,2,3,2,14,3,9,2,1
4929,3,2,3,2,14,3,9,2,1
4930,3,2,3,2,14,3,9,2,1
4931,3,2,3,2,14,3,9,2,1
4932,3,2,3,2,14,3,9,2,1
4933,3,2,3,2,14,3,9,2,1
4934,3,2,3,2,14,3,9,2,1
4935,3,2,3,2,14,3,9,2,2
4936,3,2,3,2,14,3,9,2,2
4937,3,2,3,2,14,3,9,2,2
4938,3,2,3,2,14,3,9,2,3
4939,3,2,3,2,14,3,9,2,3
4940,3,2,3,2,14,3,9,2,4
4941,3,2,3,2,14,3,9,2,4
4942,3,2,3,2,14,3,9,2,4
4943,3,2,3,2,14,3,9,2,4
4944,3,2,3,2,14,3,9,2,4
4945,3,2,3,2,14,3,9,2,4
4946,3,2,3,2,14,3,9,2,4
4947,3,2,3,2,14,3,9,2,4
4948,3,2,3,2,14,3,9,2,4
4949,3,2,3,2,14,3,9,2,4
4950,3,2,3,2,13,3,9,2,3
4951,3,2,3,2,13,3,9,2,3
4952,3,2,3,2,13,3,9,2,3
4953,3,2,3,2,13,3,10,2,3
4954,3,2,3,2,13,3,10,2,3
4955,3,2,3,2,12,3,10,2,3
4956,3,2,3,2,12,3,10,2,3
4957,3,2,3,2,12,3,10,2,3
4958,3,2,3,2,11,3,10,2,4
4959,3,2,3,2,11,3,10,2,4
4960,3,2,3,2,11,3,10,2,4
4961,3,2,3,2,11,3,10,2,4
4962,3,2,3,2,11,3,10,2,4
4963,3,2,3,2,11,4,10,2,4
4964,3,2,3,2,11,4,10,2,4
4965,3,2,3,2,11,4,10,2,5
4966,3,2,3,2,11,5,10,2,5
4967,3,2,3,2,11,5,10,2,5
4968,3,2,3,2,11,5,10,2,6
4969,3,2,3,2,11,5,10,2,6
4970,3,2,3,2,11,5,10,2,6
4971,3,2,3,2,11,5,10,2,6
4972,3,2,3,2,11,5,10,2,6
4973,3,2,3,2,11,5,9,2,6
4974,3,2,3,2,11,5,9,2,6
4975,3,2,3,2,11,5,9,2,6
4976,3,2,3,2,11,5,9,2,6
4977,3,2,3,2,11,5,9,2,6
4978,3,2,3,2,11,5,10,2,6
4979,3,2,3,2,11,5,10,2,6
4980,3,2,3,2,11,5,8,2,6
4981,3,2,3,2,11,5,8,2,6
4982,3,2,3,2,11,5,8,2,6
4983,3,2,3,2,10,5,8,2,7
4984,3,2,3,2,10,5,8,2,7
4985,3,2,3,2,10,5,8,2,7
4986,3,2,3,2,10,5,8,2,7
4987,3,2,3,2,10,5,8,2,7
4988,3,2,3,2,10,5,8,2,7
4989,3,2,3,2,10,5,8,2,7
4990,3,2,3,2,10,5,7,2,9
4991,3,2,3,2,10,5,7,2,9
4992,3,2,3,2,10,5,7,2,9
4993,3,2,3,2,10,5,7,2,9
4994,3,2,3,2,10,5,7,2,9
4995,3,2,3,2,10,5,7,2,9
4996,3,2,3,2,10,5,7,2,9
4997,3,2,3,2,10,5,7,2,9
4998,3,2,3,2,10,5,8,2,9
4999,3,2,3,2,10,5,8,2,9
5000,3,2,3,2,10,5,8,2,8
5001,3,2,3,2,10,5,8,2,8
5002,3,2,3,2,10,5,8,2,8
5003,3,2,3,2,10,5,8,2,8
5004,3,2,3,2,10,5,8,2,8
5005,3,2,3,2,9,5,8,2,8
5006,3,2,3,2,9,5,8,2,8
5007,3,2,3,2,9,5,8,2,8
5008,3,2,3,2,9,5,8,2,8
5009,3,2,3,2,9,5,8,2,8
5010,3,2,3,2,9,5,8,2,8
5011,3,2,3,2,9,5,8,2,8
5012,3,2,3,2,9,5,8,2,8
5013,3,2,3,2,9,5,8,2,8
5014,3,2,3,2,9,5,8,2,8
5015,3,2,3,2,9,5,8,2,8
5016,3,2,3,2,9,5,8,2,8
5017,3,2,3,2,9,5,8,2,8
5018,3,2,3,2,9,5,8,2,8
5019,3,2,3,2,9,5,8,2,8
5020,3,2,3,2,9,5,8,2,8
5021,3,2,3,2,9,5,8,3,8
5022,3,2,3,2,9,5,8,3,8
5023,3,2,3,2,9,5,8,3,8
5024,3,2,3,2,9,5,8,3,8
5025,3,2,3,2,9,5,8,3,8
5026,3,2,3,2,9,5,7,3,9
5027,3,2,3,2,9,5,7,3,9
5028,3,2,3,2,8,5,7,3,8
5029,3,2,3,2,8,5,8,3,8
5030,3,2,3,2,8,5,8,3,8
5031,3,2,3,2,8,5,8,3,9
5032,3,2,3,2,8,5,8,3,9
5033,3,2,3,2,8,5,8,3,9
5034,3,2,3,2,8,5,8,3,9
5035,3,2,3,2,8,5,8,3,9
5036,3,2,3,2,8,5,8,3,10
5037,3,2,3,2,8,5,8,3,10
5038,3,2,3,2,8,5,6,3,10
5039,3,2,3,2,8,5,6,3,10
5040,3,2,3,2,8,5,6,3,10
5041,3,2,3,2,8,5,6,3,10
5042,3,2,3,2,8,5,6,3,10
5043,3,2,3,2,8,5,6,3,9
5044,3,2,3,2,8,5,7,3,9
5045,3,2,3,2,8,5,7,3,9
5046,3,2,3,2,8,4,7,3,11
5047,3,2,3,2,8,4,7,3,11
5048,3,2,3,2,8,5,7,3,11
5049,3,2,3,2,8,5,7,3,11
5050,3,2,3,2,8,5,7,3,11
5051,3,2,3,2,9,4,7,3,11
5052,3,2,3,2,9,4,7,3,11
5053,3,2,3,2,9,4,7,3,10
5054,3,2,3,2,9,4,7,3,10
5055,3,2,3,2,9,4,7,3,10
5056,3,2,3,2,8,4,7,3,9
5057,3,2,3,2,8,4,7,3,9
5058,3,2,3,2,8,4,7,3,9
5059,3,2,3,2,9,4,7,3,9
5060,3,2,3,2,9,4,7,3,9
5061,3,2,3,2,9,4,6,3,9
5062,3,2,3,2,9,4,6,3,9
5063,3,2,3,2,8,4,6,3,8
5064,3,2,3,2,8,4,7,3,8
5065,3,2,3,2,8,4,7,3,8
5066,3,2,3,2,8,5,7,3,8
5067,3,2,3,2,8,5,7,3,8
5068,3,2,3,2,8,5,7,3,8
5069,3,2,3,2,8,5,7,3,8
5070,3,2,3,2,8,5,7,3,8
5071,3,2,3,2,8,5,7,3,9
5072,3,2,3,2,8,5,7,3,9
5073,3,2,3,2,8,5,7,3,9
5074,3,2,3,2,8,5,7,3,9
5075,3,2,3,2,8,5,7,3,9
5076,3,2,3,2,7,5,7,3,9
5077,3,2,3,2,7,5,7,3,9
5078,3,2,3,2,7,5,6,3,9
5079,3,2,3,2,7,5,6,3,9
5080,3,2,3,2,7,5,6,3,9
5081,3,2,3,2,7,5,6,3,10
5082,3,2,3,2,7,5,6,3,10
5083,3,2,3,2,7,5,5,3,10
5084,3,2,3,2,7,5,6,3,10
5085,3,2,3,2,7,5,5,3,10
5086,3,2,3,2,7,5,5,3,10
5087,3,2,3,2,7,5,5,3,10
5088,3,2,3,2,7,5,6,3,10
5089,3,2,3,2,7,5,6,3,10
5090,3,2,3,2,7,5,6,3,10
5091,3,2,3,2,6,5,6,3,10
5092,3,2,3,2,6,5,6,3,10
5093,3,2,3,2,6,5,5,3,9
5094,3,2,3,2,6,5,5,3,9
5095,3,2,3,2,6,5,5,3,9
5096,3,2,3,2,7,5,5,3,10
5097,3,2,3,2,7,5,5,3,10
5098,3,2,3,2,7,4,5,3,10
5099,3,2,3,2,7,4,5,3,10
5100,3,2,3,2,7,5,5,3,10
5101,3,2,3,2,7,5,5,3,11
5102,3,2,3,2,7,5,5,3,11
5103,3,2,3,2,7,5,5,3,9
5104,3,2,3,2,7,5,6,3,9
5105,3,2,3,2,7,5,6,3,9
5106,3,2,3,2,7,5,6,3,9
5107,3,2,3,2,7,5,6,3,9
5108,3,2,3,2,6,5,6,3,8
5109,3,2,3,2,6,5,6,3,8
5110,3,2,3,2,6,5,6,3,8
5111,3,2,3,2,5,5,4,3,8
5112,3,2,3,2,5,5,4,3,8
5113,3,2,3,2,5,5,4,3,7
5114,3,2,3,2,5,5,5,3,7
5115,3,2,3,2,5,5,5,3,7
5116,3,2,3,2,5,5,5,3,9
5117,3,2,3,2,5,5,5,3,9
5118,3,2,3,2,5,5,5,3,10
5119,3,2,3,2,6,5,5,3,10
5120,3,2,3,2,6,5,5,3,10
5121,3,2,3,2,6,5,5,3,10
5122,3,2,3,2,6,5,5,3,10
5123,3,2,3,2,6,5,5,3,10
5124,3,2,3,2,6,5,5,3,10
5125,3,2,3,2,6,5,5,3,10
5126,3,2,3,2,5,5,5,3,10
5127,3,2,3,2,5,5,5,3,10
5128,3,2,3,2,5,5,5,3,9
5129,3,2,3,2,5,5,5,3,9
5130,3,2,3,2,5,5,5,3,9
5131,3,2,3,2,5,5,4,3,10
5132,3,2,3,2,5,5,4,3,10
5133,3,2,3,2,5,5,4,3,10
5134,3,2,3,2,5,6,4,3,10
5135,3,2,3,2,5,6,4,3,10
5136,3,2,3,2,7,6,4,3,10
5137,3,2,3,2,7,6,4,3,10
5138,3,2,3,2,7,6,4,3,11
5139,3,2,3,2,7,6,5,3,11
5140,3,2,3,2,7,6,5,3,11
5141,3,2,3,2,7,6,5,3,11
5142,3,2,3,2,7,6,5,3,11
5143,3,2,3,2,7,6,5,3,9
5144,3,2,3,2,7,6,5,3,9
5145,3,2,3,2,7,6,5,3,9
5146,3,2,3,2,6,6,5,3,9
5147,3,2,3,2,6,6,5,3,9
5148,3,2,3,2,6,6,5,3,9
5149,3,2,3,2,6,6,6,3,9
5150,3,2,3,2,6,6,6,3,9
5151,3,2,3,2,7,6,3,3,8
5152,3,2,3,2,7,6,3,3,8
5153,3,2,3,2,6,6,3,3,9
5154,3,2,3,2,6,6,3,3,9
5155,3,2,3,2,6,6,3,3,9
5156,3,2,3,2,6,6,3,3,9
5157,3,2,3,2,6,6,3,3,9
5158,3,2,3,2,6,6,3,3,11
5159,3,2,3,2,6,6,3,3,11
5160,3,2,3,2,6,6,3,3,11
5161,3,2,3,2,6,6,3,3,12
5162,3,2,3,2,6,6,3,3,12
5163,3,2,3,2,6,6,3,3,12
5164,3,2,3,2,6,6,3,3,12
5165,3,2,3,2,6,6,3,3,12
5166,3,2,3,2,6,6,3,3,12
5167,3,2,3,2,6,6,3,3,12
5168,3,2,3,2,6,6,3,3,10
5169,3,2,3,2,7,6,3,3,10
5170,3,2,3,2,7,6,3,3,10
5171,3,2,3,2,6,5,3,3,10
5172,3,2,3,2,6,5,3,3,10
5173,3,2,3,2,6,6,3,3,9
5174,3,2,3,2,6,6,3,3,9
5175,3,2,3,2,6,6,3,3,9
5176,3,2,3,2,6,6,3,3,8
5177,3,2,3,2,6,6,3,3,8
5178,3,2,3,2,5,5,4,3,9
5179,3,2,3,2,5,5,6,3,9
5180,3,2,3,2,5,6,6,3,9
5181,3,2,3,2,5,5,6,3,8
5182,3,2,3,2,5,5,6,3,8
5183,3,2,3,2,5,5,6,3,8
5184,3,2,3,2,6,5,6,3,8
5185,3,2,3,2,6,6,6,3,8
5186,3,2,3,2,7,6,5,3,8
5187,3,2,3,2,7,6,5,3,8
5188,3,2,3,2,7,6,5,3,8
5189,3,2,3,2,7,6,5,3,8
5190,3,2,3,2,7,6,5,3,8
5191,3,2,3,2,7,6,5,3,9
5192,3,2,3,2,7,6,5,3,9
5193,3,2,3,2,7,6,5,3,8
5194,3,2,3,2,7,6,5,3,8
5195,3,2,3,2,7,6,5,3,8
5196,3,2,3,2,7,6,5,3,8
5197,3,2,3,2,7,6,5,3,8
5198,3,2,3,2,7,6,4,3,7
5199,3,2,3,2,7,6,4,3,7
5200,3,2,3,2,7,6,4,3,7
5201,3,2,3,2,5,6,4,3,7
5202,3,2,3,2,5,6,4,3,7
5203,3,2,3,2,5,6,4,3,7
5204,3,2,3,2,5,6,4,3,7
5205,3,2,3,2,5,6,4,3,7
5206,3,2,3,2,5,6,4,3,9
5207,3,2,3,2,5,6,4,3,9
5208,3,2,3,2,5,6,4,3,10
5209,3,2,3,2,5,6,4,3,10
5210,3,2,3,2,5,6,4,3,10
5211,3,2,3,2,6,7,4,3,10
5212,3,2,3,2,6,7,4,3,10
5213,3,2,3,2,6,7,4,3,10
5214,3,2,3,2,6,7,5,3,10
5215,3,2,3,2,6,7,5,3,10
5216,3,2,3,2,6,7,6,3,10
5217,3,2,3,2,6,7,6,3,10
5218,3,2,3,2,6,7,5,3,9
5219,3,2,3,2,6,7,5,3,9
5220,3,2,3,2,6,7,5,3,9
5221,3,2,3,2,7,7,5,3,8
5222,3,2,3,2,7,7,5,3,8
5223,3,2,3,2,7,7,5,3,7
5224,3,2,3,2,7,7,5,3,7
5225,3,2,3,2,7,7,5,3,7
5226,3,2,3,2,7,7,5,3,8
5227,3,2,3,2,7,7,5,3,8
5228,3,2,3,2,5,7,4,3,7
5229,3,2,3,2,5,7,4,3,7
5230,3,2,3,2,5,7,4,3,7
5231,3,2,3,2,5,7,4,3,9
5232,3,2,3,2,5,7,4,3,9
5233,3,2,3,2,5,7,4,3,9
5234,3,2,3,2,5,7,4,3,10
5235,3,2,3,2,5,7,4,3,11
5236,3,2,3,2,5,7,4,3,12
5237,3,2,3,2,5,7,4,3,12
5238,3,2,3,2,5,7,4,3,10
5239,3,2,3,2,5,7,5,3,9
5240,3,2,3,2,5,7,5,3,9
5241,3,2,3,2,5,7,5,3,8
5242,3,2,3,2,5,7,5,3,8
5243,3,2,3,2,5,7,5,3,8
5244,3,2,3,2,5,7,5,3,8
5245,3,2,3,2,5,7,5,3,8
5246,3,2,3,2,6,7,5,3,8
5247,3,2,3,2,6,7,5,3,8
5248,3,2,3,2,6,7,4,3,8
5249,3,2,3,2,6,7,4,3,8
5250,3,2,3,2,6,7,4,3,8
5251,3,2,3,2,6,7,4,3,8
5252,3,2,3,2,6,7,4,3,8
5253,3,2,3,2,5,7,3,3,9
5254,3,2,3,2,5,7,3,3,9
5255,3,2,3,2,5,7,3,3,9
5256,3,2,3,2,6,7,3,3,9
5257,3,2,3,2,6,7,3,3,9
5258,3,2,3,2,6,7,3,3,10
5259,3,2,3,2,6,7,3,3,10
5260,3,2,3,2,6,7,3,3,10
5261,3,2,3,2,5,7,3,3,11
5262,3,2,3,2,5,7,3,3,11
5263,3,2,3,2,5,7,3,3,11
5264,3,2,3,2,5,7,3,3,11
5265,3,2,3,2,5,7,3,3,11
5266,3,2,3,2,5,7,3,3,10
5267,3,2,3,2,5,7,3,3,10
5268,3,2,3,2,5,7,3,3,10
5269,3,2,3,2,5,7,4,3,10
5270,3,2,3,2,5,7,4,3,10
5271,3,2,3,2,5,7,4,3,10
5272,3,2,3,2,5,7,4,3,10
5273,3,2,3,2,5,7,4,3,10
5274,3,2,3,2,5,7,4,3,10
5275,3,2,3,2,5,7,4,3,10
5276,3,2,3,2,5,7,4,3,9
5277,3,2,3,2,5,7,4,3,9
5278,3,2,3,2,5,7,4,3,8
5279,3,2,3,2,5,7,5,3,8
5280,3,2,3,2,5,7,5,3,8
5281,3,2,3,2,6,7,5,3,8
5282,3,2,3,2,6,7,5,3,8
5283,3,2,3,2,5,7,3,3,8
5284,3,2,3,2,5,7,3,3,8
5285,3,2,3,2,5,7,3,3,8
5286,3,2,3,2,5,7,2,3,8
5287,3,2,3,2,5,7,2,3,8
5288,3,2,3,2,5,7,2,3,10
5289,3,2,3,2,5,8,2,3,10
5290,3,2,3,2,5,8,2,3,10
5291,3,2,3,2,5,8,2,3,11
5292,3,2,3,2,5,8,2,3,11
5293,3,2,3,2,5,7,2,3,10
5294,3,2,3,2,5,7,3,3,10
5295,3,2,3,2,5,7,3,3,10
5296,3,2,3,2,5,7,3,2,9
5297,3,2,3,2,5,7,3,2,9
5298,3,2,3,2,5,7,3,2,10
5299,3,2,3,2,5,7,3,2,10
5300,3,2,3,2,5,7,3,2,10
5301,3,2,3,2,5,7,3,2,10
5302,3,2,3,2,5,7,3,2,10
5303,3,2,3,2,5,6,3,2,9
5304,3,2,3,2,6,6,3,2,9
5305,3,2,3,2,6,7,3,2,9
5306,3,2,3,2,6,6,3,2,9
5307,3,2,3,2,6,6,3,2,9
5308,3,2,3,2,6,6,3,3,9
5309,3,2,3,2,6,6,4,3,9
5310,3,2,3,2,6,6,4,3,9
5311,3,2,3,2,6,7,4,3,9
5312,3,2,3,2,6,7,4,3,9
5313,3,2,3,2,5,7,4,3,9
5314,3,2,3,2,6,7,4,3,9
5315,3,2,3,2,6,7,4,3,9
5316,3,2,3,2,5,7,4,3,9
5317,3,2,3,2,5,7,4,3,9
5318,3,2,3,2,4,7,4,3,8
5319,3,2,3,2,4,7,4,3,8
5320,3,2,3,2,4,7,4,3,8
5321,3,2,3,2,4,7,4,2,10
5322,3,2,3,2,4,7,4,2,10
5323,3,2,3,2,4,7,4,2,10
5324,3,2,3,2,6,7,4,2,10
5325,3,2,3,2,6,7,4,2,10
5326,3,2,3,2,6,7,4,2,10
5327,3,2,3,2,6,7,4,2,10
5328,3,2,3,2,4,7,3,2,10
5329,3,2,3,2,3,7,4,2,10
5330,3,2,3,2,3,7,4,2,10
5331,3,2,3,2,5,6,3,2,8
5332,3,2,3,2,5,6,3,2,8
5333,3,2,3,2,5,6,3,3,9
5334,3,2,3,2,5,6,3,3,9
5335,3,2,3,2,4,6,3,3,9
5336,3,2,3,2,4,6,4,3,10
5337,3,2,3,2,5,6,4,3,10
5338,3,2,3,2,5,6,4,3,10
5339,3,2,3,2,6,6,4,3,10
5340,3,2,3,2,5,6,4,3,10
5341,3,2,3,2,5,6,4,3,10
5342,3,2,3,2,6,6,4,3,10
5343,3,2,3,2,5,7,4,3,9
5344,3,2,3,2,5,7,4,3,9
5345,3,2,3,2,4,7,4,3,9
5346,3,2,3,2,3,7,4,2,9
5347,3,2,3,2,3,7,4,2,9
5348,3,2,3,2,3,7,4,2,8
5349,3,2,3,2,3,7,4,2,8
5350,3,2,3,2,3,7,4,2,8
5351,3,2,3,2,3,7,4,2,8
5352,3,2,3,2,3,7,4,2,8
5353,3,2,3,2,3,7,3,2,8
5354,3,2,3,2,4,7,3,2,8
5355,3,2,3,2,4,7,3,2,8
5356,3,2,3,2,5,7,3,2,8
5357,3,2,3,2,5,7,3,2,8
5358,3,2,3,2,5,6,3,2,9
5359,3,2,3,2,6,6,3,2,9
5360,3,2,3,2,5,6,3,2,9
5361,3,2,3,2,5,6,3,2,7
5362,3,2,3,2,5,6,3,2,7
5363,3,2,3,2,5,6,3,2,7
5364,3,2,3,2,5,6,3,2,7
5365,3,2,3,2,5,6,3,2,7
5366,3,2,3,2,5,6,3,2,8
5367,3,2,3,2,5,6,3,2,8
5368,3,2,3,2,5,7,3,2,8
5369,3,2,3,2,5,7,3,2,8
5370,3,2,3,2,5,7,3,2,8
5371,3,2,3,2,5,7,3,3,8
5372,3,2,3,2,5,7,3,3,8
5373,3,2,3,2,5,7,3,3,8
5374,3,2,3,2,6,7,3,3,8
5375,3,2,3,2,6,7,3,3,8
5376,3,2,3,2,6,7,3,3,8
5377,3,2,3,2,6,7,3,3,8
5378,3,2,3,2,6,7,2,3,7
5379,3,2,3,2,7,8,3,3,7
5380,3,2,3,2,7,8,3,3,7
5381,3,2,3,2,7,8,3,3,6
5382,3,2,3,2,7,8,3,3,6
5383,3,2,3,2,7,8,3,3,6
5384,3,2,3,2,7,8,3,3,7
5385,3,2,3,2,7,8,3,3,7
5386,3,2,3,2,6,8,4,3,7
5387,3,2,3,2,6,8,4,3,7
5388,3,2,3,2,6,8,4,2,6
5389,3,2,3,2,6,8,4,3,6
5390,3,2,3,2,6,8,4,3,6
5391,3,2,3,2,5,8,3,3,7
5392,3,2,3,2,5,8,3,3,7
5393,3,2,3,2,5,8,2,3,6
5394,3,2,3,2,5,8,2,3,6
5395,3,2,3,2,5,8,2,3,6
5396,3,2,3,2,5,8,1,3,7
5397,3,2,3,2,5,8,1,3,7
5398,3,2,3,2,4,8,1,3,8
5399,3,2,3,2,5,8,1,3,8
5400,3,2,3,2,5,8,1,3,8
5401,3,2,3,2,5,8,1,3,9
5402,3,2,3,2,5,8,1,3,9
5403,3,2,3,2,5,8,1,3,9
5404,3,2,3,2,5,8,2,3,9
5405,3,2,3,2,5,8,2,3,9
5406,3,2,3,2,5,8,2,3,9
5407,3,2,3,2,5,8,2,3,9
5408,3,2,3,2,5,8,2,3,9
5409,3,2,3,2,5,8,2,3,9
5410,3,2,3,2,5,8,2,3,9
5411,3,2,3,2,4,8,2,3,8
5412,3,2,3,2,4,8,2,3,8
5413,3,2,3,2,4,8,2,3,8
5414,3,2,3,2,4,8,2,3,8
5415,3,2,3,2,4,8,2,3,8
5416,3,2,3,2,4,8,2,4,8
5417,3,2,3,2,4,8,2,4,8
5418,3,2,3,2,4,8,2,4,8
5419,3,2,3,2,5,8,3,4,8
5420,3,2,3,2,5,8,3,4,8
5421,3,2,3,2,5,8,3,4,8
5422,3,2,3,2,5,8,3,4,9
5423,3,2,3,2,5,8,3,4,8
5424,3,2,3,2,5,8,3,4,8
5425,3,2,3,2,5,8,3,4,8
5426,3,2,3,2,5,8,3,4,8
5427,3,2,3,2,5,8,3,4,8
5428,3,2,3,2,5,8,3,4,8
5429,3,2,3,2,5,8,3,4,8
5430,3,2,3,2,5,8,3,4,8
5431,3,2,3,2,5,8,3,3,8
5432,3,2,3,2,5,8,3,3,8
5433,3,2,3,2,5,8,3,3,8
5434,3,2,3,2,5,8,3,3,8
5435,3,2,3,2,5,8,3,3,8
5436,3,2,3,2,5,8,2,3,8
5437,3,2,3,2,5,8,2,3,8
5438,3,2,3,2,4,8,2,3,8
5439,3,2,3,2,4,8,2,3,8
5440,3,2,3,2,4,8,2,3,8
5441,3,2,3,2,3,8,2,3,8
5442,3,2,3,2,3,8,2,3,8
5443,3,2,3,2,3,8,2,3,10
5444,3,2,3,2,3,8,2,3,10
5445,3,2,3,2,3,8,2,3,10
5446,3,2,3,2,3,8,2,3,9
5447,3,2,3,2,3,8,2,3,9
5448,3,2,3,2,3,8,2,3,8
5449,3,2,3,2,3,8,2,3,8
5450,3,2,3,2,3,8,2,3,8
5451,3,2,3,2,3,7,3,3,8
5452,3,2,3,2,3,7,3,3,8
5453,3,2,3,2,3,7,3,3,8
5454,3,2,3,2,3,7,3,3,8
5455,3,2,3,2,4,7,3,3,8
5456,3,2,3,2,4,8,3,4,8
5457,3,2,3,2,4,8,3,4,8
5458,3,2,3,2,3,8,3,4,8
5459,3,2,3,2,3,8,3,4,8
5460,3,2,3,2,3,8,3,4,8
5461,3,2,3,2,3,8,2,4,8
5462,3,2,3,2,3,8,2,4,8
5463,3,2,3,2,3,8,2,4,7
5464,3,2,3,2,3,8,2,4,7
5465,3,2,3,2,3,8,2,4,7
5466,3,2,3,2,4,8,2,4,8
5467,3,2,3,2,4,8,2,4,8
5468,3,2,3,2,4,8,2,4,8
5469,3,2,3,2,4,8,2,4,8
5470,3,2,3,2,4,8,2,4,8
5471,3,2,3,2,4,8,2,4,7
5472,3,2,3,2,4,8,2,4,7
5473,3,2,3,2,3,8,2,3,7
5474,3,2,3,2,3,8,2,3,7
5475,3,2,3,2,3,8,2,3,7
5476,3,2,3,2,4,8,1,3,6
5477,3,2,3,2,4,8,1,3,6
5478,3,2,3,2,4,8,1,3,7
5479,3,2,3,2,4,8,1,3,7
5480,3,2,3,2,4,8,1,3,7
5481,3,2,3,2,3,8,1,3,8
5482,3,2,3,2,3,8,1,3,8
5483,3,2,3,2,3,8,1,4,8
5484,3,2,3,2,3,8,1,4,8
5485,3,2,3,2,3,8,1,4,8
5486,3,2,3,2,3,8,1,4,8
5487,3,2,3,2,3,8,1,4,8
5488,3,2,3,2,3,8,1,4,8
5489,3,2,3,2,3,8,1,4,8
5490,3,2,3,2,3,8,1,4,8
5491,3,2,3,2,4,8,1,4,8
5492,3,2,3,2,4,8,1,4,8
5493,3,2,3,2,4,8,1,4,8
5494,3,2,3,2,4,8,2,4,8
5495,3,2,3,2,4,8,2,4,8
5496,3,2,3,2,5,7,2,4,8
5497,3,2,3,2,5,7,2,4,8
5498,3,2,3,2,5,8,2,4,8
5499,3,2,3,2,5,8,2,4,8
5500,3,2,3,2,5,8,2,4,8
5501,3,2,3,2,5,7,2,4,8
5502,3,2,3,2,5,7,2,4,8
5503,3,2,3,2,5,8,2,4,7
5504,3,2,3,2,6,8,2,4,7
5505,3,2,3,2,6,8,2,4,7
5506,3,2,3,2,6,8,2,4,6
5507,3,2,3,2,6,8,2,4,6
5508,3,2,3,2,5,8,2,4,6
5509,3,2,3,2,5,8,2,4,6
5510,3,2,3,2,5,8,2,4,6
5511,3,2,3,2,5,8,2,4,5
5512,3,2,3,2,5,8,2,4,5
5513,3,2,3,2,5,8,2,4,5
5514,3,2,3,2,5,8,2,4,5
5515,3,2,3,2,5,8,2,4,5
5516,3,2,3,2,5,8,1,4,5
5517,3,2,3,2,5,8,1,4,5
5518,3,2,3,2,5,8,1,4,5
5519,3,2,3,2,5,8,1,4,5
5520,3,2,3,2,5,8,1,4,5
5521,3,2,3,2,5,9,1,4,6
5522,3,2,3,2,5,9,1,4,6
5523,3,2,3,2,5,9,1,4,6
5524,3,2,3,2,5,9,1,4,6
5525,3,2,3,2,5,9,1,4,6
5526,3,2,3,2,3,8,1,4,5
5527,3,2,3,2,3,8,1,4,5
5528,3,2,3,2,3,8,1,4,5
5529,3,2,3,2,3,7,1,4,5
5530,3,2,3,2,3,7,1,4,5
5531,3,2,3,2,3,8,1,4,7
5532,3,2,3,2,3,8,1,4,7
5533,3,2,3,2,3,8,1,4,7
5534,3,2,3,2,3,8,1,4,6
5535,3,2,3,2,3,8,1,4,6
5536,3,2,3,2,3,7,1,4,7
5537,3,2,3,2,3,7,1,4,7
5538,3,2,3,2,3,8,1,4,7
5539,3,2,3,2,3,8,1,4,7
5540,3,2,3,2,3,8,1,4,7
5541,3,2,3,2,3,8,1,4,7
5542,3,2,3,2,3,8,1,4,7
5543,3,2,3,2,3,8,1,4,7
5544,3,2,3,2,3,8,1,4,6
5545,3,2,3,2,3,8,1,4,6
5546,3,2,3,2,3,8,1,4,6
5547,3,2,3,2,3,8,1,4,6
5548,3,2,3,2,3,8,1,4,6
5549,3,2,3,2,2,8,1,4,6
5550,3,2,3,2,2,8,1,4,6
5551,3,2,3,2,2,8,1,4,5
5552,3,2,3,2,2,8,1,4,5
5553,3,2,3,2,2,8,1,4,5
5554,3,2,3,2,1,8,1,4,6
5555,3,2,3,2,1,8,1,4,6
5556,3,2,3,2,1,8,0,4,7
5557,3,2,3,2,1,8,0,4,7
5558,3,2,3,2,1,8,0,4,7
5559,3,2,3,2,1,8,0,4,7
5560,3,2,3,2,1,8,0,4,7
5561,3,2,3,2,1,8,0,4,8
5562,3,2,3,2,1,8,0,4,8
5563,3,2,3,2,1,8,0,4,8
5564,3,2,3,2,1,8,0,4,8
5565,3,2,3,2,1,8,0,4,8
5566,3,2,3,2,1,8,0,4,8
5567,3,2,3,2,1,8,0,4,8
5568,3,2,3,2,2,8,0,4,8
5569,3,2,3,2,1,8,0,4,7
5570,3,2,3,2,1,8,0,4,7
5571,3,2,3,2,1,8,0,4,7
5572,3,2,3,2,1,8,0,4,7
5573,3,2,3,2,1,8,0,4,7
5574,3,2,3,2,1,7,0,4,6
5575,3,2,3,2,1,7,0,4,6
5576,3,2,3,2,1,7,0,4,6
5577,3,2,3,2,1,7,0,4,6
5578,3,2,3,2,1,7,0,4,6
5579,3,2,3,2,1,8,0,4,6
5580,3,2,3,2,1,8,0,4,6
5581,3,2,3,2,1,8,0,3,5
5582,4,2,3,2,2,8,0,3,5
5583,4,2,3,2,2,8,0,3,5
5584,3,2,3,2,2,8,0,3,5
5585,3,2,3,2,2,8,0,3,5
5586,3,2,3,2,1,8,0,3,4
5587,3,2,3,2,1,8,0,3,4
5588,3,2,3,2,1,8,0,3,4
5589,2,2,3,2,1,8,0,3,5
5590,2,2,3,2,1,8,0,3,5
5591,3,2,3,2,1,8,0,4,5
5592,3,2,3,2,1,8,0,4,5
5593,4,2,3,2,1,8,0,4,5
5594,4,2,3,2,1,8,0,4,5
5595,4,2,3,2,1,8,0,4,5
5596,4,2,3,2,1,8,0,4,4
5597,4,2,3,2,1,8,0,4,4
5598,4,2,3,2,1,8,0,4,4
5599,4,2,3,2,1,7,0,4,4
5600,4,2,3,2,1,7,0,4,4
5601,4,2,3,2,1,8,0,4,4
5602,4,2,3,2,1,8,0,4,4
5603,4,2,3,2,1,8,0,4,4
5604,4,2,3,2,2,8,0,4,4
5605,4,2,3,2,2,8,0,4,4
5606,3,2,3,2,2,8,0,4,4
5607,3,2,3,2,3,8,0,4,4
5608,3,2,3,2,3,8,0,4,4
5609,3,2,3,2,3,8,1,4,3
5610,3,2,3,2,3,8,1,4,3
5611,4,2,3,2,2,8,1,4,3
5612,4,2,3,2,2,8,1,4,3
5613,4,2,3,2,2,8,1,4,3
5614,4,2,3,2,2,8,1,4,3
5615,4,2,3,2,2,8,1,4,3
5616,4,2,3,2,2,8,1,4,2
5617,4,2,3,2,3,8,1,4,2
5618,4,2,3,2,3,8,1,4,2
5619,4,2,3,2,3,8,1,4,1
5620,4,2,3,2,3,8,1,4,1
5621,4,2,3,2,3,8,1,4,1
5622,4,2,3,2,3,8,1,4,1
5623,4,2,3,2,3,8,1,4,1
5624,4,2,3,2,3,8,1,4,1
5625,4,2,3,2,3,8,1,4,1
5626,4,2,3,2,3,8,0,4,1
5627,4,2,3,2,3,8,0,4,1
5628,4,2,3,2,3,8,0,4,1
5629,4,2,3,2,2,8,0,4,1
5630,4,2,3,2,2,8,0,4,1
5631,4,2,3,2,2,8,0,4,2
5632,4,2,3,2,2,8,0,4,2
5633,4,2,3,2,2,8,0,4,2
5634,4,2,3,2,3,8,0,4,2
5635,4,2,3,2,3,8,0,4,2
5636,4,2,3,2,2,8,1,4,2
5637,4,2,3,2,2,8,1,4,2
5638,4,2,3,2,2,8,1,4,2
5639,4,2,3,2,2,8,1,4,2
5640,4,2,3,2,3,8,1,4,2
5641,4,2,3,2,2,8,1,4,1
5642,4,2,3,2,2,8,1,4,1
5643,4,2,3,2,2,8,1,4,1
5644,4,2,3,2,2,8,1,4,1
5645,4,2,3,2,2,8,1,4,1
5646,4,2,3,2,2,8,1,4,1
5647,3,2,3,2,3,8,1,4,1
5648,3,2,3,2,3,8,1,4,1
5649,3,2,3,2,3,8,0,4,1
5650,3,2,3,2,3,8,0,4,1
5651,3,2,3,2,3,8,0,4,2
5652,3,2,3,2,3,8,0,4,2
5653,3,2,3,2,3,8,0,4,2
5654,3,2,3,2,3,8,0,4,2
5655,3,2,3,2,3,8,0,4,2
5656,3,2,3,2,3,8,0,4,2
5657,3,2,3,2,3,8,0,4,2
5658,3,2,3,2,3,8,0,4,2
5659,3,2,3,2,3,8,0,4,2
5660,3,2,3,2,3,8,0,4,2
5661,3,2,3,2,3,8,0,4,2
5662,3,2,3,2,3,8,0,4,2
5663,3,2,3,2,3,8,0,4,2
5664,3,2,3,2,3,8,0,4,2
5665,3,2,3,2,3,8,0,4,2
5666,3,2,3,2,3,8,0,4,2
5667,3,2,3,2,3,8,0,4,2
5668,3,2,3,2,3,8,0,4,2
5669,3,2,3,2,3,8,0,4,2
5670,3,2,3,2,3,8,0,4,2
5671,3,2,3,2,3,8,0,4,2
5672,3,2,3,2,3,8,0,4,2
5673,3,2,3,2,3,8,0,4,2
5674,3,2,3,2,3,8,0,4,2
5675,3,2,3,2,3,8,0,4,2
5676,3,2,3,2,3,8,0,4,2
5677,3,2,3,2,3,8,0,4,2
5678,3,2,3,2,3,8,0,4,2
5679,3,2,3,2,3,8,0,4,2
5680,3,2,3,2,3,8,0,4,2
5681,3,2,3,2,3,8,0,4,1
5682,3,2,3,2,3,8,0,4,1
5683,3,2,3,2,3,8,0,4,1
5684,3,2,3,2,3,8,0,4,1
5685,3,2,3,2,3,8,0,4,1
5686,3,2,3,2,3,8,0,4,1
5687,3,2,3,2,3,8,0,4,1
5688,3,2,3,2,3,8,0,4,1
5689,3,2,3,2,3,8,0,4,1
5690,3,2,3,2,3,8,0,4,1
5691,3,2,3,2,3,8,0,4,0
5692,3,2,3,2,3,8,0,4,0
5693,3,2,3,2,3,8,0,4,0
5694,3,2,3,2,4,8,0,4,0
5695,3,2,3,2,4,8,0,4,0
5696,3,2,3,2,4,8,0,4,0
5697,3,2,3,2,4,8,0,4,0
5698,3,2,3,2,4,8,0,4,0
5699,3,2,3,2,4,8,0,4,0
5700,3,2,3,2,4,8,0,4,0
5701,3,2,3,2,4,8,0,4,0
5702,3,2,3,2,4,8,0,4,0
5703,3,2,3,2,4,8,0,4,0
5704,3,2,3,2,4,8,0,4,0
5705,3,2,3,2,4,8,0,4,0
5706,3,2,3,2,4,8,0,4,0
5707,3,2,3,2,4,8,0,4,0
5708,3,2,3,2,4,8,0,4,0
5709,3,2,3,2,4,8,0,4,0
5710,3,2,3,2,4,8,0,4,0
5711,3,2,3,2,4,8,0,4,0
5712,3,2,3,2,4,8,0,4,0
5713,3,2,3,2,4,8,0,4,0
5714,3,2,3,2,4,8,1,4,0
5715,3,2,3,2,4,8,1,4,0
5716,3,2,3,2,4,8,1,4,0
5717,3,2,3,2,4,8,1,4,0
5718,3,2,3,2,4,8,1,4,0
5719,3,2,3,2,4,8,1,4,0
5720,3,2,3,2,4,8,1,4,0
5721,3,2,3,2,4,8,1,4,0
5722,3,2,3,2,4,8,2,4,0
5723,3,2,3,2,4,8,2,4,0
5724,3,2,3,2,4,8,2,4,0
5725,3,2,3,2,4,8,2,4,0
5726,3,2,3,2,4,8,2,4,0
5727,3,2,3,2,4,8,2,4,0
5728,3,2,3,2,4,8,2,4,0
5729,3,2,3,2,4,8,2,4,0
5730,3,2,3,2,4,8,2,4,0
5731,3,2,3,2,4,8,2,4,0
5732,3,2,3,2,4,8,2,4,0
5733,3,2,3,2,4,8,2,4,0
5734,3,2,3,2,4,8,2,4,0
5735,3,2,3,2,4,8,2,4,0
5736,3,2,3,2,4,8,2,4,0
5737,3,2,3,2,4,8,2,4,0
5738,3,2,3,2,4,8,2,4,0
5739,3,2,3,2,4,8,2,4,0
5740,3,2,3,2,4,8,2,4,0
5741,3,2,2,2,4,8,2,4,0
5742,3,2,2,2,4,8,2,4,0
5743,3,2,2,2,4,8,2,4,0
5744,3,2,2,2,4,8,2,4,0
5745,3,2,2,2,4,8,2,4,0
5746,3,2,2,2,4,8,2,4,0
5747,3,2,2,2,5,8,2,4,0
5748,3,2,2,2,5,8,2,4,0
5749,3,2,2,2,5,8,2,4,1
5750,3,2,2,2,5,8,2,4,1
5751,3,2,1,2,5,8,2,4,1
5752,3,2,1,2,5,8,2,4,1
5753,3,2,1,2,5,8,2,4,1
5754,3,2,2,2,5,8,2,4,1
5755,3,2,2,2,5,8,2,4,1
5756,3,2,3,2,5,8,2,4,1
5757,3,2,3,2,5,8,2,4,1
5758,3,2,3,2,5,8,2,4,1
5759,3,2,3,2,5,9,2,4,1
5760,3,2,3,2,5,9,2,4,1
5761,3,2,3,2,5,9,2,4,2
5762,3,2,3,2,5,9,2,4,2
5763,3,2,3,2,5,9,2,4,2
5764,3,2,2,2,6,9,2,4,2
5765,3,2,2,2,6,9,2,4,2
5766,3,2,2,2,6,9,2,4,2
5767,3,2,2,2,6,9,2,4,2
5768,3,2,2,2,6,9,2,4,2
5769,3,2,2,2,6,8,2,4,2
5770,3,2,2,2,6,8,2,4,2
5771,3,2,2,2,6,8,2,4,3
5772,3,2,2,2,6,8,2,4,3
5773,3,2,2,2,6,8,2,4,3
5774,3,2,2,2,6,8,2,4,3
5775,3,2,2,2,6,8,2,4,3
5776,3,2,2,2,6,8,2,4,3
5777,3,2,2,2,6,8,2,4,3
5778,3,2,2,2,6,8,2,4,3
5779,3,2,2,2,6,8,2,4,3
5780,3,2,2,2,6,8,2,4,3
5781,3,2,2,2,6,7,2,4,3
5782,3,2,2,2,6,7,2,4,3
5783,3,2,2,2,6,8,2,4,3
5784,3,2,3,2,6,8,2,4,3
5785,3,2,3,2,6,8,2,4,3
5786,3,2,2,2,6,8,2,4,3
5787,3,2,2,2,6,8,2,4,3
5788,3,2,2,2,6,8,2,4,3
5789,3,2,2,2,6,8,2,4,3
5790,3,2,2,2,6,8,2,4,3
5791,3,2,1,1,6,8,2,4,3
5792,3,2,1,1,6,8,2,4,3
5793,3,2,1,1,6,8,2,4,3
5794,3,2,1,1,6,8,3,4,4
5795,3,2,1,1,6,8,3,4,4
5796,3,2,1,2,6,8,3,4,4
5797,3,2,1,2,6,8,3,4,4
5798,3,2,1,2,6,8,3,4,4
5799,3,2,1,2,6,8,3,4,5
5800,3,2,1,2,6,8,3,4,5
5801,3,2,1,1,6,8,3,4,6
5802,3,2,1,1,6,8,3,4,6
5803,3,2,1,1,6,8,3,4,6
5804,3,2,1,1,6,8,3,4,6
5805,3,2,1,1,6,8,3,4,6
5806,3,2,1,1,6,8,3,4,6
5807,3,2,1,1,6,8,3,4,6
5808,3,2,1,1,6,8,3,4,6
5809,3,2,1,1,6,8,3,4,6
5810,3,2,1,1,6,8,3,4,6
5811,3,2,0,1,6,8,3,4,7
5812,3,2,0,1,6,8,3,4,7
5813,3,2,0,1,6,8,3,4,7
5814,3,2,0,1,6,8,3,4,6
5815,3,2,0,1,6,8,3,4,6
5816,3,2,0,2,6,8,3,4,7
5817,3,2,0,2,6,8,3,4,8
5818,3,2,0,2,6,8,3,4,8
5819,3,2,0,2,6,8,3,4,8
5820,3,2,0,2,6,8,3,4,8
5821,3,2,1,2,6,9,3,4,7
5822,3,2,1,2,6,9,3,4,7
5823,3,2,1,2,6,9,3,4,7
5824,3,2,1,2,7,9,3,4,7
5825,3,2,1,2,7,9,3,4,7
5826,3,2,0,2,7,9,3,4,7
5827,3,2,1,2,7,9,3,4,7
5828,3,2,1,2,7,9,3,4,7
5829,3,2,2,2,7,9,3,4,6
5830,3,2,2,2,7,9,3,4,5
5831,3,2,2,1,7,9,3,4,5
5832,3,2,2,1,7,9,3,4,6
5833,3,2,2,1,7,9,3,4,7
5834,3,2,3,1,7,9,3,4,7
5835,3,2,3,1,7,9,3,4,7
5836,3,2,3,1,7,9,3,4,5
5837,3,2,3,1,7,9,3,4,5
5838,3,2,3,1,7,9,3,4,5
5839,3,2,3,1,7,9,3,4,5
5840,3,2,3,1,7,9,3,4,5
5841,3,2,3,1,7,9,3,4,6
5842,3,2,3,1,7,9,3,4,6
5843,3,2,3,1,7,9,3,4,6
5844,3,2,3,1,7,9,3,4,6
5845,3,2,3,1,7,9,3,4,6
5846,3,2,2,0,7,9,3,4,6
5847,3,2,2,0,7,9,3,4,6
5848,3,2,2,0,7,9,3,4,6
5849,3,2,2,1,7,8,3,4,5
5850,3,2,2,1,7,8,3,4,5
5851,3,2,2,2,7,8,3,4,5
5852,3,2,2,2,7,8,3,4,5
5853,3,2,2,2,7,9,3,4,5
5854,3,2,2,2,7,9,3,4,7
5855,3,2,2,2,7,9,3,4,7
5856,3,2,1,2,7,9,3,4,7
5857,3,2,1,2,7,9,3,4,7
5858,3,2,1,2,7,9,3,4,7
5859,3,2,2,2,7,9,3,4,8
5860,3,2,2,2,7,9,3,4,8
5861,3,2,2,2,7,9,3,4,7
5862,3,2,2,2,7,9,3,4,7
5863,3,2,2,2,7,9,3,4,7
5864,3,2,3,2,8,9,3,4,8
5865,3,2,3,2,8,9,3,4,8
5866,3,2,3,2,8,9,3,4,8
5867,3,2,3,2,8,9,3,4,8
5868,3,2,3,2,8,9,3,4,8
5869,3,2,3,2,8,9,3,4,8
5870,3,2,3,2,8,9,3,4,8
5871,3,2,3,2,8,8,3,4,6
5872,3,2,3,2,8,8,3,4,6
5873,3,2,3,2,8,8,3,4,6
5874,3,2,3,0,8,8,3,4,6
5875,3,2,3,0,8,8,3,4,6
5876,3,2,3,0,8,7,3,4,6
5877,3,2,3,0,8,7,3,4,6
5878,3,2,3,0,8,8,3,4,6
5879,3,2,2,0,8,8,3,4,6
5880,3,2,2,0,8,8,3,4,6
5881,3,2,2,0,8,8,3,4,9
5882,3,2,2,0,8,9,3,4,9
5883,3,2,2,0,8,9,3,4,9
5884,3,2,2,2,8,8,3,5,10
5885,3,2,2,2,8,8,3,5,10
5886,3,2,1,2,8,7,3,5,10
5887,3,2,1,2,8,7,4,5,10
5888,3,2,1,2,8,8,4,5,10
5889,3,2,1,2,8,8,4,5,10
5890,3,2,1,2,8,8,4,5,10
5891,3,2,1,2,8,8,4,5,11
5892,3,2,2,2,8,8,4,5,11
5893,3,2,2,2,8,8,4,5,11
5894,3,2,2,2,8,8,4,5,11
5895,3,2,2,2,8,8,4,5,11
5896,3,2,1,2,7,8,4,5,11
5897,3,2,1,2,8,8,4,5,11
5898,3,2,1,2,8,8,4,5,11
5899,3,2,1,2,8,8,4,5,10
5900,3,2,1,2,8,8,4,5,10
5901,3,2,1,2,8,8,4,5,11
5902,3,2,1,2,8,8,4,5,11
5903,3,2,1,2,8,8,4,5,11
5904,3,2,1,2,8,8,4,5,11
5905,3,2,1,2,8,8,4,5,11
5906,3,2,1,2,8,8,4,5,11
5907,3,2,1,2,8,8,4,5,11
5908,3,2,1,2,8,8,4,5,11
5909,3,2,1,2,8,8,4,5,11
5910,3,2,1,2,8,8,4,5,11
5911,3,2,1,1,8,8,4,5,11
5912,3,2,1,1,8,8,4,5,11
5913,3,2,1,1,8,8,4,5,11
5914,3,2,2,0,10,7,3,5,11
5915,3,2,2,0,10,7,3,5,11
5916,3,2,2,0,10,7,3,5,10
5917,3,2,2,1,10,7,3,5,10
5918,3,2,2,1,10,7,3,5,10
5919,3,2,2,1,10,7,3,5,10
5920,3,2,2,1,10,7,3,5,10
5921,3,2,2,1,10,7,4,5,11
5922,3,2,2,1,10,7,4,5,11
5923,3,2,1,1,10,7,4,5,11
5924,3,2,1,2,10,7,4,5,10
5925,3,2,2,2,10,7,4,5,10
5926,3,2,3,2,9,8,4,5,10
5927,3,2,3,2,9,8,4,5,10
5928,3,2,3,2,9,8,4,5,10
5929,3,2,2,2,9,8,4,5,10
5930,3,2,2,2,9,8,4,5,10
5931,3,2,2,2,10,8,4,5,10
5932,3,2,2,2,10,8,4,5,10
5933,3,2,1,2,10,8,4,5,10
5934,3,2,2,2,10,8,4,5,10
5935,3,2,2,2,10,8,4,5,10
5936,3,2,1,2,10,8,4,5,10
5937,3,2,1,2,10,8,4,5,10
5938,3,2,1,2,10,8,4,5,10
5939,3,2,1,2,10,8,4,5,9
5940,3,2,1,2,10,8,4,5,9
5941,3,2,1,2,10,8,4,5,9
5942,3,2,1,2,10,9,4,5,9
5943,3,2,1,2,10,9,4,5,9
5944,3,2,1,2,10,9,4,5,9
5945,3,2,1,2,10,9,4,5,9
5946,3,2,1,2,10,9,4,5,8
5947,3,2,1,2,10,9,4,5,8
5948,3,2,1,2,10,9,4,5,8
5949,3,2,1,1,10,9,4,5,8
5950,3,2,1,1,10,9,4,5,8
5951,3,2,1,0,10,9,4,5,7
5952,3,2,1,0,10,9,4,5,7
5953,3,2,1,0,10,9,4,5,7
5954,3,2,1,1,10,9,4,5,7
5955,3,2,1,1,10,9,4,5,7
5956,3,2,1,1,10,9,4,5,8
5957,3,2,1,1,10,9,4,5,8
5958,3,2,1,1,10,9,4,5,8
5959,3,2,1,1,10,9,5,5,9
5960,3,2,1,1,10,9,5,5,9
5961,3,2,1,1,10,9,5,5,10
5962,3,2,1,1,10,9,5,5,10
5963,3,2,1,1,10,9,5,5,10
5964,3,2,2,1,10,9,5,5,9
5965,3,2,2,1,10,9,5,5,9
5966,3,2,2,1,10,9,5,5,8
5967,3,2,2,1,10,9,5,5,8
5968,3,2,2,1,10,9,5,5,8
5969,3,2,2,2,10,9,5,5,8
5970,3,2,2,2,10,9,5,5,8
5971,3,2,1,2,10,8,5,5,8
5972,3,2,1,2,10,8,5,6,8
5973,3,2,1,2,10,8,5,6,8
5974,3,2,1,2,10,8,5,6,8
5975,3,2,1,2,10,8,5,6,8
5976,3,2,1,2,10,8,5,6,9
5977,3,2,1,2,10,8,5,6,9
5978,3,2,1,2,10,8,5,6,9
5979,3,2,1,1,10,8,5,6,8
5980,3,2,1,1,10,8,5,6,8
5981,3,2,1,1,10,8,5,6,8
5982,3,2,1,1,10,8,5,6,8
5983,3,2,1,1,10,8,5,6,8
5984,3,2,0,1,10,8,5,6,7
5985,3,2,0,1,10,8,5,6,7
5986,3,2,0,1,10,8,5,6,7
5987,3,2,0,1,10,8,5,6,7
5988,3,2,0,1,10,8,5,6,7
5989,3,2,2,1,10,8,5,6,9
5990,3,2,2,1,10,8,5,6,9
5991,3,2,2,0,10,8,5,6,9
5992,3,2,3,0,10,8,5,6,9
5993,3,2,3,0,10,8,5,6,9
5994,3,2,3,0,10,8,6,6,9
5995,3,2,3,0,10,8,6,6,9
5996,3,2,3,0,10,8,6,6,8
5997,3,2,3,1,10,8,6,6,8
5998,3,2,3,1,10,8,6,6,8
5999,3,2,3,1,10,8,6,6,9
6000,3,2,3,1,10,8,6,6,9
6001,3,2,3,1,10,8,6,6,8
6002,3,2,3,2,10,8,6,6,8
6003,3,2,3,2,10,8,6,6,8
6004,3,2,3,2,10,8,6,6,8
6005,3,2,3,2,10,8,6,6,8
6006,3,2,1,2,10,8,6,6,8
6007,3,2,1,2,10,8,6,6,8
6008,3,2,1,2,10,8,6,6,8
6009,3,2,1,2,10,8,6,6,7
6010,3,2,1,2,10,8,6,6,7
6011,3,2,1,2,10,8,6,6,7
6012,3,2,1,2,10,8,6,6,8
6013,3,2,1,2,10,8,6,6,8
6014,3,2,0,2,10,8,6,6,8
6015,3,2,0,2,10,8,6,6,8
6016,3,2,0,2,10,8,6,6,8
6017,3,2,0,2,10,8,6,6,8
6018,3,2,0,2,10,8,6,6,8
6019,3,2,0,2,10,8,6,6,9
6020,3,2,0,2,10,8,6,6,9
6021,3,2,0,2,10,8,6,6,9
6022,3,2,0,1,10,8,6,6,9
6023,3,2,0,1,10,8,6,6,9
6024,3,2,0,1,10,8,6,6,9
6025,3,2,0,2,10,8,7,6,9
6026,3,2,0,2,10,8,7,6,9
6027,3,2,0,2,10,8,7,6,8
6028,3,2,0,2,10,8,7,6,8
6029,3,2,0,1,10,8,7,6,9
6030,3,2,0,1,10,8,7,6,9
6031,3,2,0,1,10,8,7,6,9
6032,3,2,0,1,10,8,7,6,9
6033,3,2,0,1,10,8,7,6,9
6034,3,2,0,2,10,8,7,6,9
6035,3,2,0,2,10,8,7,6,9
6036,3,2,0,2,10,8,7,6,9
6037,3,2,1,2,10,8,7,6,9
6038,3,2,1,2,10,8,7,6,9
6039,3,2,2,2,10,8,7,6,9
6040,3,2,2,2,10,9,8,6,9
6041,3,2,2,2,10,9,8,6,9
6042,3,2,3,2,10,9,8,6,9
6043,3,2,3,2,10,9,8,6,9
6044,3,2,3,2,10,9,8,6,9
6045,3,2,3,2,10,9,8,6,9
6046,3,2,3,2,10,9,8,6,9
6047,3,2,3,2,10,9,8,6,8
6048,3,2,3,2,10,9,8,6,8
6049,3,2,3,2,10,8,8,6,7
6050,3,2,3,2,10,8,8,6,7
6051,3,2,3,2,10,8,8,6,7
6052,3,2,3,1,10,8,8,6,7
6053,3,2,3,1,10,8,8,6,7
6054,3,2,3,1,10,8,8,6,7
6055,3,2,3,1,10,8,8,6,7
6056,3,2,3,1,10,8,8,6,7
6057,3,2,1,0,10,8,8,6,7
6058,3,2,1,0,10,8,8,6,7
6059,3,2,1,0,10,8,8,6,6
6060,3,2,2,0,10,8,8,6,6
6061,3,2,2,0,10,8,8,6,6
6062,3,2,1,0,10,8,8,6,6
6063,3,2,1,0,10,8,8,6,6
6064,3,2,2,0,10,8,8,6,7
6065,3,2,2,0,10,8,8,6,7
6066,3,2,2,0,10,8,8,6,8
6067,3,2,2,0,10,8,8,6,9
6068,3,2,2,0,10,8,8,6,9
6069,3,2,2,1,10,8,8,6,9
6070,3,2,2,1,10,8,8,6,9
6071,3,2,2,1,10,8,8,6,9
6072,3,2,2,1,10,8,8,6,9
6073,3,2,2,1,10,8,8,6,9
6074,3,2,3,1,10,8,8,6,9
6075,3,2,3,1,10,8,8,6,9
6076,3,2,3,1,10,8,8,6,9
6077,3,2,2,1,10,8,7,6,8
6078,3,2,2,1,10,8,7,6,8
6079,3,2,2,1,10,8,7,6,9
6080,3,2,2,1,11,8,7,6,9
6081,3,2,2,1,11,8,7,6,9
6082,3,2,1,1,11,8,8,6,8
6083,3,2,1,1,11,8,8,6,8
6084,3,2,1,1,11,8,8,6,9
6085,3,2,1,1,11,9,8,6,9
6086,3,2,1,1,11,9,8,6,9
6087,3,2,1,1,11,9,8,6,9
6088,3,2,1,1,11,9,8,6,9
6089,3,2,1,1,11,9,8,6,8
6090,3,2,1,1,11,9,8,6,8
6091,3,2,1,1,11,9,8,6,8
6092,3,2,0,0,11,9,8,6,8
6093,3,2,0,0,11,9,8,6,8
6094,3,2,0,1,11,9,8,6,8
6095,3,2,0,1,11,9,8,6,8
6096,3,2,0,1,11,9,8,6,8
6097,3,2,0,1,11,9,8,6,8
6098,3,2,0,1,11,9,8,6,8
6099,3,2,0,1,11,9,8,6,10
6100,3,2,1,1,11,9,8,6,10
6101,3,2,1,1,11,9,8,6,10
6102,3,2,2,1,11,8,8,6,10
6103,3,2,2,1,11,8,8,6,10
6104,3,2,2,1,11,8,8,6,10
6105,3,2,2,1,11,8,8,6,10
6106,3,2,2,1,11,8,8,6,10
6107,3,2,2,1,11,8,8,6,10
6108,3,2,2,1,11,8,8,6,10
6109,3,2,2,1,11,7,8,6,10
6110,3,2,2,1,11,7,8,6,10
6111,3,2,2,1,11,7,8,6,10
6112,3,2,2,1,11,7,8,6,9
6113,3,2,2,1,11,7,8,6,9
6114,3,2,1,1,11,7,8,6,8
6115,3,2,1,1,11,7,8,6,8
6116,3,2,1,1,11,7,8,6,8
6117,3,2,1,0,11,7,8,6,7
6118,3,2,1,0,11,7,8,6,7
6119,3,2,0,0,11,7,8,6,7
6120,3,2,0,0,11,7,8,6,7
6121,3,2,0,0,11,7,8,6,7
6122,3,2,0,0,11,7,8,6,8
6123,3,2,0,0,11,7,8,6,8
6124,3,2,0,0,11,8,7,6,8
6125,3,2,0,0,11,8,7,6,8
6126,3,2,0,0,11,8,7,6,8
6127,3,2,1,0,11,8,8,6,8
6128,3,2,1,0,11,8,8,6,8
6129,3,2,1,0,11,8,8,6,8
6130,3,2,1,0,11,8,8,6,8
6131,3,2,1,0,11,8,8,6,8
6132,3,2,1,0,11,8,8,6,7
6133,3,2,1,0,11,8,8,6,7
6134,3,2,1,0,11,8,7,6,6
6135,3,2,1,0,11,8,7,6,6
6136,3,2,1,0,11,8,7,6,6
6137,3,2,1,0,11,8,7,6,6
6138,3,2,1,0,11,8,7,6,6
6139,3,2,2,0,11,8,8,6,5
6140,3,2,2,0,11,8,8,6,5
6141,3,2,2,0,11,8,8,6,5
6142,3,2,1,0,11,8,7,6,5
6143,3,2,1,0,11,8,7,6,5
6144,3,2,1,0,11,8,7,6,5
6145,3,2,1,0,11,8,7,6,5
6146,3,2,1,0,11,8,7,6,5
6147,3,2,1,0,11,8,7,6,6
6148,3,2,1,0,11,8,7,6,6
6149,3,2,1,0,11,8,7,6,6
6150,3,2,1,0,11,8,7,6,6
6151,3,2,1,0,11,8,7,6,6
6152,3,2,1,0,11,8,8,6,6
6153,3,2,1,0,11,8,8,6,6
6154,3,2,0,0,11,8,8,6,6
6155,3,2,0,0,11,8,8,6,6
6156,3,2,0,0,11,8,8,6,6
6157,3,2,0,0,11,8,8,6,6
6158,3,2,0,0,11,8,8,6,6
6159,3,2,0,0,11,8,8,6,6
6160,3,2,0,0,11,8,8,6,6
6161,3,2,0,0,11,8,8,6,6
6162,3,2,0,0,11,8,8,6,6
6163,3,2,0,0,11,8,8,6,6
6164,3,2,0,0,11,8,8,6,5
6165,3,2,0,0,11,8,8,6,5
6166,3,2,0,0,11,8,8,6,5
6167,3,2,0,0,11,8,8,6,5
6168,3,2,0,0,11,8,8,6,5
6169,3,2,1,0,11,8,9,6,4
6170,3,2,1,0,11,8,9,6,4
6171,3,2,1,0,11,8,9,6,4
6172,3,2,1,0,12,8,9,6,4
6173,3,2,1,0,12,8,9,6,4
6174,3,2,1,0,12,8,9,6,4
6175,3,2,1,0,12,8,9,6,4
6176,3,2,1,0,12,8,9,6,4
6177,3,2,1,0,12,8,9,6,3
6178,3,2,1,0,12,8,9,6,3
6179,3,2,1,0,12,8,9,6,3
6180,3,2,1,0,12,8,9,6,3
6181,3,2,1,0,12,8,9,6,3
6182,3,2,1,0,12,8,9,6,3
6183,3,2,1,0,12,8,9,6,3
6184,3,2,1,0,12,8,9,6,3
6185,3,2,1,0,12,8,9,6,3
6186,3,2,1,0,12,8,9,6,3
6187,3,2,1,0,12,8,9,6,4
6188,3,2,1,0,12,8,9,6,4
6189,3,2,1,0,12,8,9,6,3
6190,3,2,1,0,12,8,9,6,3
6191,3,2,1,0,12,8,9,6,3
6192,3,2,1,0,12,8,9,6,2
6193,3,2,1,0,12,8,9,6,2
6194,3,2,1,0,12,8,9,6,2
6195,3,2,1,0,12,8,9,6,2
6196,3,2,1,0,12,8,9,6,2
6197,3,2,0,0,12,8,9,6,2
6198,3,2,0,0,12,8,9,6,2
6199,3,2,0,0,12,8,9,6,2
6200,3,2,0,0,12,8,9,6,2
6201,3,2,0,0,12,8,9,6,2
6202,3,2,1,0,12,8,9,6,3
6203,3,2,1,0,12,8,9,6,3
6204,3,2,1,0,12,8,9,6,3
6205,3,2,1,0,12,8,9,6,3
6206,3,2,1,0,12,8,9,6,3
6207,3,2,0,0,12,8,9,6,2
6208,3,2,0,0,12,8,9,6,2
6209,3,2,0,0,12,8,9,6,2
6210,3,2,0,0,12,8,9,6,2
6211,3,2,0,0,12,8,9,6,2
6212,3,2,0,0,12,8,9,6,2
6213,3,2,0,0,12,8,9,6,2
6214,3,2,0,0,12,8,9,6,2
6215,3,2,0,0,12,8,9,6,2
6216,3,2,0,0,12,8,9,6,2
6217,3,2,0,0,12,8,9,6,2
6218,3,2,0,0,12,8,9,6,2
6219,3,2,0,0,12,8,9,6,2
6220,3,2,0,0,12,8,9,6,2
6221,3,2,1,0,12,8,9,6,2
6222,3,2,1,0,12,8,9,6,2
6223,3,2,1,0,12,8,9,6,2
6224,3,2,1,0,12,8,9,6,2
6225,3,2,1,0,12,8,9,6,2
6226,3,2,1,0,12,8,9,6,2
6227,3,2,1,0,12,8,9,6,2
6228,3,2,1,0,12,8,9,6,2
6229,3,2,0,0,12,8,9,6,2
6230,3,2,1,0,12,8,9,6,2
6231,3,2,1,0,12,8,9,6,2
6232,3,2,2,0,12,8,9,6,1
6233,3,2,2,0,12,8,9,6,1
6234,3,2,3,0,12,8,9,6,1
6235,3,2,3,0,12,8,9,6,1
6236,3,2,3,0,12,8,9,6,1
6237,3,2,3,0,12,8,9,6,1
6238,3,2,3,0,12,8,9,6,1
6239,3,2,3,0,12,8,9,6,1
6240,3,2,3,0,12,8,9,6,1
6241,3,2,3,0,12,8,9,6,1
6242,3,2,3,0,12,8,9,6,1
6243,3,2,3,0,12,8,9,6,1
6244,3,2,3,0,12,8,9,6,1
6245,3,2,3,0,12,8,9,6,1
6246,3,2,3,0,12,8,9,6,1
6247,3,2,2,0,12,8,9,6,1
6248,3,2,2,0,12,8,9,6,1
6249,3,2,2,0,12,8,9,6,0
6250,3,2,2,0,12,8,9,6,0
6251,3,2,2,0,12,8,9,6,0
6252,3,2,1,0,12,8,9,6,1
6253,3,2,1,0,12,8,9,6,1
6254,3,2,1,0,12,8,9,6,3
6255,3,2,1,0,12,8,9,6,3
6256,3,2,1,0,12,8,9,6,3
6257,3,2,1,0,12,8,9,6,3
6258,3,2,1,0,12,8,9,6,3
6259,3,2,0,0,12,8,9,6,3
6260,3,2,0,0,12,8,9,6,3
6261,3,2,0,0,12,8,9,6,3
6262,3,2,0,0,12,8,9,6,2
6263,3,2,0,0,12,8,9,6,2
6264,3,2,0,0,12,8,9,6,3
6265,3,2,0,0,12,8,9,6,3
6266,3,2,0,0,12,8,9,6,4
6267,3,2,1,0,12,8,9,6,4
6268,3,2,1,0,12,8,9,6,4
6269,3,2,1,0,12,8,9,6,4
6270,3,2,1,0,12,8,9,6,4
6271,3,2,1,0,12,8,9,6,4
6272,3,2,1,0,12,8,9,6,3
6273,3,2,1,0,12,8,9,6,3
6274,3,2,1,0,12,8,9,6,3
6275,3,2,1,0,12,8,9,6,3
6276,3,2,1,0,12,8,9,6,3
6277,3,2,2,0,12,8,9,6,3
6278,3,2,2,0,12,8,9,6,3
6279,3,2,2,0,12,8,9,6,3
6280,3,2,2,0,12,8,9,6,3
6281,3,2,2,0,12,8,9,6,3
6282,3,2,2,0,12,8,9,6,3
6283,3,2,2,0,12,8,9,6,3
6284,3,2,2,0,12,8,9,6,3
6285,3,2,2,0,12,8,9,6,3
6286,3,2,2,0,12,8,9,6,4
6287,3,2,3,0,12,8,9,6,3
6288,3,2,3,0,12,8,9,6,3
6289,3,2,3,0,12,8,9,6,3
6290,3,2,3,0,12,8,10,6,3
6291,3,2,3,0,12,8,10,6,3
6292,3,2,2,0,12,8,10,6,3
6293,3,2,2,0,12,8,10,6,3
6294,3,2,1,0,12,8,10,6,3
6295,3,2,1,0,12,8,10,6,3
6296,3,2,1,0,12,8,10,6,3
6297,3,2,1,0,12,8,10,6,3
6298,3,2,1,0,12,8,10,6,3
6299,3,2,1,0,12,8,10,6,3
6300,3,2,1,0,12,8,10,6,3
6301,3,2,1,0,12,8,10,6,3
6302,3,2,0,0,12,8,10,6,3
6303,3,2,0,0,12,8,10,6,3
6304,3,2,0,0,12,8,10,6,3
6305,3,2,0,0,12,8,10,6,3
6306,3,2,0,0,12,8,10,6,3
6307,3,2,0,0,12,8,10,6,4
6308,3,2,0,0,12,8,10,6,4
6309,3,2,1,0,12,8,10,6,4
6310,3,2,1,0,12,8,10,6,4
6311,3,2,1,0,12,8,10,6,4
6312,3,2,1,0,12,8,10,6,4
6313,3,2,1,0,12,8,10,6,4
6314,3,2,1,0,12,8,10,6,4
6315,3,2,1,0,12,8,10,6,4
6316,3,2,1,0,12,8,10,6,4
6317,3,2,1,0,12,8,10,6,4
6318,3,2,1,0,12,8,10,6,4
6319,3,2,1,0,12,8,10,6,4
6320,3,2,1,0,12,8,10,6,4
6321,3,2,1,0,12,8,10,6,4
6322,3,2,2,0,12,8,10,6,4
6323,3,2,2,0,12,8,10,6,4
6324,3,2,3,0,12,8,10,6,4
6325,3,2,3,0,12,8,10,6,4
6326,3,2,3,0,12,8,10,6,4
6327,3,2,3,0,12,8,10,6,4
6328,3,2,3,0,12,8,10,6,4
6329,3,2,3,0,12,8,10,6,4
6330,3,2,3,0,12,8,10,6,4
6331,3,2,3,0,12,8,10,6,4
6332,3,2,3,0,12,8,10,6,4
6333,3,2,3,0,12,8,10,6,4
6334,3,2,2,0,12,8,10,6,4
6335,3,2,2,0,12,8,10,6,4
6336,3,2,2,0,12,8,10,6,4
6337,3,2,1,0,12,8,10,6,4
6338,3,2,1,0,12,8,10,6,4
6339,3,2,0,0,12,8,10,6,3
6340,3,2,0,0,12,8,10,6,3
6341,3,2,0,0,12,8,10,6,3
6342,3,2,0,0,12,8,10,6,6
6343,3,2,0,0,12,8,10,6,6
6344,3,2,0,0,12,8,10,6,6
6345,3,2,0,0,12,8,10,6,6
6346,3,2,0,0,12,8,10,6,6
6347,3,2,1,0,12,8,10,6,6
6348,3,2,1,0,12,8,10,6,6
6349,3,2,1,0,12,8,10,6,5
6350,3,2,2,0,12,8,10,6,5
6351,3,2,2,0,12,8,10,6,5
6352,3,2,2,0,12,8,10,6,4
6353,3,2,2,0,12,8,10,6,4
6354,3,2,2,0,12,8,10,6,4
6355,3,2,2,0,12,8,10,6,4
6356,3,2,2,0,12,8,10,6,4
6357,3,2,2,0,12,8,10,6,4
6358,3,2,2,0,12,8,10,6,4
6359,3,2,2,0,12,8,10,6,4
6360,3,2,2,0,12,8,10,6,4
6361,3,2,2,0,12,8,10,6,4
6362,3,2,2,0,12,8,10,6,4
6363,3,2,2,0,12,8,10,6,4
6364,3,2,2,0,12,8,10,6,4
6365,3,2,2,0,12,8,10,7,4
6366,3,2,2,0,12,8,10,7,4
6367,3,2,1,0,12,8,10,7,4
6368,3,2,1,0,12,8,10,7,4
6369,3,2,0,0,12,8,10,7,4
6370,3,2,0,0,12,8,10,7,4
6371,3,2,0,0,12,8,10,7,4
6372,3,2,0,0,12,8,10,7,4
6373,3,2,0,0,12,8,10,7,4
6374,3,2,0,0,12,8,10,7,4
6375,3,2,0,0,12,8,10,7,4
6376,3,2,0,0,12,8,10,7,4
6377,3,2,0,0,12,8,10,7,5
6378,3,2,0,0,12,8,10,7,5
6379,3,2,0,0,12,8,10,7,5
6380,3,2,0,0,12,8,10,7,5
6381,3,2,0,0,12,8,10,7,5
6382,3,2,0,0,12,8,10,7,5
6383,3,2,0,0,12,8,10,7,5
6384,3,2,1,0,12,8,10,7,5
6385,3,2,2,0,12,8,10,7,5
6386,3,2,2,0,12,8,10,7,5
6387,3,2,2,0,12,8,10,7,5
6388,3,2,2,0,12,8,10,7,5
6389,3,2,2,0,12,8,10,7,5
6390,3,2,2,0,12,8,10,7,5
6391,3,2,2,0,12,8,10,7,5
6392,3,2,2,0,12,8,10,7,4
6393,3,2,2,0,12,8,10,7,4
6394,3,2,2,0,12,8,10,7,3
6395,3,2,2,0,12,8,10,7,3
6396,3,2,2,0,12,8,10,7,3
6397,3,2,1,0,12,8,10,7,3
6398,3,2,1,0,12,8,10,7,3
6399,3,2,2,0,12,8,10,7,4
6400,3,2,2,0,12,8,10,8,4
6401,3,2,2,0,12,8,10,8,4
6402,3,2,2,0,12,8,10,8,4
6403,3,2,2,0,12,8,10,8,4
6404,3,2,2,0,12,8,10,8,4
6405,3,2,2,0,12,8,10,8,3
6406,3,2,2,0,12,8,10,8,3
6407,3,2,1,0,12,8,10,7,3
6408,3,2,1,0,12,8,10,7,3
6409,3,2,1,0,12,8,10,7,3
6410,3,2,1,0,12,8,10,7,3
6411,3,2,1,0,12,8,10,7,3
6412,3,2,2,0,12,8,10,7,3
6413,3,2,2,0,12,8,10,7,3
6414,3,2,1,0,12,8,10,7,3
6415,3,2,1,0,12,8,10,7,4
6416,3,2,1,0,12,8,10,7,5
6417,3,2,1,0,12,8,10,7,4
6418,3,2,1,0,12,8,10,7,4
6419,3,2,1,0,12,8,10,7,5
6420,3,2,1,0,12,8,10,7,5
6421,3,2,1,0,12,8,10,7,4
6422,3,2,1,0,12,8,10,7,4
6423,3,2,1,0,12,8,10,7,4
6424,3,2,1,0,12,8,10,7,4
6425,3,2,1,0,12,8,10,7,4
6426,3,2,1,0,12,8,10,7,4
6427,3,2,1,0,12,8,11,7,3
6428,3,2,1,0,12,8,11,7,3
6429,3,2,1,0,12,8,11,7,3
6430,3,2,1,0,12,8,11,7,3
6431,3,2,1,0,12,8,11,7,3
6432,3,2,1,0,12,8,11,7,4
6433,3,2,1,0,12,8,11,7,4
6434,3,2,1,0,12,8,11,7,4
6435,3,2,1,0,12,8,11,7,4
6436,3,2,1,0,12,8,11,8,4
6437,3,2,1,0,12,8,11,8,3
6438,3,2,1,0,12,8,11,8,3
6439,3,2,1,0,12,8,11,8,3
6440,3,2,1,0,12,8,11,8,4
6441,3,2,1,0,12,8,11,8,5
6442,3,2,1,0,12,8,11,8,3
6443,3,2,1,0,12,8,11,8,3
6444,3,2,1,0,12,8,11,8,4
6445,3,2,1,0,12,8,11,8,4
6446,3,2,1,0,12,8,11,8,3
6447,3,2,2,0,12,8,11,8,3
6448,3,2,2,0,12,8,11,8,3
6449,3,2,2,0,12,8,11,7,3
6450,3,2,2,0,12,8,11,7,3
6451,3,2,2,0,12,8,11,7,3
6452,3,2,1,0,12,8,11,7,3
6453,3,2,1,0,12,8,11,7,3
6454,3,2,1,0,12,8,11,7,3
6455,3,2,1,0,12,8,11,7,3
6456,3,2,1,0,12,8,11,7,3
6457,2,2,1,0,12,8,11,7,4
6458,2,2,1,0,12,8,11,7,4
6459,1,2,1,0,12,8,11,7,4
6460,1,2,1,0,12,8,11,7,4
6461,1,2,1,0,12,8,11,7,4
6462,1,2,1,0,12,8,11,7,4
6463,1,2,1,0,12,8,11,7,4
6464,1,2,1,0,12,8,11,7,4
6465,1,2,1,0,12,8,11,7,4
6466,1,2,1,0,12,8,11,7,4
6467,1,2,2,0,12,8,11,7,4
6468,1,2,2,0,12,8,11,7,4
6469,1,2,1,0,12,8,11,7,3
6470,1,2,1,0,12,8,11,7,3
6471,1,2,1,0,12,8,11,7,3
6472,1,2,3,0,12,8,11,7,4
6473,1,2,3,0,12,8,11,7,4
6474,1,2,3,0,12,8,11,7,5
6475,1,2,3,0,12,8,11,7,5
6476,1,2,3,0,12,8,11,8,5
6477,1,2,3,0,12,8,11,7,6
6478,1,2,3,0,12,8,11,7,6
6479,1,2,3,0,12,8,11,7,6
6480,0,2,3,0,12,8,11,7,6
6481,0,2,3,0,12,8,11,7,6
6482,0,2,2,0,12,8,11,7,6
6483,0,2,2,0,12,8,11,7,6
6484,1,2,2,0,12,8,11,7,7
6485,1,2,2,0,12,8,11,7,7
6486,1,2,2,0,12,8,11,7,7
6487,3,2,1,0,12,8,11,7,6
6488,3,2,1,0,12,8,11,7,6
6489,2,2,1,0,12,8,11,7,6
6490,2,2,1,0,12,8,11,7,6
6491,2,2,1,0,12,8,11,7,6
6492,2,2,1,0,12,8,11,8,7
6493,2,2,1,0,12,8,11,8,7
6494,2,2,1,0,12,8,11,8,7
6495,2,2,1,0,12,8,12,8,7
6496,2,2,1,0,12,8,12,8,7
6497,2,2,0,1,12,8,12,8,8
6498,2,2,0,1,12,8,12,8,8
6499,2,2,0,1,12,8,12,8,8
6500,2,2,0,1,12,8,12,8,8
6501,2,2,0,1,12,8,12,8,8
6502,2,2,0,1,12,8,12,8,8
6503,2,2,0,1,12,8,12,8,8
6504,2,2,0,1,12,8,12,8,9
6505,2,2,0,1,12,8,12,8,9
6506,2,2,0,1,12,8,12,8,9
6507,2,2,1,1,12,8,12,8,9
6508,2,2,1,1,12,8,12,8,9
6509,2,2,1,1,12,8,12,8,8
6510,2,2,1,1,12,8,12,8,8
6511,2,2,1,1,12,8,12,8,8
6512,2,2,1,1,12,8,12,8,8
6513,2,2,1,1,12,8,12,8,8
6514,1,2,1,1,12,8,12,8,8
6515,1,2,1,1,12,8,12,8,8
6516,1,2,1,1,12,8,12,8,8
6517,1,2,2,1,12,8,12,8,8
6518,1,2,2,1,12,8,12,8,8
6519,1,2,2,1,12,8,12,8,8
6520,1,2,2,1,12,8,12,8,8
6521,1,2,2,1,12,8,12,8,8
6522,1,2,1,1,12,8,12,8,8
6523,2,2,1,1,12,8,12,8,8
6524,2,2,1,1,12,8,13,8,8
6525,2,2,1,1,12,8,13,8,9
6526,2,2,1,1,12,8,13,8,9
6527,2,2,1,1,12,8,13,8,9
6528,2,2,1,1,12,8,13,8,9
6529,2,2,1,1,12,8,13,8,9
6530,1,2,1,1,12,8,13,8,9
6531,1,2,1,1,12,8,13,8,9
6532,1,2,1,1,12,8,13,8,9
6533,1,2,1,1,12,8,13,8,9
6534,1,2,1,1,12,8,13,8,9
6535,1,2,1,2,12,8,13,8,9
6536,1,2,1,2,12,8,13,8,9
6537,1,2,1,2,12,8,13,8,10
6538,1,2,1,2,12,8,13,8,10
6539,1,2,1,2,12,8,13,8,10
6540,1,2,1,2,12,8,13,8,10
6541,1,2,1,2,12,8,13,8,10
6542,1,2,0,2,12,8,13,8,10
6543,1,2,0,2,12,8,13,8,10
6544,1,2,0,2,12,8,13,8,10
6545,0,2,0,2,12,8,13,8,9
6546,0,2,0,2,12,8,13,8,9
6547,0,2,1,2,12,8,13,8,6
6548,0,2,1,2,12,8,13,8,6
6549,0,2,1,2,12,8,13,8,6
6550,0,2,1,2,12,8,13,8,7
6551,0,2,1,2,12,8,13,8,7
6552,0,2,1,2,12,8,13,8,8
6553,1,2,1,2,12,8,13,8,9
6554,1,2,1,2,12,8,13,8,9
6555,1,2,1,2,12,8,13,8,8
6556,1,2,1,2,12,8,13,8,8
6557,1,2,1,2,12,8,13,8,7
6558,1,2,1,2,12,8,13,8,7
6559,1,2,1,2,12,8,13,8,7
6560,1,2,0,2,12,8,13,8,7
6561,1,2,0,2,12,8,13,8,7
6562,1,2,0,2,12,8,13,8,8
6563,2,2,0,2,12,8,13,8,8
6564,2,2,0,2,12,8,13,8,8
6565,2,2,1,2,12,8,13,8,8
6566,2,2,1,2,12,8,13,8,7
6567,2,2,1,2,12,8,13,8,7
6568,2,2,1,2,12,8,13,8,7
6569,2,2,1,2,12,8,13,8,7
6570,2,2,1,2,12,8,13,8,7
6571,2,2,1,2,12,8,13,8,7
6572,2,2,1,2,12,8,13,8,8
6573,2,2,1,2,12,8,13,8,9
6574,2,2,1,2,12,8,13,8,10
6575,2,2,1,2,12,8,13,8,8
6576,2,2,1,2,12,8,13,8,8
6577,1,2,1,2,12,8,13,8,8
6578,1,2,1,2,12,8,13,8,8
6579,1,2,1,2,12,8,13,8,9
6580,1,2,1,2,12,8,13,8,8
6581,1,2,1,2,12,8,13,8,8
6582,1,2,1,2,12,8,13,8,8
6583,1,2,1,2,12,8,13,8,8
6584,1,2,1,2,12,8,13,8,8
6585,1,2,1,2,12,8,13,8,6
6586,1,2,1,2,12,8,13,8,4
6587,0,2,1,2,12,8,13,8,5
6588,1,2,1,2,12,8,13,8,6
6589,1,2,1,2,12,8,13,8,7
6590,1,2,0,2,12,8,13,8,6
6591,1,2,0,2,12,8,13,8,5
6592,1,2,0,2,12,8,12,8,4
6593,1,2,0,2,12,8,12,8,5
6594,1,2,0,2,12,8,12,8,6
6595,3,2,0,2,12,8,11,8,7
6596,3,2,0,2,12,8,11,8,7
6597,3,2,0,2,12,8,11,8,7
6598,3,2,0,2,12,8,12,8,7
6599,3,2,0,2,12,8,12,8,8
6600,2,2,1,2,12,8,13,8,7
6601,2,2,1,2,12,8,12,8,7
6602,2,2,1,2,12,8,13,8,7
6603,2,2,1,2,12,8,13,8,7
6604,2,2,1,2,12,8,13,8,8
6605,2,2,1,2,12,8,12,8,8
6606,2,2,1,2,12,8,12,8,8
6607,2,2,1,2,12,8,11,8,8
6608,2,2,1,2,12,8,11,8,8
6609,2,2,1,2,12,8,11,8,8
6610,2,2,1,2,12,8,11,8,7
6611,2,2,1,2,12,8,11,8,6
6612,2,2,0,2,12,8,12,8,5
6613,2,2,0,2,12,8,12,8,6
6614,2,2,0,2,12,8,12,8,7
6615,1,2,0,2,12,8,11,8,6
6616,1,2,0,2,12,8,11,8,6
6617,0,2,0,2,12,8,11,8,6
6618,0,2,0,2,12,8,11,8,6
6619,0,2,0,2,12,8,11,8,6
6620,0,2,0,2,12,8,11,8,6
6621,0,2,0,2,12,8,11,8,6
6622,0,2,1,2,12,8,12,8,7
6623,0,2,1,2,12,8,12,8,7
6624,0,2,1,2,12,8,12,8,7
6625,0,2,1,2,12,8,13,8,8
6626,0,2,1,2,12,8,13,8,8
6627,0,2,1,2,12,8,11,8,8
6628,0,2,1,2,12,8,11,8,8
6629,0,2,1,2,12,8,11,8,8
6630,1,2,1,2,12,8,12,8,8
6631,1,2,1,2,12,8,12,8,8
6632,1,2,1,2,12,8,12,8,8
6633,2,2,2,2,12,8,12,8,8
6634,2,2,2,2,12,8,12,8,8
6635,3,2,2,2,12,8,11,8,8
6636,3,2,2,2,12,8,11,8,8
6637,3,2,2,2,12,8,11,8,8
6638,3,2,2,2,12,8,11,8,8
6639,3,2,2,2,12,8,11,8,8
6640,3,2,2,2,12,8,11,8,8
6641,3,2,2,2,12,8,11,8,8
6642,3,2,2,2,12,8,12,8,8
6643,3,2,2,2,12,8,12,8,8
6644,3,2,2,2,12,8,12,8,8
6645,3,2,2,2,12,8,11,8,8
6646,3,2,2,2,12,8,11,8,8
6647,3,2,1,2,12,8,12,8,8
6648,4,2,1,2,12,8,12,8,8
6649,4,2,1,2,12,8,12,8,8
6650,2,2,0,2,12,8,10,8,9
6651,2,2,0,2,12,8,10,8,9
6652,0,2,0,2,12,8,10,8,7
6653,0,2,0,2,12,8,10,8,7
6654,0,2,0,2,12,8,11,8,7
6655,0,2,0,2,12,8,11,8,6
6656,0,2,0,2,12,8,11,8,6
6657,0,2,0,2,12,8,12,8,7
6658,0,2,0,2,12,8,12,8,7
6659,0,2,0,2,12,8,12,8,7
6660,0,2,0,2,12,8,11,8,9
6661,0,2,0,2,12,8,11,8,9
6662,0,2,1,2,12,8,11,8,9
6663,1,2,2,2,12,8,11,8,9
6664,1,2,2,2,12,8,11,8,9
6665,1,2,2,2,12,8,12,8,8
6666,1,2,2,2,12,8,12,8,8
6667,1,2,2,2,12,8,11,8,8
6668,1,2,2,2,12,8,11,8,8
6669,1,2,2,2,12,8,12,8,8
6670,1,2,2,2,12,8,12,8,8
6671,1,2,2,2,12,8,12,8,8
6672,1,2,2,2,12,8,11,8,8
6673,2,2,2,2,12,8,11,8,8
6674,2,2,2,2,12,8,11,8,8
6675,3,2,2,2,12,8,12,8,8
6676,3,2,2,2,12,8,12,8,8
6677,2,2,1,2,12,8,13,8,8
6678,2,2,1,2,12,8,13,8,8
6679,2,2,1,2,12,8,13,8,8
6680,2,2,1,2,12,8,13,8,8
6681,2,2,1,2,12,8,13,8,8
6682,2,2,1,2,12,8,13,8,9
6683,2,2,1,2,12,8,12,8,9
6684,2,2,1,2,12,8,12,8,9
6685,2,2,1,2,12,7,12,8,8
6686,2,2,1,2,12,7,13,8,8
6687,2,2,1,2,12,8,12,8,8
6688,2,2,1,2,12,8,12,8,8
6689,2,2,1,2,12,8,12,8,8
6690,0,2,1,2,12,8,12,8,8
6691,0,2,1,2,12,8,12,8,8
6692,0,2,0,2,12,7,12,8,8
6693,0,2,0,2,12,7,12,8,8
6694,0,2,0,2,12,7,12,8,8
6695,0,2,0,2,12,8,12,8,8
6696,0,2,0,2,12,8,12,8,8
6697,0,2,0,2,12,8,11,8,10
6698,0,2,0,2,12,8,11,8,10
6699,0,2,0,2,12,8,11,8,10
6700,2,2,0,2,12,8,11,8,10
6701,2,2,0,2,12,8,11,8,10
6702,2,2,0,2,12,8,12,8,10
6703,3,2,0,2,12,8,12,8,10
6704,3,2,0,2,12,8,12,8,10
6705,3,2,0,2,12,8,11,8,10
6706,3,2,0,2,12,8,11,8,10
6707,3,2,0,2,12,8,11,8,9
6708,3,2,0,2,12,8,11,8,9
6709,3,2,0,2,12,8,11,8,9
6710,3,2,1,2,12,8,11,8,9
6711,3,2,1,2,12,8,11,8,9
6712,2,2,1,2,12,8,10,8,9
6713,2,2,1,2,12,8,10,8,9
6714,2,2,1,2,12,8,10,8,9
6715,2,2,1,2,12,8,10,8,8
6716,2,2,1,2,12,8,10,8,8
6717,1,2,1,2,12,8,10,8,8
6718,1,2,1,2,12,8,10,8,8
6719,1,2,2,2,12,8,10,8,8
6720,0,2,2,2,12,8,10,8,7
6721,0,2,2,2,12,8,10,8,7
6722,0,2,1,2,12,8,10,8,7
6723,0,2,1,2,12,8,10,8,8
6724,0,2,1,2,12,8,10,8,8
6725,0,2,1,2,12,8,10,8,8
6726,0,2,1,2,12,8,10,8,7
6727,0,2,1,2,12,8,10,8,8
6728,0,2,1,2,12,8,10,8,8
6729,0,2,1,2,12,8,10,8,8
6730,1,2,2,2,12,8,10,8,9
6731,1,2,2,2,12,8,10,8,9
6732,1,2,2,2,12,7,10,8,9
6733,2,2,2,2,12,7,10,8,9
6734,2,2,2,2,12,7,10,8,9
6735,2,2,2,2,12,7,10,8,9
6736,2,2,2,2,12,7,10,8,9
6737,2,2,2,2,12,7,11,8,7
6738,2,2,2,2,12,7,11,8,7
6739,2,2,2,2,12,7,11,8,6
6740,3,2,2,2,12,8,11,8,7
6741,3,2,2,2,12,8,11,8,7
6742,3,2,2,2,12,7,11,8,6
6743,3,2,2,2,12,7,11,8,6
6744,3,2,3,2,12,7,11,8,6
6745,2,2,1,2,12,7,11,8,6
6746,2,2,1,2,12,7,11,8,6
6747,2,2,1,2,12,7,11,8,6
6748,2,2,1,2,12,7,11,8,6
6749,2,2,1,2,12,7,11,8,6
6750,1,2,1,3,12,7,11,8,6
6751,1,2,1,3,12,7,11,8,6
6752,1,2,1,2,12,7,11,8,10
6753,1,2,1,2,12,7,11,8,10
6754,1,2,1,2,12,7,11,8,10
6755,0,2,1,2,12,7,10,8,8
6756,0,2,1,2,12,7,10,8,9
6757,0,2,1,2,12,7,10,8,11
6758,0,2,1,2,12,7,10,8,11
6759,0,2,1,2,12,7,10,8,11
6760,0,2,1,2,12,7,10,8,10
6761,0,2,1,2,12,7,10,8,9
6762,0,2,1,2,12,7,10,8,9
6763,1,2,1,2,12,7,10,8,10
6764,1,2,1,2,12,7,10,8,11
6765,1,2,1,2,12,7,10,8,10
6766,1,2,1,2,12,7,10,8,10
6767,1,2,1,2,12,7,10,8,12
6768,1,2,1,2,12,7,10,8,12
6769,1,2,1,3,12,7,10,8,11
6770,1,2,1,3,12,7,10,8,10
6771,1,2,1,3,12,7,10,8,9
6772,1,2,1,2,12,7,10,8,9
6773,2,2,1,2,12,7,10,8,10
6774,2,2,1,2,12,7,10,8,10
6775,2,2,1,2,12,7,10,8,8
6776,2,2,1,2,12,7,10,8,8
6777,1,2,1,2,12,7,11,8,7
6778,1,2,1,2,12,7,11,8,7
6779,1,2,1,2,12,7,11,8,7
6780,1,2,1,2,12,7,10,8,7
6781,1,2,1,2,12,7,10,8,7
6782,1,2,0,2,12,7,11,8,7
6783,1,2,0,2,12,7,11,8,7
6784,1,2,0,2,12,7,11,8,6
6785,1,2,0,2,12,7,10,8,6
6786,1,2,0,2,12,7,10,8,5
6787,1,2,0,2,12,7,10,8,6
6788,1,2,0,2,12,7,10,8,6
6789,1,2,0,2,12,7,10,8,5
6790,0,2,0,2,12,7,11,8,6
6791,0,2,0,2,12,7,11,8,7
6792,0,2,0,2,12,7,12,8,7
6793,0,2,1,2,12,7,12,8,7
6794,0,2,1,2,12,7,12,8,6
6795,0,2,1,2,12,7,11,8,6
6796,0,2,1,2,12,7,11,8,7
6797,0,2,1,2,12,7,11,8,8
6798,0,2,1,2,12,7,11,8,9
6799,0,2,1,2,12,7,11,8,9
6800,0,2,1,2,12,7,11,8,8
6801,0,2,1,2,12,7,11,8,7
6802,0,2,1,2,12,7,11,8,7
6803,1,2,1,2,12,7,11,8,8
6804,1,2,1,2,12,7,11,8,9
6805,1,2,2,2,12,7,11,8,9
6806,1,2,2,2,12,7,11,8,9
6807,1,2,3,2,12,7,10,8,10
6808,1,2,3,3,12,7,10,8,10
6809,1,2,3,3,12,7,10,8,10
6810,2,2,2,3,12,7,10,8,10
6811,2,2,2,3,12,7,10,8,10
6812,2,2,2,2,12,7,10,8,9
6813,2,2,2,2,12,7,10,8,9
6814,2,2,2,2,12,7,10,8,9
6815,1,2,2,2,12,7,10,8,7
6816,1,2,2,2,12,7,10,8,7
6817,1,2,2,2,12,7,10,8,6
6818,1,2,2,2,12,7,10,8,6
6819,1,2,2,3,12,7,10,8,7
6820,1,2,2,2,12,7,10,8,8
6821,1,2,2,2,12,7,10,8,8
6822,1,2,2,2,12,7,9,8,8
6823,1,2,2,2,12,7,9,8,8
6824,1,2,2,2,12,7,10,8,9
6825,2,2,1,1,12,7,10,8,9
6826,2,2,1,1,12,7,10,8,9
6827,0,2,1,2,11,7,10,8,9
6828,0,2,1,2,11,7,10,8,9
6829,0,2,1,2,11,7,10,8,9
6830,0,2,1,1,11,7,10,8,8
6831,0,2,1,1,11,7,10,8,7
6832,0,2,1,2,11,7,10,8,7
6833,0,2,1,2,11,7,10,8,7
6834,0,2,1,2,11,7,10,8,7
6835,0,2,1,2,11,7,10,7,8
6836,0,2,1,2,11,7,10,7,8
6837,0,2,1,2,11,7,10,7,7
6838,2,2,1,2,11,7,10,7,8
6839,2,2,1,2,11,7,10,6,8
6840,3,2,0,2,11,7,10,7,7
6841,3,2,0,2,11,7,10,7,6
6842,3,2,0,2,11,7,10,7,6
6843,3,2,0,2,11,7,10,7,6
6844,3,2,0,2,11,7,10,7,7
6845,4,2,0,2,11,7,10,7,6
6846,4,2,0,2,11,7,10,7,6
6847,4,2,0,2,11,7,11,7,6
6848,4,2,0,2,11,7,11,7,6
6849,4,2,0,2,11,7,11,7,7
6850,3,2,0,2,11,7,10,8,8
6851,3,2,0,2,11,7,10,8,8
6852,1,2,1,2,11,7,10,8,7
6853,1,2,1,2,11,7,10,8,7
6854,1,2,1,2,11,7,10,8,7
6855,1,2,1,2,11,7,10,7,7
6856,1,2,1,2,11,7,10,7,8
6857,1,2,3,2,11,7,10,8,9
6858,1,2,3,2,11,7,10,8,9
6859,1,2,3,3,11,7,10,8,10
6860,0,2,3,2,12,7,10,8,9
6861,0,2,3,2,12,7,10,8,8
6862,0,2,3,2,12,7,10,8,7
6863,0,2,3,2,12,7,10,8,8
6864,0,2,3,2,12,7,10,8,9
6865,0,2,3,2,12,7,9,8,7
6866,0,2,3,2,12,7,9,8,6
6867,0,2,3,2,12,7,9,8,8
6868,1,2,3,2,12,7,9,8,7
6869,1,2,3,3,12,7,9,8,7
6870,1,2,3,2,12,7,9,8,8
6871,1,2,3,2,12,7,9,8,8
6872,1,2,2,1,12,7,10,8,8
6873,1,2,2,1,12,7,10,8,7
6874,1,2,2,2,12,7,10,8,7
6875,1,2,2,2,12,6,10,8,7
6876,1,2,2,2,12,6,10,8,7
6877,1,2,2,2,12,7,11,8,9
6878,1,2,2,2,12,7,11,8,9
6879,1,2,2,2,12,7,11,8,8
6880,1,2,1,1,12,7,11,8,8
6881,1,2,1,1,12,7,11,8,7
6882,1,2,1,2,12,7,11,8,7
6883,1,2,1,2,12,7,11,8,7
6884,1,2,1,2,12,7,11,8,7
6885,1,2,0,2,12,7,11,8,6
6886,1,2,0,2,12,7,11,8,6
6887,1,2,0,2,12,7,11,8,8
6888,1,2,0,2,12,7,11,8,8
6889,1,2,0,2,12,7,11,8,8
6890,2,2,0,2,12,8,11,8,8
6891,2,2,0,2,12,8,11,8,8
6892,2,2,0,1,12,8,11,8,8
6893,2,2,0,1,12,8,11,8,9
6894,2,2,0,1,12,8,11,8,9
6895,2,2,0,2,12,7,11,8,10
6896,2,2,0,2,12,7,11,8,10
6897,1,2,0,2,12,8,11,8,9
6898,1,2,0,2,12,8,11,8,10
6899,1,2,0,2,12,8,11,8,11
6900,1,2,0,1,12,8,12,8,10
6901,1,2,0,1,12,8,12,8,9
6902,0,2,0,2,12,8,11,8,7
6903,0,2,0,2,12,8,11,8,7
6904,0,2,0,2,12,8,11,8,8
6905,0,2,1,1,12,8,12,8,9
6906,0,2,1,1,12,8,12,8,9
6907,0,2,1,2,12,8,13,8,10
6908,0,2,1,2,12,8,13,8,10
6909,0,2,1,2,12,8,13,8,10
6910,0,2,1,1,12,8,13,8,10
6911,0,2,0,1,12,9,13,8,10
6912,0,2,0,1,12,9,13,8,10
6913,1,2,0,1,12,9,13,8,10
6914,1,2,1,2,12,9,13,8,11
6915,1,2,1,2,12,8,13,8,10
6916,1,2,1,2,12,8,13,8,10
6917,1,2,1,1,12,8,13,8,8
6918,1,2,2,1,12,8,13,8,7
6919,1,2,2,1,12,9,13,8,8
6920,2,2,1,1,12,8,13,8,7
6921,2,2,1,1,12,8,13,8,7
6922,2,2,1,0,12,8,13,8,8
6923,2,2,1,0,12,7,13,8,8
6924,2,2,1,1,12,7,13,8,7
6925,2,2,2,1,12,7,13,8,6
6926,2,2,2,1,12,7,13,8,6
6927,1,2,1,1,12,7,13,8,8
6928,1,2,1,1,12,7,13,8,8
6929,1,2,1,1,12,8,13,8,8
6930,1,1,1,1,12,7,13,8,8
6931,1,1,1,1,12,7,13,8,8
6932,1,1,0,1,12,7,13,8,9
6933,1,1,1,1,12,7,13,8,9
6934,1,1,1,1,12,7,13,8,9
6935,0,1,1,1,12,7,12,8,7
6936,0,1,1,1,12,7,12,8,7
6937,0,1,1,1,12,7,12,8,7
6938,0,1,1,1,12,7,12,8,7
6939,0,1,1,1,12,7,12,8,7
6940,0,1,1,1,12,7,12,8,8
6941,0,1,1,1,12,7,12,8,8
6942,0,2,0,1,12,8,12,8,8
6943,0,2,0,1,12,8,12,8,8
6944,0,2,0,1,12,8,12,8,8
6945,0,1,0,1,12,8,10,7,5
6946,0,1,0,1,12,8,10,7,5
6947,0,1,0,1,11,8,10,7,2
6948,0,1,0,1,11,8,10,7,2
6949,0,1,0,1,11,8,10,8,4
6950,0,1,0,1,11,8,10,8,2
6951,0,1,0,1,11,8,10,8,2
6952,0,1,0,1,9,7,9,7,2
6953,0,1,0,1,9,7,9,7,2
6954,0,1,0,1,9,7,9,7,3
6955,0,0,0,0,8,7,5,6,2
6956,0,0,0,0,8,7,5,6,2
6957,0,0,0,0,8,6,4,6,1
6958,0,0,0,0,8,6,4,6,1
6959,0,0,0,0,4,4,1,3,0
6960,0,0,0,0,4,4,1,3,0
6961,0,0,0,0,4,4,1,3,0
6962,0,0,0,0,6,4,3,5,0
6963,0,0,0,0,6,4,3,5,0
6964,0,0,0,0,6,4,3,5,0
6965,0,0,0,0,6,4,3,5,0
6966,0,0,0,0,6,4,3,5,0
6967,0,0,0,0,7,4,1,5,0
6968,0,0,0,0,7,4,1,5,0
6969,0,0,0,0,7,4,1,5,0
6970,0,0,0,0,7,4,1,5,0
6971,0,0,0,0,7,4,1,5,0
6972,0,0,0,0,5,4,1,4,0
6973,0,0,0,0,5,4,1,4,0
6974,0,0,0,0,5,4,1,3,0
6975,0,0,0,0,3,4,0,3,0
6976,0,0,0,0,3,4,0,3,0
6977,0,0,0,0,1,2,0,3,0
6978,0,0,0,0,1,2,0,2,0
6979,0,0,0,0,1,2,0,2,0
6980,0,0,0,0,0,1,0,2,0
6981,0,0,0,0,0,1,0,2,0
6982,0,0,0,0,0,1,0,2,0
6983,0,0,0,0,0,1,0,2,0
6984,0,0,0,0,0,1,0,2,0
6985,0,0,0,0,0,0,0,1,0
6986,0,0,0,0,0,0,0,1,0
6987,0,0,0,0,0,0,0,0,0
6988,0,0,0,0,0,0,0,0,0
6989,0,0,0,0,0,0,0,0,0
6990,0,0,0,0,0,0,0,0,0
6991,0,0,0,0,0,0,0,0,0
6992,0,0,0,0,0,0,0,0,0
6993,0,0,0,0,0,0,0,0,0
6994,0,0,0,0,0,0,0,0,0
6995,0,0,0,0,0,0,0,0,0
6996,0,0,0,0,0,0,0,0,0
6997,0,0,0,0,0,0,0,0,0
6998,0,0,0,0,0,0,0,0,0
6999,0,0,0,0,0,0,0,0,0
7000,0,0,0,0,0,0,0,0,0
7001,0,0,0,0,0,0,0,0,0
7002,0,0,0,0,0,0,0,0,0
7003,0,0,0,0,0,0,0,0,0
7004,0,0,0,0,0,0,0,0,0
7005,0,0,0,0,0,0,0,0,0
7006,0,0,0,0,0,0,0,0,0
7007,0,0,0,0,0,0,0,0,0
7008,0,0,0,0,0,0,0,0,0
7009,0,0,0,0,0,0,0,0,0
7010,0,0,0,0,0,0,0,0,0
7011,0,0,0,0,0,0,0,0,0
7012,0,0,0,0,0,0,0,0,0
7013,0,0,0,0,0,0,0,0,0
7014,0,0,0,0,0,0,0,0,0
7015,0,0,0,0,0,0,0,0,0
7016,0,0,0,0,0,0,0,0,0
7017,0,0,0,0,0,0,0,0,0
7018,0,0,0,0,0,0,0,0,0
7019,0,0,0,0,0,0,0,0,0
7020,0,0,0,0,0,0,0,0,0
7021,0,0,0,0,0,0,0,0,0
7022,0,0,0,0,0,0,0,0,0
7023,0,0,0,0,0,0,0,0,0
7024,0,0,0,0,0,0,0,0,0
7025,0,0,0,0,0,0,0,0,0
7026,0,0,0,0,0,0,0,0,0
7027,0,0,0,0,0,0,0,0,0
7028,0,0,0,0,0,0,0,0,0
7029,0,0,0,0,0,0,0,0,0
7030,0,0,0,0,0,0,0,0,0
7031,0,0,0,0,0,0,0,0,0
7032,0,0,0,0,0,0,0,0,0
7033,0,0,0,0,0,0,0,0,0
7034,0,0,0,0,0,0,0,0,0
7035,0,0,0,0,0,0,0,0,0
7036,0,0,0,0,0,0,0,0,0
7037,0,0,0,0,0,0,0,0,0
7038,0,0,0,0,0,0,0,0,0
7039,0,0,0,0,0,0,0,0,0
7040,0,0,0,0,0,0,0,0,0
7041,0,0,0,0,0,0,0,0,0
7042,0,0,0,0,0,0,0,0,0
7043,0,0,0,0,0,0,0,0,0
7044,0,0,0,0,0,0,0,0,0
7045,0,0,0,0,0,0,0,0,0
7046,0,0,0,0,0,0,0,0,0
7047,0,0,0,0,0,0,0,0,0
7048,0,0,0,0,0,0,0,0,0
7049,0,0,0,0,0,0,0,0,0
7050,0,0,0,0,0,0,0,0,0
7051,0,0,0,0,0,0,0,0,0
7052,0,0,0,0,0,0,0,0,0
7053,0,0,0,0,0,0,0,0,0
7054,0,0,0,0,0,0,0,0,0
7055,0,0,0,0,0,0,0,0,0
7056,0,0,0,0,0,0,0,0,0
7057,0,0,0,0,0,0,0,0,0
7058,0,0,0,0,0,0,0,0,0
7059,0,0,0,0,0,0,0,0,0
7060,0,0,0,0,0,0,0,0,0
7061,0,0,0,0,0,0,0,0,0
7062,0,0,0,0,0,0,0,0,0
7063,0,0,0,0,0,0,0,0,0
7064,0,0,0,0,0,0,0,0,0
7065,0,0,0,0,0,0,0,0,0
7066,0,0,0,0,0,0,0,0,0
7067,0,0,0,0,0,0,0,0,0
7068,0,0,0,0,0,0,0,0,0
7069,0,0,0,0,0,0,0,0,0
7070,0,0,0,0,0,0,0,0,0
7071,0,0,0,0,0,0,0,0,0
7072,0,0,0,0,0,0,0,0,0
7073,0,0,0,0,0,0,0,0,0
7074,0,0,0,0,0,0,0,0,0
7075,0,0,0,0,0,0,0,0,0
7076,0,0,0,0,0,0,0,0,0
7077,0,0,0,0,0,0,0,0,0
7078,0,0,0,0,0,0,0,0,0
7079,0,0,0,0,0,0,0,0,0
7080,0,0,0,0,0,0,0,0,0
7081,0,0,0,0,0,0,0,0,0
7082,0,0,0,0,0,0,0,0,0
7083,0,0,0,0,0,0,0,0,0
7084,0,0,0,0,0,0,0,0,0
7085,0,0,0,0,0,0,0,0,0
7086,0,0,0,0,0,0,0,0,0
7087,0,0,0,0,0,0,0,0,0
7088,0,0,0,0,0,0,0,0,0
7089,0,0,0,0,0,0,0,0,0
7090,0,0,0,0,0,0,0,0,0
7091,0,0,0,0,0,0,0,0,0
7092,0,0,0,0,0,0,0,0,0
7093,0,0,0,0,0,0,0,0,0
7094,0,0,0,0,0,0,0,0,0
